{
"type": "FeatureCollection",
"name": "detected_lakes",
"crs": { "type": "name", "properties": { "name": "urn:ogc:def:crs:OGC:1.3:CRS84" } },
"features": [
{ "type": "Feature", "properties": { "area_m2": 311578.27780222084, "lat": 28.544341997440377, "lon": 85.777333489830198 }, "geometry": { "type": "Polygon", "coordinates": [ [ [ 85.776946828, 28.547950111895709 ], [ 85.776946828, 28.547604463335141 ], [ 85.776554616, 28.547604463335141 ], [ 85.776554616, 28.547258814774576 ], [ 85.77577019200001, 28.547258814774576 ], [ 85.77577019200001, 28.546913166214011 ], [ 85.77537798, 28.546913166214011 ], [ 85.77537798, 28.546567517653447 ], [ 85.774985768, 28.546567517653447 ], [ 85.774985768, 28.545876220532318 ], [ 85.774593556, 28.545876220532318 ], [ 85.774593556, 28.545530571971753 ], [ 85.774201344, 28.545530571971753 ], [ 85.774201344, 28.544147977729494 ], [ 85.774593556, 28.544147977729494 ], [ 85.774593556, 28.543456680608365 ], [ 85.774985768, 28.543456680608365 ], [ 85.774985768, 28.542765383487232 ], [ 85.77537798, 28.542765383487232 ], [ 85.77537798, 28.542419734926668 ], [ 85.77577019200001, 28.542419734926668 ], [ 85.77577019200001, 28.542074086366103 ], [ 85.776162404, 28.542074086366103 ], [ 85.776162404, 28.541728437805538 ], [ 85.776554616, 28.541728437805538 ], [ 85.776554616, 28.541382789244974 ], [ 85.776946828, 28.541382789244974 ], [ 85.776946828, 28.541037140684409 ], [ 85.778907888, 28.541037140684409 ], [ 85.778907888, 28.541382789244974 ], [ 85.779692312, 28.541382789244974 ], [ 85.779692312, 28.542765383487232 ], [ 85.780084524, 28.542765383487232 ], [ 85.780084524, 28.544839274850624 ], [ 85.779692312, 28.544839274850624 ], [ 85.779692312, 28.545876220532318 ], [ 85.7793001, 28.545876220532318 ], [ 85.7793001, 28.546567517653447 ], [ 85.778907888, 28.546567517653447 ], [ 85.778907888, 28.546913166214011 ], [ 85.778515676, 28.546913166214011 ], [ 85.778515676, 28.547258814774576 ], [ 85.778123464, 28.547258814774576 ], [ 85.778123464, 28.547604463335141 ], [ 85.777731252, 28.547604463335141 ], [ 85.777731252, 28.547950111895709 ], [ 85.776946828, 28.547950111895709 ] ] ] } },
{ "type": "Feature", "properties": { "area_m2": 1469.851125963763, "lat": 28.53671653367735, "lon": 85.733607402000018 }, "geometry": { "type": "Polygon", "coordinates": [ [ [ 85.733411296, 28.53688935795763 ], [ 85.733411296, 28.536543709397066 ], [ 85.733803508, 28.536543709397066 ], [ 85.733803508, 28.53688935795763 ], [ 85.733411296, 28.53688935795763 ] ] ] } },
{ "type": "Feature", "properties": { "area_m2": 685852.15479852457, "lat": 28.457316015516859, "lon": 84.988593974746806 }, "geometry": { "type": "Polygon", "coordinates": [ [ [ 84.986639648, 28.463266214557304 ], [ 84.986639648, 28.46292056599674 ], [ 84.986247436, 28.46292056599674 ], [ 84.986247436, 28.462574917436175 ], [ 84.985855224, 28.462574917436175 ], [ 84.985855224, 28.461883620315046 ], [ 84.985463012, 28.461883620315046 ], [ 84.985463012, 28.460846674633348 ], [ 84.9850708, 28.460846674633348 ], [ 84.9850708, 28.458081486148831 ], [ 84.984678588, 28.458081486148831 ], [ 84.984678588, 28.455661946224875 ], [ 84.9850708, 28.455661946224875 ], [ 84.9850708, 28.454625000543182 ], [ 84.985463012, 28.454625000543182 ], [ 84.985463012, 28.453933703422052 ], [ 84.985855224, 28.453933703422052 ], [ 84.985855224, 28.452551109179794 ], [ 84.986247436, 28.452551109179794 ], [ 84.986247436, 28.450822866376967 ], [ 84.98703186, 28.450822866376967 ], [ 84.98703186, 28.451859812058661 ], [ 84.987424072, 28.451859812058661 ], [ 84.987424072, 28.452551109179794 ], [ 84.987816284, 28.452551109179794 ], [ 84.987816284, 28.453242406300923 ], [ 84.988208496, 28.453242406300923 ], [ 84.988208496, 28.453588054861488 ], [ 84.988600708, 28.453588054861488 ], [ 84.988600708, 28.453933703422052 ], [ 84.98899292, 28.453933703422052 ], [ 84.98899292, 28.454279351982617 ], [ 84.98938513200001, 28.454279351982617 ], [ 84.98938513200001, 28.454625000543182 ], [ 84.990561768, 28.454625000543182 ], [ 84.990561768, 28.454279351982617 ], [ 84.991738404, 28.454279351982617 ], [ 84.991738404, 28.453933703422052 ], [ 84.992130616, 28.453933703422052 ], [ 84.992130616, 28.453588054861488 ], [ 84.993307252, 28.453588054861488 ], [ 84.993307252, 28.454625000543182 ], [ 84.993699464, 28.454625000543182 ], [ 84.993699464, 28.455316297664311 ], [ 84.994091676, 28.455316297664311 ], [ 84.994091676, 28.455661946224875 ], [ 84.994483888, 28.455661946224875 ], [ 84.994483888, 28.45600759478544 ], [ 84.9948761, 28.45600759478544 ], [ 84.9948761, 28.456698891906569 ], [ 84.994483888, 28.456698891906569 ], [ 84.994483888, 28.457044540467137 ], [ 84.993699464, 28.457044540467137 ], [ 84.993699464, 28.457390189027702 ], [ 84.99291504, 28.457390189027702 ], [ 84.99291504, 28.457735837588267 ], [ 84.991738404, 28.457735837588267 ], [ 84.991738404, 28.458081486148831 ], [ 84.991346192, 28.458081486148831 ], [ 84.991346192, 28.458427134709396 ], [ 84.990561768, 28.458427134709396 ], [ 84.990561768, 28.458772783269961 ], [ 84.990169556, 28.458772783269961 ], [ 84.990169556, 28.461537971754481 ], [ 84.989777344, 28.461537971754481 ], [ 84.989777344, 28.46222926887561 ], [ 84.98899292, 28.46222926887561 ], [ 84.98899292, 28.462574917436175 ], [ 84.988208496, 28.462574917436175 ], [ 84.988208496, 28.46292056599674 ], [ 84.98703186, 28.46292056599674 ], [ 84.98703186, 28.463266214557304 ], [ 84.986639648, 28.463266214557304 ] ] ] } },
{ "type": "Feature", "properties": { "area_m2": 27973.394852694204, "lat": 28.434277215543609, "lon": 84.85635301442106 }, "geometry": { "type": "Polygon", "coordinates": [ [ [ 84.854464204, 28.43492303259098 ], [ 84.854464204, 28.434577384030415 ], [ 84.854856416, 28.434577384030415 ], [ 84.854856416, 28.433886086909286 ], [ 84.858386324, 28.433886086909286 ], [ 84.858386324, 28.434231735469851 ], [ 84.857994112, 28.434231735469851 ], [ 84.857994112, 28.434577384030415 ], [ 84.855248628, 28.434577384030415 ], [ 84.855248628, 28.43492303259098 ], [ 84.854464204, 28.43492303259098 ] ] ] } },
{ "type": "Feature", "properties": { "area_m2": 6586359.0735669835, "lat": 28.44668056890897, "lon": 84.843871324069809 }, "geometry": { "type": "Polygon", "coordinates": [ [ [ 84.8379913, 28.46292056599674 ], [ 84.8379913, 28.462574917436175 ], [ 84.837206876, 28.462574917436175 ], [ 84.837206876, 28.46222926887561 ], [ 84.836422452, 28.46222926887561 ], [ 84.836422452, 28.461883620315046 ], [ 84.834853604, 28.461883620315046 ], [ 84.834853604, 28.461537971754481 ], [ 84.83406918, 28.461537971754481 ], [ 84.83406918, 28.461192323193917 ], [ 84.833676968, 28.461192323193917 ], [ 84.833676968, 28.460501026072784 ], [ 84.833284756, 28.460501026072784 ], [ 84.833284756, 28.456698891906569 ], [ 84.832892544, 28.456698891906569 ], [ 84.832892544, 28.45600759478544 ], [ 84.833284756, 28.45600759478544 ], [ 84.833284756, 28.452205460619226 ], [ 84.832892544, 28.452205460619226 ], [ 84.832892544, 28.450822866376967 ], [ 84.832500332, 28.450822866376967 ], [ 84.832500332, 28.447712029331882 ], [ 84.832892544, 28.447712029331882 ], [ 84.832892544, 28.445983786529059 ], [ 84.833284756, 28.445983786529059 ], [ 84.833284756, 28.4446011922868 ], [ 84.833676968, 28.4446011922868 ], [ 84.833676968, 28.439762112438892 ], [ 84.833284756, 28.439762112438892 ], [ 84.833284756, 28.439070815317759 ], [ 84.832892544, 28.439070815317759 ], [ 84.832892544, 28.438725166757195 ], [ 84.832500332, 28.438725166757195 ], [ 84.832500332, 28.43837951819663 ], [ 84.83210812, 28.43837951819663 ], [ 84.83210812, 28.437688221075501 ], [ 84.831715908, 28.437688221075501 ], [ 84.831715908, 28.437342572514936 ], [ 84.831323696, 28.437342572514936 ], [ 84.831323696, 28.435959978272678 ], [ 84.831715908, 28.435959978272678 ], [ 84.831715908, 28.43492303259098 ], [ 84.83210812, 28.43492303259098 ], [ 84.83210812, 28.434577384030415 ], [ 84.832500332, 28.434577384030415 ], [ 84.832500332, 28.433886086909286 ], [ 84.832892544, 28.433886086909286 ], [ 84.832892544, 28.433540438348722 ], [ 84.833676968, 28.433540438348722 ], [ 84.833676968, 28.433194789788157 ], [ 84.83406918, 28.433194789788157 ], [ 84.83406918, 28.432849141227592 ], [ 84.834461392, 28.432849141227592 ], [ 84.834461392, 28.432503492667028 ], [ 84.834853604, 28.432503492667028 ], [ 84.834853604, 28.431812195545898 ], [ 84.835245816, 28.431812195545898 ], [ 84.835245816, 28.431466546985334 ], [ 84.835638028, 28.431466546985334 ], [ 84.835638028, 28.430083952743072 ], [ 84.837599088, 28.430083952743072 ], [ 84.837599088, 28.431812195545898 ], [ 84.838383512, 28.431812195545898 ], [ 84.838383512, 28.432157844106463 ], [ 84.839167936, 28.432157844106463 ], [ 84.839167936, 28.432503492667028 ], [ 84.83995236, 28.432503492667028 ], [ 84.83995236, 28.432849141227592 ], [ 84.841128996, 28.432849141227592 ], [ 84.841128996, 28.433194789788157 ], [ 84.842697844, 28.433194789788157 ], [ 84.842697844, 28.432849141227592 ], [ 84.843090056, 28.432849141227592 ], [ 84.843090056, 28.433194789788157 ], [ 84.843482268, 28.433194789788157 ], [ 84.843482268, 28.433540438348722 ], [ 84.84387448, 28.433540438348722 ], [ 84.84387448, 28.433886086909286 ], [ 84.844266692, 28.433886086909286 ], [ 84.844266692, 28.434231735469851 ], [ 84.845051116, 28.434231735469851 ], [ 84.845051116, 28.434577384030415 ], [ 84.845443328, 28.434577384030415 ], [ 84.845443328, 28.434231735469851 ], [ 84.84583554, 28.434231735469851 ], [ 84.84583554, 28.433886086909286 ], [ 84.846227752, 28.433886086909286 ], [ 84.846227752, 28.432849141227592 ], [ 84.846619964, 28.432849141227592 ], [ 84.846619964, 28.432157844106463 ], [ 84.847012176, 28.432157844106463 ], [ 84.847012176, 28.431466546985334 ], [ 84.847404388, 28.431466546985334 ], [ 84.847404388, 28.431120898424769 ], [ 84.8477966, 28.431120898424769 ], [ 84.8477966, 28.430775249864205 ], [ 84.848188812, 28.430775249864205 ], [ 84.848188812, 28.430429601303636 ], [ 84.848973236, 28.430429601303636 ], [ 84.848973236, 28.430775249864205 ], [ 84.849365448, 28.430775249864205 ], [ 84.849365448, 28.431120898424769 ], [ 84.84975766, 28.431120898424769 ], [ 84.84975766, 28.432157844106463 ], [ 84.850149872, 28.432157844106463 ], [ 84.850149872, 28.434577384030415 ], [ 84.850542084, 28.434577384030415 ], [ 84.850542084, 28.435268681151548 ], [ 84.850934296, 28.435268681151548 ], [ 84.850934296, 28.435959978272678 ], [ 84.851326508, 28.435959978272678 ], [ 84.851326508, 28.436305626833242 ], [ 84.85171872, 28.436305626833242 ], [ 84.85171872, 28.436996923954371 ], [ 84.852110932, 28.436996923954371 ], [ 84.852110932, 28.437342572514936 ], [ 84.852895356, 28.437342572514936 ], [ 84.852895356, 28.437688221075501 ], [ 84.853287568, 28.437688221075501 ], [ 84.853287568, 28.438033869636065 ], [ 84.85367978, 28.438033869636065 ], [ 84.85367978, 28.438725166757195 ], [ 84.854071992, 28.438725166757195 ], [ 84.854071992, 28.439762112438892 ], [ 84.854464204, 28.439762112438892 ], [ 84.854464204, 28.443218598044538 ], [ 84.854856416, 28.443218598044538 ], [ 84.854856416, 28.443564246605103 ], [ 84.856033052, 28.443564246605103 ], [ 84.856033052, 28.443909895165671 ], [ 84.856425264, 28.443909895165671 ], [ 84.856425264, 28.444255543726236 ], [ 84.857209688, 28.444255543726236 ], [ 84.857209688, 28.4446011922868 ], [ 84.858778536, 28.4446011922868 ], [ 84.858778536, 28.444255543726236 ], [ 84.859170748, 28.444255543726236 ], [ 84.859170748, 28.443909895165671 ], [ 84.85956296, 28.443909895165671 ], [ 84.85956296, 28.443564246605103 ], [ 84.859955172, 28.443564246605103 ], [ 84.859955172, 28.442872949483974 ], [ 84.860347384, 28.442872949483974 ], [ 84.860347384, 28.442181652362844 ], [ 84.861916232, 28.442181652362844 ], [ 84.861916232, 28.444946840847365 ], [ 84.86152402, 28.444946840847365 ], [ 84.86152402, 28.44529248940793 ], [ 84.861131808, 28.44529248940793 ], [ 84.861131808, 28.445638137968494 ], [ 84.860347384, 28.445638137968494 ], [ 84.860347384, 28.445983786529059 ], [ 84.859955172, 28.445983786529059 ], [ 84.859955172, 28.446329435089623 ], [ 84.85956296, 28.446329435089623 ], [ 84.85956296, 28.446675083650188 ], [ 84.859170748, 28.446675083650188 ], [ 84.859170748, 28.447020732210753 ], [ 84.858778536, 28.447020732210753 ], [ 84.858778536, 28.447712029331882 ], [ 84.858386324, 28.447712029331882 ], [ 84.858386324, 28.448403326453015 ], [ 84.857994112, 28.448403326453015 ], [ 84.857994112, 28.448748975013579 ], [ 84.8576019, 28.448748975013579 ], [ 84.8576019, 28.449440272134709 ], [ 84.857209688, 28.449440272134709 ], [ 84.857209688, 28.450477217816402 ], [ 84.856817476, 28.450477217816402 ], [ 84.856817476, 28.452551109179794 ], [ 84.856425264, 28.452551109179794 ], [ 84.856425264, 28.452896757740358 ], [ 84.856033052, 28.452896757740358 ], [ 84.856033052, 28.453242406300923 ], [ 84.854071992, 28.453242406300923 ], [ 84.854071992, 28.453588054861488 ], [ 84.852110932, 28.453588054861488 ], [ 84.852110932, 28.453933703422052 ], [ 84.851326508, 28.453933703422052 ], [ 84.851326508, 28.454279351982617 ], [ 84.850934296, 28.454279351982617 ], [ 84.850934296, 28.454625000543182 ], [ 84.850149872, 28.454625000543182 ], [ 84.850149872, 28.454970649103746 ], [ 84.848581024, 28.454970649103746 ], [ 84.848581024, 28.455316297664311 ], [ 84.8477966, 28.455316297664311 ], [ 84.8477966, 28.455661946224875 ], [ 84.847404388, 28.455661946224875 ], [ 84.847404388, 28.45600759478544 ], [ 84.847012176, 28.45600759478544 ], [ 84.847012176, 28.457735837588267 ], [ 84.847404388, 28.457735837588267 ], [ 84.847404388, 28.458081486148831 ], [ 84.852110932, 28.458081486148831 ], [ 84.852110932, 28.457735837588267 ], [ 84.854856416, 28.457735837588267 ], [ 84.854856416, 28.45946408039109 ], [ 84.854464204, 28.45946408039109 ], [ 84.854464204, 28.459809728951655 ], [ 84.852895356, 28.459809728951655 ], [ 84.852895356, 28.460155377512219 ], [ 84.851326508, 28.460155377512219 ], [ 84.851326508, 28.460501026072784 ], [ 84.850542084, 28.460501026072784 ], [ 84.850542084, 28.460846674633348 ], [ 84.84975766, 28.460846674633348 ], [ 84.84975766, 28.461192323193917 ], [ 84.848973236, 28.461192323193917 ], [ 84.848973236, 28.461537971754481 ], [ 84.848188812, 28.461537971754481 ], [ 84.848188812, 28.461883620315046 ], [ 84.8477966, 28.461883620315046 ], [ 84.8477966, 28.46222926887561 ], [ 84.846619964, 28.46222926887561 ], [ 84.846619964, 28.462574917436175 ], [ 84.84387448, 28.462574917436175 ], [ 84.84387448, 28.46222926887561 ], [ 84.843482268, 28.46222926887561 ], [ 84.843482268, 28.461883620315046 ], [ 84.843090056, 28.461883620315046 ], [ 84.843090056, 28.461537971754481 ], [ 84.842697844, 28.461537971754481 ], [ 84.842697844, 28.460155377512219 ], [ 84.842305632, 28.460155377512219 ], [ 84.842305632, 28.460846674633348 ], [ 84.84191342, 28.460846674633348 ], [ 84.84191342, 28.461883620315046 ], [ 84.841521208, 28.461883620315046 ], [ 84.841521208, 28.46222926887561 ], [ 84.841128996, 28.46222926887561 ], [ 84.841128996, 28.462574917436175 ], [ 84.840344572, 28.462574917436175 ], [ 84.840344572, 28.46292056599674 ], [ 84.8379913, 28.46292056599674 ] ], [ [ 84.842697844, 28.460155377512219 ], [ 84.84583554, 28.460155377512219 ], [ 84.84583554, 28.459809728951655 ], [ 84.846227752, 28.459809728951655 ], [ 84.846227752, 28.45946408039109 ], [ 84.846619964, 28.45946408039109 ], [ 84.846619964, 28.458772783269961 ], [ 84.846227752, 28.458772783269961 ], [ 84.846227752, 28.458427134709396 ], [ 84.844658904, 28.458427134709396 ], [ 84.844658904, 28.458081486148831 ], [ 84.84387448, 28.458081486148831 ], [ 84.84387448, 28.456353243346005 ], [ 84.843482268, 28.456353243346005 ], [ 84.843482268, 28.455661946224875 ], [ 84.843090056, 28.455661946224875 ], [ 84.843090056, 28.455316297664311 ], [ 84.84191342, 28.455316297664311 ], [ 84.84191342, 28.455661946224875 ], [ 84.841521208, 28.455661946224875 ], [ 84.841521208, 28.456353243346005 ], [ 84.841128996, 28.456353243346005 ], [ 84.841128996, 28.457044540467137 ], [ 84.841521208, 28.457044540467137 ], [ 84.841521208, 28.458427134709396 ], [ 84.84191342, 28.458427134709396 ], [ 84.84191342, 28.458772783269961 ], [ 84.842305632, 28.458772783269961 ], [ 84.842305632, 28.459118431830525 ], [ 84.842697844, 28.459118431830525 ], [ 84.842697844, 28.460155377512219 ] ], [ [ 84.842305632, 28.447020732210753 ], [ 84.842697844, 28.447020732210753 ], [ 84.842697844, 28.446329435089623 ], [ 84.843090056, 28.446329435089623 ], [ 84.843090056, 28.445638137968494 ], [ 84.843482268, 28.445638137968494 ], [ 84.843482268, 28.444946840847365 ], [ 84.843090056, 28.444946840847365 ], [ 84.843090056, 28.443564246605103 ], [ 84.842697844, 28.443564246605103 ], [ 84.842697844, 28.442872949483974 ], [ 84.84191342, 28.442872949483974 ], [ 84.84191342, 28.443564246605103 ], [ 84.841521208, 28.443564246605103 ], [ 84.841521208, 28.444946840847365 ], [ 84.841128996, 28.444946840847365 ], [ 84.841128996, 28.44529248940793 ], [ 84.841521208, 28.44529248940793 ], [ 84.841521208, 28.445638137968494 ], [ 84.84191342, 28.445638137968494 ], [ 84.84191342, 28.446675083650188 ], [ 84.842305632, 28.446675083650188 ], [ 84.842305632, 28.447020732210753 ] ] ] } },
{ "type": "Feature", "properties": { "area_m2": 116273.06091387985, "lat": 28.422919401883249, "lon": 85.33522923359493 }, "geometry": { "type": "Polygon", "coordinates": [ [ [ 85.334531692, 28.425590521455728 ], [ 85.334531692, 28.424899224334599 ], [ 85.33413948, 28.424899224334599 ], [ 85.33413948, 28.42420792721347 ], [ 85.333747268, 28.42420792721347 ], [ 85.333747268, 28.422134035850078 ], [ 85.33413948, 28.422134035850078 ], [ 85.33413948, 28.421097090168384 ], [ 85.334531692, 28.421097090168384 ], [ 85.334531692, 28.42075144160782 ], [ 85.33570832800001, 28.42075144160782 ], [ 85.33570832800001, 28.421097090168384 ], [ 85.336492752, 28.421097090168384 ], [ 85.336492752, 28.421788387289514 ], [ 85.336884964, 28.421788387289514 ], [ 85.336884964, 28.42351663009234 ], [ 85.336492752, 28.42351663009234 ], [ 85.336492752, 28.423862278652905 ], [ 85.33610054, 28.423862278652905 ], [ 85.33610054, 28.424553575774034 ], [ 85.33570832800001, 28.424553575774034 ], [ 85.33570832800001, 28.424899224334599 ], [ 85.335316116, 28.424899224334599 ], [ 85.335316116, 28.425244872895163 ], [ 85.334923904, 28.425244872895163 ], [ 85.334923904, 28.425590521455728 ], [ 85.334531692, 28.425590521455728 ] ] ] } },
{ "type": "Feature", "properties": { "area_m2": 76541.224428251749, "lat": 28.409491275038647, "lon": 85.376422950615407 }, "geometry": { "type": "Polygon", "coordinates": [ [ [ 85.37532174, 28.411418930472568 ], [ 85.37532174, 28.410381984790874 ], [ 85.37492952800001, 28.410381984790874 ], [ 85.37492952800001, 28.408653741988047 ], [ 85.37532174, 28.408653741988047 ], [ 85.37532174, 28.408308093427483 ], [ 85.375713952, 28.408308093427483 ], [ 85.375713952, 28.407962444866918 ], [ 85.376106164, 28.407962444866918 ], [ 85.376106164, 28.408308093427483 ], [ 85.3772828, 28.408308093427483 ], [ 85.3772828, 28.408653741988047 ], [ 85.378067224, 28.408653741988047 ], [ 85.378067224, 28.408999390548612 ], [ 85.378851648, 28.408999390548612 ], [ 85.378851648, 28.40934503910918 ], [ 85.378459436, 28.40934503910918 ], [ 85.378459436, 28.409690687669745 ], [ 85.377675012, 28.409690687669745 ], [ 85.377675012, 28.410036336230309 ], [ 85.3772828, 28.410036336230309 ], [ 85.3772828, 28.410381984790874 ], [ 85.376498376, 28.410381984790874 ], [ 85.376498376, 28.410727633351438 ], [ 85.376106164, 28.410727633351438 ], [ 85.376106164, 28.411073281912003 ], [ 85.375713952, 28.411073281912003 ], [ 85.375713952, 28.411418930472568 ], [ 85.37532174, 28.411418930472568 ] ] ] } },
{ "type": "Feature", "properties": { "area_m2": 256152.7624999781, "lat": 28.39412061055647, "lon": 85.388611866160957 }, "geometry": { "type": "Polygon", "coordinates": [ [ [ 85.387872524, 28.397938636610537 ], [ 85.387872524, 28.397592988049972 ], [ 85.387480312, 28.397592988049972 ], [ 85.387480312, 28.396901690928843 ], [ 85.3870881, 28.396901690928843 ], [ 85.3870881, 28.393790853883758 ], [ 85.386695888, 28.393790853883758 ], [ 85.386695888, 28.393445205323193 ], [ 85.386303676, 28.393445205323193 ], [ 85.386303676, 28.393099556762628 ], [ 85.38512704, 28.393099556762628 ], [ 85.38512704, 28.391025665399237 ], [ 85.385519252, 28.391025665399237 ], [ 85.385519252, 28.390680016838672 ], [ 85.386303676, 28.390680016838672 ], [ 85.386303676, 28.391025665399237 ], [ 85.3870881, 28.391025665399237 ], [ 85.3870881, 28.391716962520366 ], [ 85.387480312, 28.391716962520366 ], [ 85.387480312, 28.392753908202064 ], [ 85.387872524, 28.392753908202064 ], [ 85.387872524, 28.393445205323193 ], [ 85.38904916, 28.393445205323193 ], [ 85.38904916, 28.393099556762628 ], [ 85.389833584, 28.393099556762628 ], [ 85.389833584, 28.392408259641499 ], [ 85.39022579600001, 28.392408259641499 ], [ 85.39022579600001, 28.392062611080934 ], [ 85.390618008, 28.392062611080934 ], [ 85.390618008, 28.391716962520366 ], [ 85.391794644, 28.391716962520366 ], [ 85.391794644, 28.392062611080934 ], [ 85.392186856, 28.392062611080934 ], [ 85.392186856, 28.393445205323193 ], [ 85.391794644, 28.393445205323193 ], [ 85.391794644, 28.393790853883758 ], [ 85.391402432, 28.393790853883758 ], [ 85.391402432, 28.394136502444322 ], [ 85.39101022, 28.394136502444322 ], [ 85.39101022, 28.394827799565451 ], [ 85.390618008, 28.394827799565451 ], [ 85.390618008, 28.395864745247145 ], [ 85.39022579600001, 28.395864745247145 ], [ 85.39022579600001, 28.396556042368278 ], [ 85.389833584, 28.396556042368278 ], [ 85.389833584, 28.396901690928843 ], [ 85.389441372, 28.396901690928843 ], [ 85.389441372, 28.397247339489407 ], [ 85.38904916, 28.397247339489407 ], [ 85.38904916, 28.397592988049972 ], [ 85.388656948, 28.397592988049972 ], [ 85.388656948, 28.397938636610537 ], [ 85.387872524, 28.397938636610537 ] ] ] } },
{ "type": "Feature", "properties": { "area_m2": 14016321.482818903, "lat": 28.408191280040803, "lon": 85.350784558560022 }, "geometry": { "type": "Polygon", "coordinates": [ [ [ 85.35375008, 28.429392655621943 ], [ 85.35375008, 28.429047007061378 ], [ 85.353357868, 28.429047007061378 ], [ 85.353357868, 28.428355709940249 ], [ 85.352573444, 28.428355709940249 ], [ 85.352573444, 28.428010061379684 ], [ 85.35100459600001, 28.428010061379684 ], [ 85.35100459600001, 28.427664412819119 ], [ 85.350220172, 28.427664412819119 ], [ 85.350220172, 28.427318764258555 ], [ 85.34982796, 28.427318764258555 ], [ 85.34982796, 28.42697311569799 ], [ 85.349043536, 28.42697311569799 ], [ 85.349043536, 28.426627467137425 ], [ 85.348259112, 28.426627467137425 ], [ 85.348259112, 28.426281818576857 ], [ 85.347474688, 28.426281818576857 ], [ 85.347474688, 28.425936170016293 ], [ 85.346298052, 28.425936170016293 ], [ 85.346298052, 28.425244872895163 ], [ 85.34590584, 28.425244872895163 ], [ 85.34590584, 28.424899224334599 ], [ 85.345513628, 28.424899224334599 ], [ 85.345513628, 28.42420792721347 ], [ 85.345121416, 28.42420792721347 ], [ 85.345121416, 28.42351663009234 ], [ 85.344729204, 28.42351663009234 ], [ 85.344729204, 28.422825332971211 ], [ 85.343552568, 28.422825332971211 ], [ 85.343552568, 28.423170981531776 ], [ 85.343160356, 28.423170981531776 ], [ 85.343160356, 28.423862278652905 ], [ 85.342768144, 28.423862278652905 ], [ 85.342768144, 28.424553575774034 ], [ 85.34237593200001, 28.424553575774034 ], [ 85.34237593200001, 28.424899224334599 ], [ 85.34198372, 28.424899224334599 ], [ 85.34198372, 28.425244872895163 ], [ 85.341591508, 28.425244872895163 ], [ 85.341591508, 28.425590521455728 ], [ 85.340807084, 28.425590521455728 ], [ 85.340807084, 28.424899224334599 ], [ 85.340414872, 28.424899224334599 ], [ 85.340414872, 28.423862278652905 ], [ 85.34002266, 28.423862278652905 ], [ 85.34002266, 28.423170981531776 ], [ 85.339630448, 28.423170981531776 ], [ 85.339630448, 28.422479684410646 ], [ 85.34002266, 28.422479684410646 ], [ 85.34002266, 28.421097090168384 ], [ 85.340414872, 28.421097090168384 ], [ 85.340414872, 28.42075144160782 ], [ 85.340807084, 28.42075144160782 ], [ 85.340807084, 28.420405793047255 ], [ 85.340414872, 28.420405793047255 ], [ 85.340414872, 28.42006014448669 ], [ 85.339630448, 28.42006014448669 ], [ 85.339630448, 28.419714495926126 ], [ 85.338846024, 28.419714495926126 ], [ 85.338846024, 28.419368847365561 ], [ 85.337669388, 28.419368847365561 ], [ 85.337669388, 28.419714495926126 ], [ 85.336884964, 28.419714495926126 ], [ 85.336884964, 28.42006014448669 ], [ 85.334531692, 28.42006014448669 ], [ 85.334531692, 28.419714495926126 ], [ 85.33413948, 28.419714495926126 ], [ 85.33413948, 28.419368847365561 ], [ 85.333747268, 28.419368847365561 ], [ 85.333747268, 28.419023198804997 ], [ 85.33217842, 28.419023198804997 ], [ 85.33217842, 28.419368847365561 ], [ 85.331001784, 28.419368847365561 ], [ 85.331001784, 28.419714495926126 ], [ 85.33021736, 28.419714495926126 ], [ 85.33021736, 28.402777716458445 ], [ 85.331786208, 28.402777716458445 ], [ 85.331786208, 28.40243206789788 ], [ 85.33217842, 28.40243206789788 ], [ 85.33217842, 28.401740770776751 ], [ 85.332570632, 28.401740770776751 ], [ 85.332570632, 28.401395122216186 ], [ 85.332962844, 28.401395122216186 ], [ 85.332962844, 28.401049473655622 ], [ 85.333355056, 28.401049473655622 ], [ 85.333355056, 28.400703825095057 ], [ 85.332570632, 28.400703825095057 ], [ 85.332570632, 28.400012527973924 ], [ 85.33217842, 28.400012527973924 ], [ 85.33217842, 28.39966687941336 ], [ 85.331786208, 28.39966687941336 ], [ 85.331786208, 28.399321230852795 ], [ 85.33021736, 28.399321230852795 ], [ 85.33021736, 28.396556042368278 ], [ 85.331786208, 28.396556042368278 ], [ 85.331786208, 28.395519096686581 ], [ 85.33217842, 28.395519096686581 ], [ 85.33217842, 28.395173448126016 ], [ 85.332570632, 28.395173448126016 ], [ 85.332570632, 28.394482151004887 ], [ 85.332962844, 28.394482151004887 ], [ 85.332962844, 28.394136502444322 ], [ 85.333355056, 28.394136502444322 ], [ 85.333355056, 28.393445205323193 ], [ 85.333747268, 28.393445205323193 ], [ 85.333747268, 28.393099556762628 ], [ 85.334531692, 28.393099556762628 ], [ 85.334531692, 28.392408259641499 ], [ 85.334923904, 28.392408259641499 ], [ 85.334923904, 28.390680016838672 ], [ 85.33570832800001, 28.390680016838672 ], [ 85.33570832800001, 28.390334368278108 ], [ 85.336492752, 28.390334368278108 ], [ 85.336492752, 28.389988719717543 ], [ 85.336884964, 28.389988719717543 ], [ 85.336884964, 28.389297422596414 ], [ 85.336492752, 28.389297422596414 ], [ 85.336492752, 28.385840936990764 ], [ 85.34002266, 28.385840936990764 ], [ 85.34002266, 28.38826047691472 ], [ 85.340414872, 28.38826047691472 ], [ 85.340414872, 28.388606125475285 ], [ 85.340807084, 28.388606125475285 ], [ 85.340807084, 28.388951774035849 ], [ 85.341591508, 28.388951774035849 ], [ 85.341591508, 28.389297422596414 ], [ 85.34237593200001, 28.389297422596414 ], [ 85.34237593200001, 28.389643071156978 ], [ 85.343160356, 28.389643071156978 ], [ 85.343160356, 28.389988719717543 ], [ 85.34394478, 28.389988719717543 ], [ 85.34394478, 28.390334368278108 ], [ 85.34590584, 28.390334368278108 ], [ 85.34590584, 28.389988719717543 ], [ 85.346298052, 28.389988719717543 ], [ 85.346298052, 28.390334368278108 ], [ 85.347082476, 28.390334368278108 ], [ 85.347082476, 28.390680016838672 ], [ 85.348651324, 28.390680016838672 ], [ 85.348651324, 28.391025665399237 ], [ 85.349043536, 28.391025665399237 ], [ 85.349043536, 28.391371313959802 ], [ 85.349435748, 28.391371313959802 ], [ 85.349435748, 28.392062611080934 ], [ 85.34982796, 28.392062611080934 ], [ 85.34982796, 28.393099556762628 ], [ 85.350220172, 28.393099556762628 ], [ 85.350220172, 28.393445205323193 ], [ 85.352181232, 28.393445205323193 ], [ 85.352181232, 28.393099556762628 ], [ 85.35375008, 28.393099556762628 ], [ 85.35375008, 28.392753908202064 ], [ 85.354926716, 28.392753908202064 ], [ 85.354926716, 28.389988719717543 ], [ 85.355318928, 28.389988719717543 ], [ 85.355318928, 28.389643071156978 ], [ 85.356103352, 28.389643071156978 ], [ 85.356103352, 28.389297422596414 ], [ 85.362378744, 28.389297422596414 ], [ 85.362378744, 28.389643071156978 ], [ 85.363947592, 28.389643071156978 ], [ 85.363947592, 28.389988719717543 ], [ 85.36355538, 28.389988719717543 ], [ 85.36355538, 28.390334368278108 ], [ 85.362770956, 28.390334368278108 ], [ 85.362770956, 28.390680016838672 ], [ 85.361986532, 28.390680016838672 ], [ 85.361986532, 28.391025665399237 ], [ 85.36159432, 28.391025665399237 ], [ 85.36159432, 28.391371313959802 ], [ 85.361202108, 28.391371313959802 ], [ 85.361202108, 28.392408259641499 ], [ 85.360809896, 28.392408259641499 ], [ 85.360809896, 28.393099556762628 ], [ 85.361202108, 28.393099556762628 ], [ 85.361202108, 28.393790853883758 ], [ 85.36159432, 28.393790853883758 ], [ 85.36159432, 28.394136502444322 ], [ 85.361986532, 28.394136502444322 ], [ 85.361986532, 28.394482151004887 ], [ 85.362378744, 28.394482151004887 ], [ 85.362378744, 28.394827799565451 ], [ 85.362770956, 28.394827799565451 ], [ 85.362770956, 28.395173448126016 ], [ 85.363163168, 28.395173448126016 ], [ 85.363163168, 28.395519096686581 ], [ 85.36355538, 28.395519096686581 ], [ 85.36355538, 28.396901690928843 ], [ 85.363947592, 28.396901690928843 ], [ 85.363947592, 28.398284285171101 ], [ 85.364339804, 28.398284285171101 ], [ 85.364339804, 28.398629933731666 ], [ 85.364732016, 28.398629933731666 ], [ 85.364732016, 28.398975582292231 ], [ 85.365124228, 28.398975582292231 ], [ 85.365124228, 28.399321230852795 ], [ 85.365908652, 28.399321230852795 ], [ 85.365908652, 28.39966687941336 ], [ 85.36630086400001, 28.39966687941336 ], [ 85.36630086400001, 28.400012527973924 ], [ 85.367085288, 28.400012527973924 ], [ 85.367085288, 28.400358176534489 ], [ 85.3674775, 28.400358176534489 ], [ 85.3674775, 28.400703825095057 ], [ 85.368654136, 28.400703825095057 ], [ 85.368654136, 28.401049473655622 ], [ 85.36943856, 28.401049473655622 ], [ 85.36943856, 28.402777716458445 ], [ 85.369830772, 28.402777716458445 ], [ 85.369830772, 28.403814662140139 ], [ 85.370615196, 28.403814662140139 ], [ 85.370615196, 28.404160310700703 ], [ 85.37139962, 28.404160310700703 ], [ 85.37139962, 28.404505959261268 ], [ 85.372184044, 28.404505959261268 ], [ 85.372184044, 28.404851607821836 ], [ 85.372968468, 28.404851607821836 ], [ 85.372968468, 28.404505959261268 ], [ 85.37336068, 28.404505959261268 ], [ 85.37336068, 28.404160310700703 ], [ 85.373752892, 28.404160310700703 ], [ 85.373752892, 28.403814662140139 ], [ 85.374145104, 28.403814662140139 ], [ 85.374145104, 28.403469013579574 ], [ 85.374537316, 28.403469013579574 ], [ 85.374537316, 28.40312336501901 ], [ 85.37492952800001, 28.40312336501901 ], [ 85.37492952800001, 28.402777716458445 ], [ 85.37532174, 28.402777716458445 ], [ 85.37532174, 28.402086419337316 ], [ 85.375713952, 28.402086419337316 ], [ 85.375713952, 28.401395122216186 ], [ 85.376498376, 28.401395122216186 ], [ 85.376498376, 28.401049473655622 ], [ 85.378459436, 28.401049473655622 ], [ 85.378459436, 28.400703825095057 ], [ 85.380420496, 28.400703825095057 ], [ 85.380420496, 28.40312336501901 ], [ 85.380028284, 28.40312336501901 ], [ 85.380028284, 28.403469013579574 ], [ 85.379636072, 28.403469013579574 ], [ 85.379636072, 28.404160310700703 ], [ 85.37924386, 28.404160310700703 ], [ 85.37924386, 28.404505959261268 ], [ 85.378067224, 28.404505959261268 ], [ 85.378067224, 28.404851607821836 ], [ 85.3772828, 28.404851607821836 ], [ 85.3772828, 28.405197256382401 ], [ 85.376890588, 28.405197256382401 ], [ 85.376890588, 28.405542904942966 ], [ 85.376498376, 28.405542904942966 ], [ 85.376498376, 28.406234202064095 ], [ 85.376106164, 28.406234202064095 ], [ 85.376106164, 28.406925499185224 ], [ 85.375713952, 28.406925499185224 ], [ 85.375713952, 28.407271147745789 ], [ 85.372968468, 28.407271147745789 ], [ 85.372968468, 28.407616796306353 ], [ 85.372576256, 28.407616796306353 ], [ 85.372576256, 28.408308093427483 ], [ 85.372184044, 28.408308093427483 ], [ 85.372184044, 28.40934503910918 ], [ 85.371791832, 28.40934503910918 ], [ 85.371791832, 28.410036336230309 ], [ 85.37139962, 28.410036336230309 ], [ 85.37139962, 28.410727633351438 ], [ 85.371007408, 28.410727633351438 ], [ 85.371007408, 28.411418930472568 ], [ 85.370615196, 28.411418930472568 ], [ 85.370615196, 28.412110227593697 ], [ 85.370222984, 28.412110227593697 ], [ 85.370222984, 28.412455876154262 ], [ 85.369830772, 28.412455876154262 ], [ 85.369830772, 28.413147173275391 ], [ 85.36943856, 28.413147173275391 ], [ 85.36943856, 28.413492821835959 ], [ 85.369046348, 28.413492821835959 ], [ 85.369046348, 28.413838470396524 ], [ 85.368654136, 28.413838470396524 ], [ 85.368654136, 28.414529767517653 ], [ 85.368261924, 28.414529767517653 ], [ 85.368261924, 28.418677550244432 ], [ 85.367869712, 28.418677550244432 ], [ 85.367869712, 28.42075144160782 ], [ 85.3674775, 28.42075144160782 ], [ 85.3674775, 28.421442738728949 ], [ 85.367085288, 28.421442738728949 ], [ 85.367085288, 28.422134035850078 ], [ 85.366693076, 28.422134035850078 ], [ 85.366693076, 28.422479684410646 ], [ 85.365908652, 28.422479684410646 ], [ 85.365908652, 28.422825332971211 ], [ 85.365124228, 28.422825332971211 ], [ 85.365124228, 28.423170981531776 ], [ 85.364732016, 28.423170981531776 ], [ 85.364732016, 28.42351663009234 ], [ 85.364339804, 28.42351663009234 ], [ 85.364339804, 28.423862278652905 ], [ 85.36355538, 28.423862278652905 ], [ 85.36355538, 28.424899224334599 ], [ 85.363163168, 28.424899224334599 ], [ 85.363163168, 28.425590521455728 ], [ 85.362770956, 28.425590521455728 ], [ 85.362770956, 28.426281818576857 ], [ 85.362378744, 28.426281818576857 ], [ 85.362378744, 28.426627467137425 ], [ 85.361986532, 28.426627467137425 ], [ 85.361986532, 28.427318764258555 ], [ 85.36159432, 28.427318764258555 ], [ 85.36159432, 28.427664412819119 ], [ 85.361202108, 28.427664412819119 ], [ 85.361202108, 28.428010061379684 ], [ 85.360809896, 28.428010061379684 ], [ 85.360809896, 28.428355709940249 ], [ 85.360417684, 28.428355709940249 ], [ 85.360417684, 28.428701358500813 ], [ 85.360025472, 28.428701358500813 ], [ 85.360025472, 28.429392655621943 ], [ 85.3576722, 28.429392655621943 ], [ 85.3576722, 28.429047007061378 ], [ 85.355318928, 28.429047007061378 ], [ 85.355318928, 28.429392655621943 ], [ 85.35375008, 28.429392655621943 ] ], [ [ 85.34002266, 28.394482151004887 ], [ 85.34237593200001, 28.394482151004887 ], [ 85.34237593200001, 28.393790853883758 ], [ 85.342768144, 28.393790853883758 ], [ 85.342768144, 28.392753908202064 ], [ 85.34237593200001, 28.392753908202064 ], [ 85.34237593200001, 28.392408259641499 ], [ 85.341591508, 28.392408259641499 ], [ 85.341591508, 28.392062611080934 ], [ 85.341199296, 28.392062611080934 ], [ 85.341199296, 28.392408259641499 ], [ 85.340807084, 28.392408259641499 ], [ 85.340807084, 28.392753908202064 ], [ 85.340414872, 28.392753908202064 ], [ 85.340414872, 28.393099556762628 ], [ 85.34002266, 28.393099556762628 ], [ 85.34002266, 28.393790853883758 ], [ 85.339630448, 28.393790853883758 ], [ 85.339630448, 28.394136502444322 ], [ 85.34002266, 28.394136502444322 ], [ 85.34002266, 28.394482151004887 ] ], [ [ 85.337277176, 28.390334368278108 ], [ 85.338453812, 28.390334368278108 ], [ 85.338453812, 28.389988719717543 ], [ 85.3380616, 28.389988719717543 ], [ 85.3380616, 28.389643071156978 ], [ 85.337277176, 28.389643071156978 ], [ 85.337277176, 28.390334368278108 ] ] ] } },
{ "type": "Feature", "properties": { "area_m2": 1472.4044968163369, "lat": 28.379100790059756, "lon": 85.338257706000007 }, "geometry": { "type": "Polygon", "coordinates": [ [ [ 85.3380616, 28.379273614340033 ], [ 85.3380616, 28.378927965779468 ], [ 85.338453812, 28.378927965779468 ], [ 85.338453812, 28.379273614340033 ], [ 85.3380616, 28.379273614340033 ] ] ] } },
{ "type": "Feature", "properties": { "area_m2": 85432.937688071048, "lat": 28.374363020996828, "lon": 84.93885064448277 }, "geometry": { "type": "Polygon", "coordinates": [ [ [ 84.939181996, 28.376508425855512 ], [ 84.939181996, 28.376162777294947 ], [ 84.938789784, 28.376162777294947 ], [ 84.938789784, 28.375125831613254 ], [ 84.938397572, 28.375125831613254 ], [ 84.938397572, 28.374434534492121 ], [ 84.93800536, 28.374434534492121 ], [ 84.93800536, 28.374088885931556 ], [ 84.937220936, 28.374088885931556 ], [ 84.937220936, 28.373743237370991 ], [ 84.9360443, 28.373743237370991 ], [ 84.9360443, 28.373051940249862 ], [ 84.93996642, 28.373051940249862 ], [ 84.93996642, 28.373743237370991 ], [ 84.940358632, 28.373743237370991 ], [ 84.940358632, 28.376162777294947 ], [ 84.93996642, 28.376162777294947 ], [ 84.93996642, 28.376508425855512 ], [ 84.939181996, 28.376508425855512 ] ] ] } },
{ "type": "Feature", "properties": { "area_m2": 2946.1702558924731, "lat": 28.367521563280821, "lon": 84.936240405999996 }, "geometry": { "type": "Polygon", "coordinates": [ [ [ 84.9360443, 28.367867211841389 ], [ 84.9360443, 28.36717591472026 ], [ 84.936436512, 28.36717591472026 ], [ 84.936436512, 28.367867211841389 ], [ 84.9360443, 28.367867211841389 ] ] ] } },
{ "type": "Feature", "properties": { "area_m2": 5892.4825312060875, "lat": 28.365102023356869, "lon": 84.934475452000015 }, "geometry": { "type": "Polygon", "coordinates": [ [ [ 84.93408324, 28.365447671917433 ], [ 84.93408324, 28.364756374796304 ], [ 84.934867664, 28.364756374796304 ], [ 84.934867664, 28.365447671917433 ], [ 84.93408324, 28.365447671917433 ] ] ] } },
{ "type": "Feature", "properties": { "area_m2": 275477.99246375565, "lat": 28.362918152906033, "lon": 84.937958168716577 }, "geometry": { "type": "Polygon", "coordinates": [ [ [ 84.937613148, 28.365793320477998 ], [ 84.937613148, 28.365447671917433 ], [ 84.937220936, 28.365447671917433 ], [ 84.937220936, 28.365102023356869 ], [ 84.936828724, 28.365102023356869 ], [ 84.936828724, 28.364756374796304 ], [ 84.935652088, 28.364756374796304 ], [ 84.935652088, 28.364410726235739 ], [ 84.935259876, 28.364410726235739 ], [ 84.935259876, 28.362682483432916 ], [ 84.934867664, 28.362682483432916 ], [ 84.934867664, 28.361991186311787 ], [ 84.935259876, 28.361991186311787 ], [ 84.935259876, 28.361299889190654 ], [ 84.935652088, 28.361299889190654 ], [ 84.935652088, 28.36095424063009 ], [ 84.9360443, 28.36095424063009 ], [ 84.9360443, 28.36026294350896 ], [ 84.939574208, 28.36026294350896 ], [ 84.939574208, 28.360608592069525 ], [ 84.93996642, 28.360608592069525 ], [ 84.93996642, 28.361299889190654 ], [ 84.940358632, 28.361299889190654 ], [ 84.940358632, 28.361991186311787 ], [ 84.940750844, 28.361991186311787 ], [ 84.940750844, 28.363028131993481 ], [ 84.940358632, 28.363028131993481 ], [ 84.940358632, 28.365447671917433 ], [ 84.93996642, 28.365447671917433 ], [ 84.93996642, 28.365793320477998 ], [ 84.937613148, 28.365793320477998 ] ] ] } },
{ "type": "Feature", "properties": { "area_m2": 11781.367041631882, "lat": 28.356720045763169, "lon": 85.37228209700001 }, "geometry": { "type": "Polygon", "coordinates": [ [ [ 85.371791832, 28.357152106463875 ], [ 85.371791832, 28.356806457903311 ], [ 85.37139962, 28.356806457903311 ], [ 85.37139962, 28.356460809342746 ], [ 85.372184044, 28.356460809342746 ], [ 85.372184044, 28.356115160782181 ], [ 85.372576256, 28.356115160782181 ], [ 85.372576256, 28.356460809342746 ], [ 85.372968468, 28.356460809342746 ], [ 85.372968468, 28.357152106463875 ], [ 85.371791832, 28.357152106463875 ] ] ] } },
{ "type": "Feature", "properties": { "area_m2": 580169.27519223234, "lat": 28.359175992832469, "lon": 85.486855285441649 }, "geometry": { "type": "Polygon", "coordinates": [ [ [ 85.487886584, 28.364065077675175 ], [ 85.487886584, 28.36371942911461 ], [ 85.48710216, 28.36371942911461 ], [ 85.48710216, 28.363373780554046 ], [ 85.486709948, 28.363373780554046 ], [ 85.486709948, 28.363028131993481 ], [ 85.486317736, 28.363028131993481 ], [ 85.486317736, 28.362682483432916 ], [ 85.48592552400001, 28.362682483432916 ], [ 85.48592552400001, 28.361991186311787 ], [ 85.485533312, 28.361991186311787 ], [ 85.485533312, 28.36095424063009 ], [ 85.4851411, 28.36095424063009 ], [ 85.4851411, 28.360608592069525 ], [ 85.484356676, 28.360608592069525 ], [ 85.484356676, 28.36026294350896 ], [ 85.48396446400001, 28.36026294350896 ], [ 85.48396446400001, 28.359917294948396 ], [ 85.48318004, 28.359917294948396 ], [ 85.48318004, 28.359571646387831 ], [ 85.482787828, 28.359571646387831 ], [ 85.482787828, 28.359225997827266 ], [ 85.482395616, 28.359225997827266 ], [ 85.482395616, 28.358880349266702 ], [ 85.482003404, 28.358880349266702 ], [ 85.482003404, 28.358534700706137 ], [ 85.481611192, 28.358534700706137 ], [ 85.481611192, 28.358189052145573 ], [ 85.48121898, 28.358189052145573 ], [ 85.48121898, 28.357843403585008 ], [ 85.482395616, 28.357843403585008 ], [ 85.482395616, 28.357497755024443 ], [ 85.482787828, 28.357497755024443 ], [ 85.482787828, 28.357152106463875 ], [ 85.482395616, 28.357152106463875 ], [ 85.482395616, 28.356460809342746 ], [ 85.482787828, 28.356460809342746 ], [ 85.482787828, 28.356115160782181 ], [ 85.483572252, 28.356115160782181 ], [ 85.483572252, 28.355769512221617 ], [ 85.48396446400001, 28.355769512221617 ], [ 85.48396446400001, 28.355423863661052 ], [ 85.484356676, 28.355423863661052 ], [ 85.484356676, 28.355078215100487 ], [ 85.484748888, 28.355078215100487 ], [ 85.484748888, 28.354386917979358 ], [ 85.486317736, 28.354386917979358 ], [ 85.486317736, 28.354732566539923 ], [ 85.486709948, 28.354732566539923 ], [ 85.486709948, 28.355078215100487 ], [ 85.48710216, 28.355078215100487 ], [ 85.48710216, 28.355423863661052 ], [ 85.487886584, 28.355423863661052 ], [ 85.487886584, 28.355769512221617 ], [ 85.488278796, 28.355769512221617 ], [ 85.488278796, 28.356115160782181 ], [ 85.488671008, 28.356115160782181 ], [ 85.488671008, 28.356806457903311 ], [ 85.48906322, 28.356806457903311 ], [ 85.48906322, 28.357497755024443 ], [ 85.489455432, 28.357497755024443 ], [ 85.489455432, 28.358189052145573 ], [ 85.489847644, 28.358189052145573 ], [ 85.489847644, 28.358534700706137 ], [ 85.490239856, 28.358534700706137 ], [ 85.490239856, 28.358880349266702 ], [ 85.490632068, 28.358880349266702 ], [ 85.490632068, 28.359225997827266 ], [ 85.49102428, 28.359225997827266 ], [ 85.49102428, 28.359571646387831 ], [ 85.491416492, 28.359571646387831 ], [ 85.491416492, 28.360608592069525 ], [ 85.49102428, 28.360608592069525 ], [ 85.49102428, 28.362336834872352 ], [ 85.490632068, 28.362336834872352 ], [ 85.490632068, 28.362682483432916 ], [ 85.490239856, 28.362682483432916 ], [ 85.490239856, 28.363373780554046 ], [ 85.489847644, 28.363373780554046 ], [ 85.489847644, 28.36371942911461 ], [ 85.48906322, 28.36371942911461 ], [ 85.48906322, 28.364065077675175 ], [ 85.487886584, 28.364065077675175 ] ] ] } },
{ "type": "Feature", "properties": { "area_m2": 3081788.7236659857, "lat": 28.362139392219436, "lon": 84.955742454017255 }, "geometry": { "type": "Polygon", "coordinates": [ [ [ 84.954086052, 28.373743237370991 ], [ 84.954086052, 28.373397588810427 ], [ 84.953301628, 28.373397588810427 ], [ 84.953301628, 28.373051940249862 ], [ 84.94977172, 28.373051940249862 ], [ 84.94977172, 28.373397588810427 ], [ 84.948987296, 28.373397588810427 ], [ 84.948987296, 28.373051940249862 ], [ 84.948595084, 28.373051940249862 ], [ 84.948595084, 28.372014994568168 ], [ 84.948987296, 28.372014994568168 ], [ 84.948987296, 28.371669346007604 ], [ 84.949379508, 28.371669346007604 ], [ 84.949379508, 28.371323697447039 ], [ 84.94977172, 28.371323697447039 ], [ 84.94977172, 28.370286751765345 ], [ 84.949379508, 28.370286751765345 ], [ 84.949379508, 28.369595454644212 ], [ 84.948987296, 28.369595454644212 ], [ 84.948987296, 28.369249806083648 ], [ 84.948595084, 28.369249806083648 ], [ 84.948595084, 28.368904157523083 ], [ 84.948202872, 28.368904157523083 ], [ 84.948202872, 28.368558508962519 ], [ 84.94781066, 28.368558508962519 ], [ 84.94781066, 28.367867211841389 ], [ 84.947418448, 28.367867211841389 ], [ 84.947418448, 28.364410726235739 ], [ 84.947026236, 28.364410726235739 ], [ 84.947026236, 28.363028131993481 ], [ 84.946634024, 28.363028131993481 ], [ 84.946634024, 28.361299889190654 ], [ 84.947026236, 28.361299889190654 ], [ 84.947026236, 28.360608592069525 ], [ 84.947418448, 28.360608592069525 ], [ 84.947418448, 28.359917294948396 ], [ 84.94781066, 28.359917294948396 ], [ 84.94781066, 28.359571646387831 ], [ 84.948595084, 28.359571646387831 ], [ 84.948595084, 28.359225997827266 ], [ 84.949379508, 28.359225997827266 ], [ 84.949379508, 28.359571646387831 ], [ 84.950163932, 28.359571646387831 ], [ 84.950163932, 28.359917294948396 ], [ 84.950948356, 28.359917294948396 ], [ 84.950948356, 28.36026294350896 ], [ 84.952909416, 28.36026294350896 ], [ 84.952909416, 28.359917294948396 ], [ 84.954086052, 28.359917294948396 ], [ 84.954086052, 28.359571646387831 ], [ 84.954478264, 28.359571646387831 ], [ 84.954478264, 28.359225997827266 ], [ 84.95369384, 28.359225997827266 ], [ 84.95369384, 28.358880349266702 ], [ 84.952909416, 28.358880349266702 ], [ 84.952909416, 28.358534700706137 ], [ 84.952517204, 28.358534700706137 ], [ 84.952517204, 28.358189052145573 ], [ 84.95173278, 28.358189052145573 ], [ 84.95173278, 28.357497755024443 ], [ 84.951340568, 28.357497755024443 ], [ 84.951340568, 28.356806457903311 ], [ 84.950948356, 28.356806457903311 ], [ 84.950948356, 28.355423863661052 ], [ 84.950556144, 28.355423863661052 ], [ 84.950556144, 28.352658675176531 ], [ 84.950163932, 28.352658675176531 ], [ 84.950163932, 28.351276080934273 ], [ 84.950556144, 28.351276080934273 ], [ 84.950556144, 28.350930432373708 ], [ 84.950948356, 28.350930432373708 ], [ 84.950948356, 28.350584783813144 ], [ 84.95173278, 28.350584783813144 ], [ 84.95173278, 28.350239135252579 ], [ 84.952517204, 28.350239135252579 ], [ 84.952517204, 28.350584783813144 ], [ 84.954870476, 28.350584783813144 ], [ 84.954870476, 28.350930432373708 ], [ 84.958400384, 28.350930432373708 ], [ 84.958400384, 28.351276080934273 ], [ 84.958792596, 28.351276080934273 ], [ 84.958792596, 28.354386917979358 ], [ 84.959184808, 28.354386917979358 ], [ 84.959184808, 28.354732566539923 ], [ 84.95957702, 28.354732566539923 ], [ 84.95957702, 28.355078215100487 ], [ 84.960753656, 28.355078215100487 ], [ 84.960753656, 28.355423863661052 ], [ 84.962322504, 28.355423863661052 ], [ 84.962322504, 28.355769512221617 ], [ 84.963891352, 28.355769512221617 ], [ 84.963891352, 28.356115160782181 ], [ 84.964675776, 28.356115160782181 ], [ 84.964675776, 28.356460809342746 ], [ 84.9654602, 28.356460809342746 ], [ 84.9654602, 28.358534700706137 ], [ 84.965067988, 28.358534700706137 ], [ 84.965067988, 28.36095424063009 ], [ 84.9654602, 28.36095424063009 ], [ 84.9654602, 28.363028131993481 ], [ 84.965067988, 28.363028131993481 ], [ 84.965067988, 28.364065077675175 ], [ 84.964675776, 28.364065077675175 ], [ 84.964675776, 28.365102023356869 ], [ 84.964283564, 28.365102023356869 ], [ 84.964283564, 28.365447671917433 ], [ 84.96349914, 28.365447671917433 ], [ 84.96349914, 28.365793320477998 ], [ 84.962714716, 28.365793320477998 ], [ 84.962714716, 28.366138969038566 ], [ 84.962322504, 28.366138969038566 ], [ 84.962322504, 28.366484617599131 ], [ 84.96153808, 28.366484617599131 ], [ 84.96153808, 28.366830266159695 ], [ 84.961145868, 28.366830266159695 ], [ 84.961145868, 28.36717591472026 ], [ 84.960753656, 28.36717591472026 ], [ 84.960753656, 28.367521563280825 ], [ 84.960361444, 28.367521563280825 ], [ 84.960361444, 28.368212860401954 ], [ 84.959969232, 28.368212860401954 ], [ 84.959969232, 28.368558508962519 ], [ 84.95957702, 28.368558508962519 ], [ 84.95957702, 28.369249806083648 ], [ 84.959184808, 28.369249806083648 ], [ 84.959184808, 28.369941103204777 ], [ 84.958792596, 28.369941103204777 ], [ 84.958792596, 28.37063240032591 ], [ 84.958400384, 28.37063240032591 ], [ 84.958400384, 28.370978048886474 ], [ 84.958008172, 28.370978048886474 ], [ 84.958008172, 28.371323697447039 ], [ 84.95761596, 28.371323697447039 ], [ 84.95761596, 28.371669346007604 ], [ 84.957223748, 28.371669346007604 ], [ 84.957223748, 28.372014994568168 ], [ 84.956831536, 28.372014994568168 ], [ 84.956831536, 28.372360643128733 ], [ 84.956439324, 28.372360643128733 ], [ 84.956439324, 28.372706291689298 ], [ 84.956047112, 28.372706291689298 ], [ 84.956047112, 28.373397588810427 ], [ 84.9556549, 28.373397588810427 ], [ 84.9556549, 28.373743237370991 ], [ 84.954086052, 28.373743237370991 ] ] ] } },
{ "type": "Feature", "properties": { "area_m2": 98680.531796024909, "lat": 28.34578439596828, "lon": 85.351101185522381 }, "geometry": { "type": "Polygon", "coordinates": [ [ [ 85.350220172, 28.347128298207494 ], [ 85.350220172, 28.346782649646929 ], [ 85.34982796, 28.346782649646929 ], [ 85.34982796, 28.346437001086365 ], [ 85.349435748, 28.346437001086365 ], [ 85.349435748, 28.3460913525258 ], [ 85.349043536, 28.3460913525258 ], [ 85.349043536, 28.345745703965235 ], [ 85.348651324, 28.345745703965235 ], [ 85.348651324, 28.345400055404671 ], [ 85.349043536, 28.345400055404671 ], [ 85.349043536, 28.345054406844106 ], [ 85.349435748, 28.345054406844106 ], [ 85.349435748, 28.344708758283542 ], [ 85.34982796, 28.344708758283542 ], [ 85.34982796, 28.344363109722977 ], [ 85.351396808, 28.344363109722977 ], [ 85.351396808, 28.344708758283542 ], [ 85.352181232, 28.344708758283542 ], [ 85.352181232, 28.345054406844106 ], [ 85.352965656, 28.345054406844106 ], [ 85.352965656, 28.345400055404671 ], [ 85.353357868, 28.345400055404671 ], [ 85.353357868, 28.3460913525258 ], [ 85.352965656, 28.3460913525258 ], [ 85.352965656, 28.346782649646929 ], [ 85.352573444, 28.346782649646929 ], [ 85.352573444, 28.347128298207494 ], [ 85.350220172, 28.347128298207494 ] ] ] } },
{ "type": "Feature", "properties": { "area_m2": 4864085.8965816116, "lat": 28.36138072888582, "lon": 85.354552849974681 }, "geometry": { "type": "Polygon", "coordinates": [ [ [ 85.347474688, 28.383421397066812 ], [ 85.347474688, 28.383075748506243 ], [ 85.347082476, 28.383075748506243 ], [ 85.347082476, 28.382730099945679 ], [ 85.346690264, 28.382730099945679 ], [ 85.346690264, 28.382384451385114 ], [ 85.346298052, 28.382384451385114 ], [ 85.346298052, 28.38203880282455 ], [ 85.34590584, 28.38203880282455 ], [ 85.34590584, 28.381001857142856 ], [ 85.345513628, 28.381001857142856 ], [ 85.345513628, 28.380310560021726 ], [ 85.345121416, 28.380310560021726 ], [ 85.345121416, 28.379964911461162 ], [ 85.345513628, 28.379964911461162 ], [ 85.345513628, 28.379273614340033 ], [ 85.34590584, 28.379273614340033 ], [ 85.34590584, 28.377545371537206 ], [ 85.345513628, 28.377545371537206 ], [ 85.345513628, 28.375125831613254 ], [ 85.34590584, 28.375125831613254 ], [ 85.34590584, 28.374088885931556 ], [ 85.346298052, 28.374088885931556 ], [ 85.346298052, 28.373397588810427 ], [ 85.346690264, 28.373397588810427 ], [ 85.346690264, 28.373051940249862 ], [ 85.347082476, 28.373051940249862 ], [ 85.347082476, 28.372360643128733 ], [ 85.347474688, 28.372360643128733 ], [ 85.347474688, 28.372014994568168 ], [ 85.3478669, 28.372014994568168 ], [ 85.3478669, 28.371669346007604 ], [ 85.348259112, 28.371669346007604 ], [ 85.348259112, 28.371323697447039 ], [ 85.348651324, 28.371323697447039 ], [ 85.348651324, 28.370286751765345 ], [ 85.3478669, 28.370286751765345 ], [ 85.3478669, 28.369941103204777 ], [ 85.347474688, 28.369941103204777 ], [ 85.347474688, 28.369595454644212 ], [ 85.347082476, 28.369595454644212 ], [ 85.347082476, 28.369249806083648 ], [ 85.346690264, 28.369249806083648 ], [ 85.346690264, 28.368558508962519 ], [ 85.346298052, 28.368558508962519 ], [ 85.346298052, 28.368212860401954 ], [ 85.34590584, 28.368212860401954 ], [ 85.34590584, 28.366484617599131 ], [ 85.346298052, 28.366484617599131 ], [ 85.346298052, 28.364410726235739 ], [ 85.34590584, 28.364410726235739 ], [ 85.34590584, 28.36371942911461 ], [ 85.345513628, 28.36371942911461 ], [ 85.345513628, 28.363028131993481 ], [ 85.345121416, 28.363028131993481 ], [ 85.345121416, 28.361991186311787 ], [ 85.345513628, 28.361991186311787 ], [ 85.345513628, 28.361645537751222 ], [ 85.346298052, 28.361645537751222 ], [ 85.346298052, 28.361299889190654 ], [ 85.346690264, 28.361299889190654 ], [ 85.346690264, 28.36095424063009 ], [ 85.347082476, 28.36095424063009 ], [ 85.347082476, 28.360608592069525 ], [ 85.3478669, 28.360608592069525 ], [ 85.3478669, 28.36026294350896 ], [ 85.348259112, 28.36026294350896 ], [ 85.348259112, 28.358880349266702 ], [ 85.3478669, 28.358880349266702 ], [ 85.3478669, 28.358534700706137 ], [ 85.347474688, 28.358534700706137 ], [ 85.347474688, 28.358189052145573 ], [ 85.347082476, 28.358189052145573 ], [ 85.347082476, 28.357843403585008 ], [ 85.346690264, 28.357843403585008 ], [ 85.346690264, 28.357497755024443 ], [ 85.346298052, 28.357497755024443 ], [ 85.346298052, 28.353349972297664 ], [ 85.346690264, 28.353349972297664 ], [ 85.346690264, 28.352658675176531 ], [ 85.347082476, 28.352658675176531 ], [ 85.347082476, 28.351967378055402 ], [ 85.348259112, 28.351967378055402 ], [ 85.348259112, 28.351621729494838 ], [ 85.350612384, 28.351621729494838 ], [ 85.350612384, 28.350930432373708 ], [ 85.35100459600001, 28.350930432373708 ], [ 85.35100459600001, 28.350239135252579 ], [ 85.351396808, 28.350239135252579 ], [ 85.351396808, 28.349893486692014 ], [ 85.35178902, 28.349893486692014 ], [ 85.35178902, 28.34954783813145 ], [ 85.352181232, 28.34954783813145 ], [ 85.352181232, 28.349202189570885 ], [ 85.352573444, 28.349202189570885 ], [ 85.352573444, 28.348856541010321 ], [ 85.353357868, 28.348856541010321 ], [ 85.353357868, 28.348510892449752 ], [ 85.354534504, 28.348510892449752 ], [ 85.354534504, 28.345054406844106 ], [ 85.355318928, 28.345054406844106 ], [ 85.355318928, 28.344708758283542 ], [ 85.356103352, 28.344708758283542 ], [ 85.356103352, 28.344363109722977 ], [ 85.356887776, 28.344363109722977 ], [ 85.356887776, 28.344017461162409 ], [ 85.358848836, 28.344017461162409 ], [ 85.358848836, 28.343671812601844 ], [ 85.361202108, 28.343671812601844 ], [ 85.361202108, 28.344017461162409 ], [ 85.362378744, 28.344017461162409 ], [ 85.362378744, 28.344363109722977 ], [ 85.362770956, 28.344363109722977 ], [ 85.362770956, 28.345054406844106 ], [ 85.363163168, 28.345054406844106 ], [ 85.363163168, 28.345745703965235 ], [ 85.36355538, 28.345745703965235 ], [ 85.36355538, 28.346437001086365 ], [ 85.363947592, 28.346437001086365 ], [ 85.363947592, 28.347128298207494 ], [ 85.36355538, 28.347128298207494 ], [ 85.36355538, 28.347473946768059 ], [ 85.362770956, 28.347473946768059 ], [ 85.362770956, 28.347819595328623 ], [ 85.360417684, 28.347819595328623 ], [ 85.360417684, 28.348165243889188 ], [ 85.358848836, 28.348165243889188 ], [ 85.358848836, 28.348856541010321 ], [ 85.360025472, 28.348856541010321 ], [ 85.360025472, 28.349202189570885 ], [ 85.36159432, 28.349202189570885 ], [ 85.36159432, 28.34954783813145 ], [ 85.362770956, 28.34954783813145 ], [ 85.362770956, 28.349893486692014 ], [ 85.363947592, 28.349893486692014 ], [ 85.363947592, 28.350239135252579 ], [ 85.36551644, 28.350239135252579 ], [ 85.36551644, 28.350584783813144 ], [ 85.366693076, 28.350584783813144 ], [ 85.366693076, 28.350930432373708 ], [ 85.367085288, 28.350930432373708 ], [ 85.367085288, 28.351276080934273 ], [ 85.3674775, 28.351276080934273 ], [ 85.3674775, 28.351621729494838 ], [ 85.367869712, 28.351621729494838 ], [ 85.367869712, 28.352313026615967 ], [ 85.368261924, 28.352313026615967 ], [ 85.368261924, 28.3530043237371 ], [ 85.368654136, 28.3530043237371 ], [ 85.368654136, 28.355078215100487 ], [ 85.368261924, 28.355078215100487 ], [ 85.368261924, 28.356115160782181 ], [ 85.367869712, 28.356115160782181 ], [ 85.367869712, 28.356460809342746 ], [ 85.3674775, 28.356460809342746 ], [ 85.3674775, 28.356806457903311 ], [ 85.367085288, 28.356806457903311 ], [ 85.367085288, 28.357497755024443 ], [ 85.366693076, 28.357497755024443 ], [ 85.366693076, 28.358534700706137 ], [ 85.36630086400001, 28.358534700706137 ], [ 85.36630086400001, 28.359225997827266 ], [ 85.363163168, 28.359225997827266 ], [ 85.363163168, 28.359571646387831 ], [ 85.361986532, 28.359571646387831 ], [ 85.361986532, 28.359917294948396 ], [ 85.361202108, 28.359917294948396 ], [ 85.361202108, 28.36026294350896 ], [ 85.360417684, 28.36026294350896 ], [ 85.360417684, 28.360608592069525 ], [ 85.35963326000001, 28.360608592069525 ], [ 85.35963326000001, 28.361645537751222 ], [ 85.359241048, 28.361645537751222 ], [ 85.359241048, 28.36371942911461 ], [ 85.358848836, 28.36371942911461 ], [ 85.358848836, 28.364410726235739 ], [ 85.358456624, 28.364410726235739 ], [ 85.358456624, 28.364756374796304 ], [ 85.3576722, 28.364756374796304 ], [ 85.3576722, 28.365102023356869 ], [ 85.356887776, 28.365102023356869 ], [ 85.356887776, 28.365447671917433 ], [ 85.356495564, 28.365447671917433 ], [ 85.356495564, 28.366138969038566 ], [ 85.356103352, 28.366138969038566 ], [ 85.356103352, 28.366484617599131 ], [ 85.35571114, 28.366484617599131 ], [ 85.35571114, 28.366830266159695 ], [ 85.355318928, 28.366830266159695 ], [ 85.355318928, 28.36717591472026 ], [ 85.354926716, 28.36717591472026 ], [ 85.354926716, 28.367521563280825 ], [ 85.354534504, 28.367521563280825 ], [ 85.354534504, 28.367867211841389 ], [ 85.354142292, 28.367867211841389 ], [ 85.354142292, 28.368212860401954 ], [ 85.35375008, 28.368212860401954 ], [ 85.35375008, 28.368558508962519 ], [ 85.353357868, 28.368558508962519 ], [ 85.353357868, 28.368904157523083 ], [ 85.352965656, 28.368904157523083 ], [ 85.352965656, 28.369249806083648 ], [ 85.352573444, 28.369249806083648 ], [ 85.352573444, 28.369941103204777 ], [ 85.352181232, 28.369941103204777 ], [ 85.352181232, 28.370286751765345 ], [ 85.35178902, 28.370286751765345 ], [ 85.35178902, 28.371669346007604 ], [ 85.352181232, 28.371669346007604 ], [ 85.352181232, 28.372360643128733 ], [ 85.352573444, 28.372360643128733 ], [ 85.352573444, 28.372706291689298 ], [ 85.35375008, 28.372706291689298 ], [ 85.35375008, 28.373051940249862 ], [ 85.354534504, 28.373051940249862 ], [ 85.354534504, 28.373397588810427 ], [ 85.355318928, 28.373397588810427 ], [ 85.355318928, 28.374780183052689 ], [ 85.35571114, 28.374780183052689 ], [ 85.35571114, 28.378927965779468 ], [ 85.355318928, 28.378927965779468 ], [ 85.355318928, 28.379273614340033 ], [ 85.354534504, 28.379273614340033 ], [ 85.354534504, 28.379964911461162 ], [ 85.354142292, 28.379964911461162 ], [ 85.354142292, 28.380310560021726 ], [ 85.35375008, 28.380310560021726 ], [ 85.35375008, 28.381001857142856 ], [ 85.353357868, 28.381001857142856 ], [ 85.353357868, 28.38134750570342 ], [ 85.352965656, 28.38134750570342 ], [ 85.352965656, 28.381693154263985 ], [ 85.352573444, 28.381693154263985 ], [ 85.352573444, 28.383075748506243 ], [ 85.350612384, 28.383075748506243 ], [ 85.350612384, 28.383421397066812 ], [ 85.347474688, 28.383421397066812 ] ], [ [ 85.35375008, 28.359917294948396 ], [ 85.358456624, 28.359917294948396 ], [ 85.358456624, 28.359225997827266 ], [ 85.358064412, 28.359225997827266 ], [ 85.358064412, 28.358880349266702 ], [ 85.3576722, 28.358880349266702 ], [ 85.3576722, 28.358189052145573 ], [ 85.357279988, 28.358189052145573 ], [ 85.357279988, 28.357843403585008 ], [ 85.356887776, 28.357843403585008 ], [ 85.356887776, 28.357497755024443 ], [ 85.356495564, 28.357497755024443 ], [ 85.356495564, 28.357843403585008 ], [ 85.35571114, 28.357843403585008 ], [ 85.35571114, 28.358189052145573 ], [ 85.354926716, 28.358189052145573 ], [ 85.354926716, 28.358534700706137 ], [ 85.354534504, 28.358534700706137 ], [ 85.354534504, 28.358880349266702 ], [ 85.354142292, 28.358880349266702 ], [ 85.354142292, 28.359225997827266 ], [ 85.35375008, 28.359225997827266 ], [ 85.35375008, 28.359917294948396 ] ] ] } },
{ "type": "Feature", "properties": { "area_m2": 1473.1154023050703, "lat": 28.334857774307441, "lon": 85.246872310000015 }, "geometry": { "type": "Polygon", "coordinates": [ [ [ 85.246676204, 28.335030598587721 ], [ 85.246676204, 28.334684950027157 ], [ 85.247068416, 28.334684950027157 ], [ 85.247068416, 28.335030598587721 ], [ 85.246676204, 28.335030598587721 ] ] ] } },
{ "type": "Feature", "properties": { "area_m2": 67761.282234168219, "lat": 28.325863397633608, "lon": 85.388205051565208 }, "geometry": { "type": "Polygon", "coordinates": [ [ [ 85.387872524, 28.327771978815861 ], [ 85.387872524, 28.327426330255296 ], [ 85.387480312, 28.327426330255296 ], [ 85.387480312, 28.327080681694731 ], [ 85.3870881, 28.327080681694731 ], [ 85.3870881, 28.325352438891905 ], [ 85.387480312, 28.325352438891905 ], [ 85.387480312, 28.324315493210211 ], [ 85.387872524, 28.324315493210211 ], [ 85.387872524, 28.323969844649646 ], [ 85.388656948, 28.323969844649646 ], [ 85.388656948, 28.324315493210211 ], [ 85.38904916, 28.324315493210211 ], [ 85.38904916, 28.325698087452469 ], [ 85.389441372, 28.325698087452469 ], [ 85.389441372, 28.326735033134163 ], [ 85.38904916, 28.326735033134163 ], [ 85.38904916, 28.327080681694731 ], [ 85.388656948, 28.327080681694731 ], [ 85.388656948, 28.327426330255296 ], [ 85.388264736, 28.327426330255296 ], [ 85.388264736, 28.327771978815861 ], [ 85.387872524, 28.327771978815861 ] ] ] } },
{ "type": "Feature", "properties": { "area_m2": 181201.81386155821, "lat": 28.32120606124057, "lon": 85.343401104016237 }, "geometry": { "type": "Polygon", "coordinates": [ [ [ 85.34394478, 28.323624196089082 ], [ 85.34394478, 28.323278547528517 ], [ 85.343552568, 28.323278547528517 ], [ 85.343552568, 28.322587250407388 ], [ 85.342768144, 28.322587250407388 ], [ 85.342768144, 28.322241601846819 ], [ 85.34198372, 28.322241601846819 ], [ 85.34198372, 28.321895953286255 ], [ 85.340807084, 28.321895953286255 ], [ 85.340807084, 28.321204656165126 ], [ 85.340414872, 28.321204656165126 ], [ 85.340414872, 28.320167710483432 ], [ 85.340807084, 28.320167710483432 ], [ 85.340807084, 28.319476413362302 ], [ 85.341199296, 28.319476413362302 ], [ 85.341199296, 28.319130764801738 ], [ 85.34237593200001, 28.319130764801738 ], [ 85.34237593200001, 28.319476413362302 ], [ 85.344729204, 28.319476413362302 ], [ 85.344729204, 28.319822061922867 ], [ 85.345121416, 28.319822061922867 ], [ 85.345121416, 28.320167710483432 ], [ 85.345513628, 28.320167710483432 ], [ 85.345513628, 28.320859007604561 ], [ 85.34590584, 28.320859007604561 ], [ 85.34590584, 28.322932898967952 ], [ 85.345513628, 28.322932898967952 ], [ 85.345513628, 28.323624196089082 ], [ 85.34394478, 28.323624196089082 ] ] ] } },
{ "type": "Feature", "properties": { "area_m2": 3210449.9254185613, "lat": 28.30806041392108, "lon": 85.346466438565358 }, "geometry": { "type": "Polygon", "coordinates": [ [ [ 85.350220172, 28.323969844649646 ], [ 85.350220172, 28.323624196089082 ], [ 85.34982796, 28.323624196089082 ], [ 85.34982796, 28.322932898967952 ], [ 85.349435748, 28.322932898967952 ], [ 85.349435748, 28.321895953286255 ], [ 85.349043536, 28.321895953286255 ], [ 85.349043536, 28.319822061922867 ], [ 85.348651324, 28.319822061922867 ], [ 85.348651324, 28.318785116241173 ], [ 85.348259112, 28.318785116241173 ], [ 85.348259112, 28.31809381912004 ], [ 85.3478669, 28.31809381912004 ], [ 85.3478669, 28.317748170559476 ], [ 85.347082476, 28.317748170559476 ], [ 85.347082476, 28.317402521998911 ], [ 85.346690264, 28.317402521998911 ], [ 85.346690264, 28.316711224877782 ], [ 85.346298052, 28.316711224877782 ], [ 85.346298052, 28.314982982074959 ], [ 85.34590584, 28.314982982074959 ], [ 85.34590584, 28.313254739272132 ], [ 85.345513628, 28.313254739272132 ], [ 85.345513628, 28.312563442151003 ], [ 85.345121416, 28.312563442151003 ], [ 85.345121416, 28.311872145029874 ], [ 85.344729204, 28.311872145029874 ], [ 85.344729204, 28.310489550787615 ], [ 85.344336992, 28.310489550787615 ], [ 85.344336992, 28.309798253666486 ], [ 85.34394478, 28.309798253666486 ], [ 85.34394478, 28.31014390222705 ], [ 85.343160356, 28.31014390222705 ], [ 85.343160356, 28.310489550787615 ], [ 85.342768144, 28.310489550787615 ], [ 85.342768144, 28.31083519934818 ], [ 85.341591508, 28.31083519934818 ], [ 85.341591508, 28.311180847908744 ], [ 85.341199296, 28.311180847908744 ], [ 85.341199296, 28.31083519934818 ], [ 85.340807084, 28.31083519934818 ], [ 85.340807084, 28.309798253666486 ], [ 85.340414872, 28.309798253666486 ], [ 85.340414872, 28.309452605105918 ], [ 85.34002266, 28.309452605105918 ], [ 85.34002266, 28.309106956545353 ], [ 85.339630448, 28.309106956545353 ], [ 85.339630448, 28.308761307984788 ], [ 85.339238236, 28.308761307984788 ], [ 85.339238236, 28.308415659424224 ], [ 85.3380616, 28.308415659424224 ], [ 85.3380616, 28.308070010863659 ], [ 85.337669388, 28.308070010863659 ], [ 85.337669388, 28.307724362303095 ], [ 85.336884964, 28.307724362303095 ], [ 85.336884964, 28.307033065181965 ], [ 85.336492752, 28.307033065181965 ], [ 85.336492752, 28.306687416621401 ], [ 85.33610054, 28.306687416621401 ], [ 85.33610054, 28.306341768060836 ], [ 85.335316116, 28.306341768060836 ], [ 85.335316116, 28.305996119500271 ], [ 85.334531692, 28.305996119500271 ], [ 85.334531692, 28.305650470939707 ], [ 85.333747268, 28.305650470939707 ], [ 85.333747268, 28.304959173818574 ], [ 85.333355056, 28.304959173818574 ], [ 85.333355056, 28.30392222813688 ], [ 85.333747268, 28.30392222813688 ], [ 85.333747268, 28.303230931015751 ], [ 85.33413948, 28.303230931015751 ], [ 85.33413948, 28.302539633894622 ], [ 85.334531692, 28.302539633894622 ], [ 85.334531692, 28.302193985334057 ], [ 85.334923904, 28.302193985334057 ], [ 85.334923904, 28.301848336773492 ], [ 85.335316116, 28.301848336773492 ], [ 85.335316116, 28.301502688212928 ], [ 85.33570832800001, 28.301502688212928 ], [ 85.33570832800001, 28.301157039652363 ], [ 85.33610054, 28.301157039652363 ], [ 85.33610054, 28.300811391091795 ], [ 85.336492752, 28.300811391091795 ], [ 85.336492752, 28.300120093970666 ], [ 85.336884964, 28.300120093970666 ], [ 85.336884964, 28.299774445410101 ], [ 85.337277176, 28.299774445410101 ], [ 85.337277176, 28.299083148288972 ], [ 85.337669388, 28.299083148288972 ], [ 85.337669388, 28.297354905486149 ], [ 85.34590584, 28.297354905486149 ], [ 85.34590584, 28.300811391091795 ], [ 85.345513628, 28.300811391091795 ], [ 85.345513628, 28.301157039652363 ], [ 85.34394478, 28.301157039652363 ], [ 85.34394478, 28.302193985334057 ], [ 85.344336992, 28.302193985334057 ], [ 85.344336992, 28.302539633894622 ], [ 85.345121416, 28.302539633894622 ], [ 85.345121416, 28.302193985334057 ], [ 85.34590584, 28.302193985334057 ], [ 85.34590584, 28.301848336773492 ], [ 85.346298052, 28.301848336773492 ], [ 85.346298052, 28.302193985334057 ], [ 85.347082476, 28.302193985334057 ], [ 85.347082476, 28.302539633894622 ], [ 85.347474688, 28.302539633894622 ], [ 85.347474688, 28.302193985334057 ], [ 85.3478669, 28.302193985334057 ], [ 85.3478669, 28.301848336773492 ], [ 85.348259112, 28.301848336773492 ], [ 85.348259112, 28.301157039652363 ], [ 85.348651324, 28.301157039652363 ], [ 85.348651324, 28.30046574253123 ], [ 85.349043536, 28.30046574253123 ], [ 85.349043536, 28.300120093970666 ], [ 85.349435748, 28.300120093970666 ], [ 85.349435748, 28.299774445410101 ], [ 85.350220172, 28.299774445410101 ], [ 85.350220172, 28.299428796849536 ], [ 85.35100459600001, 28.299428796849536 ], [ 85.35100459600001, 28.299774445410101 ], [ 85.352181232, 28.299774445410101 ], [ 85.352181232, 28.300120093970666 ], [ 85.352965656, 28.300120093970666 ], [ 85.352965656, 28.30046574253123 ], [ 85.353357868, 28.30046574253123 ], [ 85.353357868, 28.300811391091795 ], [ 85.354142292, 28.300811391091795 ], [ 85.354142292, 28.301157039652363 ], [ 85.354534504, 28.301157039652363 ], [ 85.354534504, 28.301502688212928 ], [ 85.354926716, 28.301502688212928 ], [ 85.354926716, 28.302885282455186 ], [ 85.354534504, 28.302885282455186 ], [ 85.354534504, 28.304613525258009 ], [ 85.354142292, 28.304613525258009 ], [ 85.354142292, 28.305996119500271 ], [ 85.35375008, 28.305996119500271 ], [ 85.35375008, 28.306687416621401 ], [ 85.353357868, 28.306687416621401 ], [ 85.353357868, 28.307724362303095 ], [ 85.35375008, 28.307724362303095 ], [ 85.35375008, 28.309452605105918 ], [ 85.354142292, 28.309452605105918 ], [ 85.354142292, 28.313946036393265 ], [ 85.354534504, 28.313946036393265 ], [ 85.354534504, 28.319476413362302 ], [ 85.354926716, 28.319476413362302 ], [ 85.354926716, 28.320167710483432 ], [ 85.355318928, 28.320167710483432 ], [ 85.355318928, 28.320513359043996 ], [ 85.35571114, 28.320513359043996 ], [ 85.35571114, 28.321204656165126 ], [ 85.355318928, 28.321204656165126 ], [ 85.355318928, 28.32155030472569 ], [ 85.354534504, 28.32155030472569 ], [ 85.354534504, 28.321895953286255 ], [ 85.35375008, 28.321895953286255 ], [ 85.35375008, 28.322241601846819 ], [ 85.352965656, 28.322241601846819 ], [ 85.352965656, 28.322587250407388 ], [ 85.352181232, 28.322587250407388 ], [ 85.352181232, 28.322932898967952 ], [ 85.351396808, 28.322932898967952 ], [ 85.351396808, 28.323278547528517 ], [ 85.35100459600001, 28.323278547528517 ], [ 85.35100459600001, 28.323969844649646 ], [ 85.350220172, 28.323969844649646 ] ] ] } },
{ "type": "Feature", "properties": { "area_m2": 14120062.732924597, "lat": 28.312679476156326, "lon": 84.853410553892374 }, "geometry": { "type": "Polygon", "coordinates": [ [ [ 84.856817476, 28.336413192829983 ], [ 84.856817476, 28.336067544269419 ], [ 84.85564084, 28.336067544269419 ], [ 84.85564084, 28.335721895708854 ], [ 84.854856416, 28.335721895708854 ], [ 84.854856416, 28.335376247148286 ], [ 84.854464204, 28.335376247148286 ], [ 84.854464204, 28.334684950027157 ], [ 84.854071992, 28.334684950027157 ], [ 84.854071992, 28.333648004345463 ], [ 84.85367978, 28.333648004345463 ], [ 84.85367978, 28.332611058663769 ], [ 84.853287568, 28.332611058663769 ], [ 84.853287568, 28.331574112982075 ], [ 84.852895356, 28.331574112982075 ], [ 84.852895356, 28.330882815860942 ], [ 84.852503144, 28.330882815860942 ], [ 84.852503144, 28.330537167300378 ], [ 84.852110932, 28.330537167300378 ], [ 84.852110932, 28.329845870179248 ], [ 84.85171872, 28.329845870179248 ], [ 84.85171872, 28.329500221618684 ], [ 84.850934296, 28.329500221618684 ], [ 84.850934296, 28.328808924497555 ], [ 84.851326508, 28.328808924497555 ], [ 84.851326508, 28.328117627376425 ], [ 84.85171872, 28.328117627376425 ], [ 84.85171872, 28.326735033134163 ], [ 84.852110932, 28.326735033134163 ], [ 84.852110932, 28.326043736013034 ], [ 84.85171872, 28.326043736013034 ], [ 84.85171872, 28.32500679033134 ], [ 84.851326508, 28.32500679033134 ], [ 84.851326508, 28.324661141770775 ], [ 84.850934296, 28.324661141770775 ], [ 84.850934296, 28.324315493210211 ], [ 84.850149872, 28.324315493210211 ], [ 84.850149872, 28.323969844649646 ], [ 84.849365448, 28.323969844649646 ], [ 84.849365448, 28.323624196089082 ], [ 84.848188812, 28.323624196089082 ], [ 84.848188812, 28.323278547528517 ], [ 84.8477966, 28.323278547528517 ], [ 84.8477966, 28.322932898967952 ], [ 84.847404388, 28.322932898967952 ], [ 84.847404388, 28.322587250407388 ], [ 84.847012176, 28.322587250407388 ], [ 84.847012176, 28.322241601846819 ], [ 84.84583554, 28.322241601846819 ], [ 84.84583554, 28.321895953286255 ], [ 84.845051116, 28.321895953286255 ], [ 84.845051116, 28.322241601846819 ], [ 84.844266692, 28.322241601846819 ], [ 84.844266692, 28.322587250407388 ], [ 84.843090056, 28.322587250407388 ], [ 84.843090056, 28.322932898967952 ], [ 84.84191342, 28.322932898967952 ], [ 84.84191342, 28.323278547528517 ], [ 84.840344572, 28.323278547528517 ], [ 84.840344572, 28.323624196089082 ], [ 84.838775724, 28.323624196089082 ], [ 84.838775724, 28.323969844649646 ], [ 84.836422452, 28.323969844649646 ], [ 84.836422452, 28.324315493210211 ], [ 84.83603024, 28.324315493210211 ], [ 84.83603024, 28.323969844649646 ], [ 84.835638028, 28.323969844649646 ], [ 84.835638028, 28.323624196089082 ], [ 84.835245816, 28.323624196089082 ], [ 84.835245816, 28.323278547528517 ], [ 84.834853604, 28.323278547528517 ], [ 84.834853604, 28.322932898967952 ], [ 84.834461392, 28.322932898967952 ], [ 84.834461392, 28.322587250407388 ], [ 84.83406918, 28.322587250407388 ], [ 84.83406918, 28.321895953286255 ], [ 84.833676968, 28.321895953286255 ], [ 84.833676968, 28.318785116241173 ], [ 84.83406918, 28.318785116241173 ], [ 84.83406918, 28.317748170559476 ], [ 84.833676968, 28.317748170559476 ], [ 84.833676968, 28.317402521998911 ], [ 84.833284756, 28.317402521998911 ], [ 84.833284756, 28.316711224877782 ], [ 84.832892544, 28.316711224877782 ], [ 84.832892544, 28.316365576317217 ], [ 84.83210812, 28.316365576317217 ], [ 84.83210812, 28.316019927756653 ], [ 84.831715908, 28.316019927756653 ], [ 84.831715908, 28.315674279196088 ], [ 84.831323696, 28.315674279196088 ], [ 84.831323696, 28.314982982074959 ], [ 84.830539272, 28.314982982074959 ], [ 84.830539272, 28.314637333514394 ], [ 84.83014706, 28.314637333514394 ], [ 84.83014706, 28.31429168495383 ], [ 84.829754848, 28.31429168495383 ], [ 84.829754848, 28.313946036393265 ], [ 84.828186, 28.313946036393265 ], [ 84.828186, 28.309106956545353 ], [ 84.829754848, 28.309106956545353 ], [ 84.829754848, 28.308761307984788 ], [ 84.83014706, 28.308761307984788 ], [ 84.83014706, 28.308415659424224 ], [ 84.830539272, 28.308415659424224 ], [ 84.830539272, 28.307724362303095 ], [ 84.830931484, 28.307724362303095 ], [ 84.830931484, 28.30737871374253 ], [ 84.831323696, 28.30737871374253 ], [ 84.831323696, 28.304267876697445 ], [ 84.830931484, 28.304267876697445 ], [ 84.830931484, 28.30392222813688 ], [ 84.830539272, 28.30392222813688 ], [ 84.830539272, 28.303230931015751 ], [ 84.83014706, 28.303230931015751 ], [ 84.83014706, 28.302885282455186 ], [ 84.829754848, 28.302885282455186 ], [ 84.829754848, 28.302539633894622 ], [ 84.828186, 28.302539633894622 ], [ 84.828186, 28.297354905486149 ], [ 84.867799412, 28.297354905486149 ], [ 84.867799412, 28.298737499728407 ], [ 84.868191624, 28.298737499728407 ], [ 84.868191624, 28.299083148288972 ], [ 84.868583836, 28.299083148288972 ], [ 84.868583836, 28.299428796849536 ], [ 84.868976048, 28.299428796849536 ], [ 84.868976048, 28.299774445410101 ], [ 84.86936826, 28.299774445410101 ], [ 84.86936826, 28.300120093970666 ], [ 84.869760472, 28.300120093970666 ], [ 84.869760472, 28.30046574253123 ], [ 84.870152684, 28.30046574253123 ], [ 84.870152684, 28.300811391091795 ], [ 84.870937108, 28.300811391091795 ], [ 84.870937108, 28.301157039652363 ], [ 84.87132932, 28.301157039652363 ], [ 84.87132932, 28.301502688212928 ], [ 84.871721532, 28.301502688212928 ], [ 84.871721532, 28.303230931015751 ], [ 84.87132932, 28.303230931015751 ], [ 84.87132932, 28.304613525258009 ], [ 84.871721532, 28.304613525258009 ], [ 84.871721532, 28.305304822379142 ], [ 84.872113744, 28.305304822379142 ], [ 84.872113744, 28.305996119500271 ], [ 84.872505956, 28.305996119500271 ], [ 84.872505956, 28.306687416621401 ], [ 84.872898168, 28.306687416621401 ], [ 84.872898168, 28.307033065181965 ], [ 84.87329038, 28.307033065181965 ], [ 84.87329038, 28.30737871374253 ], [ 84.874467016, 28.30737871374253 ], [ 84.874467016, 28.307724362303095 ], [ 84.875643652, 28.307724362303095 ], [ 84.875643652, 28.308070010863659 ], [ 84.876428076, 28.308070010863659 ], [ 84.876428076, 28.308415659424224 ], [ 84.876820288, 28.308415659424224 ], [ 84.876820288, 28.308761307984788 ], [ 84.878389136, 28.308761307984788 ], [ 84.878389136, 28.314982982074959 ], [ 84.877996924, 28.314982982074959 ], [ 84.877996924, 28.315328630635523 ], [ 84.876820288, 28.315328630635523 ], [ 84.876820288, 28.316019927756653 ], [ 84.876428076, 28.316019927756653 ], [ 84.876428076, 28.317402521998911 ], [ 84.876035864, 28.317402521998911 ], [ 84.876035864, 28.319822061922867 ], [ 84.875643652, 28.319822061922867 ], [ 84.875643652, 28.321204656165126 ], [ 84.87525144, 28.321204656165126 ], [ 84.87525144, 28.32155030472569 ], [ 84.874859228, 28.32155030472569 ], [ 84.874859228, 28.322241601846819 ], [ 84.874467016, 28.322241601846819 ], [ 84.874467016, 28.322587250407388 ], [ 84.874074804, 28.322587250407388 ], [ 84.874074804, 28.322932898967952 ], [ 84.873682592, 28.322932898967952 ], [ 84.873682592, 28.323278547528517 ], [ 84.872898168, 28.323278547528517 ], [ 84.872898168, 28.323624196089082 ], [ 84.870544896, 28.323624196089082 ], [ 84.870544896, 28.323969844649646 ], [ 84.870152684, 28.323969844649646 ], [ 84.870152684, 28.324661141770775 ], [ 84.869760472, 28.324661141770775 ], [ 84.869760472, 28.32500679033134 ], [ 84.868976048, 28.32500679033134 ], [ 84.868976048, 28.325352438891905 ], [ 84.868583836, 28.325352438891905 ], [ 84.868583836, 28.325698087452469 ], [ 84.8674072, 28.325698087452469 ], [ 84.8674072, 28.326043736013034 ], [ 84.867014988, 28.326043736013034 ], [ 84.867014988, 28.326389384573599 ], [ 84.866622776, 28.326389384573599 ], [ 84.866622776, 28.327080681694731 ], [ 84.866230564, 28.327080681694731 ], [ 84.866230564, 28.328117627376425 ], [ 84.865838352, 28.328117627376425 ], [ 84.865838352, 28.329154573058119 ], [ 84.86544614, 28.329154573058119 ], [ 84.86544614, 28.329500221618684 ], [ 84.865053928, 28.329500221618684 ], [ 84.865053928, 28.329845870179248 ], [ 84.864661716, 28.329845870179248 ], [ 84.864661716, 28.330191518739813 ], [ 84.864269504, 28.330191518739813 ], [ 84.864269504, 28.330537167300378 ], [ 84.863877292, 28.330537167300378 ], [ 84.863877292, 28.330882815860942 ], [ 84.86348508, 28.330882815860942 ], [ 84.86348508, 28.331574112982075 ], [ 84.863092868, 28.331574112982075 ], [ 84.863092868, 28.332265410103204 ], [ 84.862700656, 28.332265410103204 ], [ 84.862700656, 28.333302355784898 ], [ 84.862308444, 28.333302355784898 ], [ 84.862308444, 28.333993652906027 ], [ 84.861916232, 28.333993652906027 ], [ 84.861916232, 28.334684950027157 ], [ 84.86152402, 28.334684950027157 ], [ 84.86152402, 28.335030598587721 ], [ 84.860739596, 28.335030598587721 ], [ 84.860739596, 28.335376247148286 ], [ 84.859955172, 28.335376247148286 ], [ 84.859955172, 28.335721895708854 ], [ 84.859170748, 28.335721895708854 ], [ 84.859170748, 28.336067544269419 ], [ 84.858386324, 28.336067544269419 ], [ 84.858386324, 28.336413192829983 ], [ 84.856817476, 28.336413192829983 ] ] ] } },
{ "type": "Feature", "properties": { "area_m2": 176833.64973650937, "lat": 28.288244185510592, "lon": 85.359574428200006 }, "geometry": { "type": "Polygon", "coordinates": [ [ [ 85.359241048, 28.290787582835414 ], [ 85.359241048, 28.290441934274849 ], [ 85.358456624, 28.290441934274849 ], [ 85.358456624, 28.290096285714284 ], [ 85.358064412, 28.290096285714284 ], [ 85.358064412, 28.289404988593155 ], [ 85.3576722, 28.289404988593155 ], [ 85.3576722, 28.285948502987505 ], [ 85.360417684, 28.285948502987505 ], [ 85.360417684, 28.28629415154807 ], [ 85.360809896, 28.28629415154807 ], [ 85.360809896, 28.286639800108635 ], [ 85.361202108, 28.286639800108635 ], [ 85.361202108, 28.286985448669199 ], [ 85.36159432, 28.286985448669199 ], [ 85.36159432, 28.289404988593155 ], [ 85.361202108, 28.289404988593155 ], [ 85.361202108, 28.290441934274849 ], [ 85.360417684, 28.290441934274849 ], [ 85.360417684, 28.290787582835414 ], [ 85.359241048, 28.290787582835414 ] ] ] } },
{ "type": "Feature", "properties": { "area_m2": 1473.7767536323447, "lat": 28.279208356056497, "lon": 85.325706922000009 }, "geometry": { "type": "Polygon", "coordinates": [ [ [ 85.325510816, 28.279381180336774 ], [ 85.325510816, 28.279035531776206 ], [ 85.325903028, 28.279035531776206 ], [ 85.325903028, 28.279381180336774 ], [ 85.325510816, 28.279381180336774 ] ] ] } },
{ "type": "Feature", "properties": { "area_m2": 157741.58864126232, "lat": 28.277460731091388, "lon": 84.998734073177573 }, "geometry": { "type": "Polygon", "coordinates": [ [ [ 84.999190432, 28.280072477457903 ], [ 84.999190432, 28.279726828897338 ], [ 84.99879822, 28.279726828897338 ], [ 84.99879822, 28.279381180336774 ], [ 84.998406008, 28.279381180336774 ], [ 84.998406008, 28.278689883215641 ], [ 84.998013796, 28.278689883215641 ], [ 84.998013796, 28.278344234655076 ], [ 84.997621584, 28.278344234655076 ], [ 84.997621584, 28.277998586094512 ], [ 84.99683716, 28.277998586094512 ], [ 84.99683716, 28.277652937533947 ], [ 84.996444948, 28.277652937533947 ], [ 84.996444948, 28.277307288973383 ], [ 84.996052736, 28.277307288973383 ], [ 84.996052736, 28.276961640412818 ], [ 84.995660524, 28.276961640412818 ], [ 84.995660524, 28.276270343291689 ], [ 84.996052736, 28.276270343291689 ], [ 84.996052736, 28.275924694731124 ], [ 84.998013796, 28.275924694731124 ], [ 84.998013796, 28.275579046170559 ], [ 84.999974856, 28.275579046170559 ], [ 84.999974856, 28.275924694731124 ], [ 85.000367068, 28.275924694731124 ], [ 85.000367068, 28.276615991852253 ], [ 85.00075928, 28.276615991852253 ], [ 85.00075928, 28.279035531776206 ], [ 85.001151492, 28.279035531776206 ], [ 85.001151492, 28.279381180336774 ], [ 85.000367068, 28.279381180336774 ], [ 85.000367068, 28.279726828897338 ], [ 84.999582644, 28.279726828897338 ], [ 84.999582644, 28.280072477457903 ], [ 84.999190432, 28.280072477457903 ] ] ] } },
{ "type": "Feature", "properties": { "area_m2": 13264.64432674325, "lat": 28.270951195998549, "lon": 85.360352315333344 }, "geometry": { "type": "Polygon", "coordinates": [ [ [ 85.35963326000001, 28.27143126344378 ], [ 85.35963326000001, 28.270739966322651 ], [ 85.360025472, 28.270739966322651 ], [ 85.360025472, 28.270394317762083 ], [ 85.360809896, 28.270394317762083 ], [ 85.360809896, 28.270739966322651 ], [ 85.361202108, 28.270739966322651 ], [ 85.361202108, 28.271085614883216 ], [ 85.360809896, 28.271085614883216 ], [ 85.360809896, 28.27143126344378 ], [ 85.35963326000001, 28.27143126344378 ] ] ] } },
{ "type": "Feature", "properties": { "area_m2": 19167.474320246656, "lat": 28.268227367170851, "lon": 84.948187786923057 }, "geometry": { "type": "Polygon", "coordinates": [ [ [ 84.947026236, 28.26866607495926 ], [ 84.947026236, 28.267974777838131 ], [ 84.948202872, 28.267974777838131 ], [ 84.948202872, 28.267629129277566 ], [ 84.948987296, 28.267629129277566 ], [ 84.948987296, 28.267974777838131 ], [ 84.949379508, 28.267974777838131 ], [ 84.949379508, 28.268320426398695 ], [ 84.948987296, 28.268320426398695 ], [ 84.948987296, 28.26866607495926 ], [ 84.947026236, 28.26866607495926 ] ] ] } },
{ "type": "Feature", "properties": { "area_m2": 178337.88742843646, "lat": 28.269178834600758, "lon": 85.364513220049602 }, "geometry": { "type": "Polygon", "coordinates": [ [ [ 85.365124228, 28.271085614883216 ], [ 85.365124228, 28.270739966322651 ], [ 85.363947592, 28.270739966322651 ], [ 85.363947592, 28.270394317762083 ], [ 85.361986532, 28.270394317762083 ], [ 85.361986532, 28.270048669201518 ], [ 85.36159432, 28.270048669201518 ], [ 85.36159432, 28.267974777838131 ], [ 85.362378744, 28.267974777838131 ], [ 85.362378744, 28.267629129277566 ], [ 85.36551644, 28.267629129277566 ], [ 85.36551644, 28.267283480717001 ], [ 85.36630086400001, 28.267283480717001 ], [ 85.36630086400001, 28.267629129277566 ], [ 85.366693076, 28.267629129277566 ], [ 85.366693076, 28.268320426398695 ], [ 85.367085288, 28.268320426398695 ], [ 85.367085288, 28.270739966322651 ], [ 85.366693076, 28.270739966322651 ], [ 85.366693076, 28.271085614883216 ], [ 85.365124228, 28.271085614883216 ] ] ] } },
{ "type": "Feature", "properties": { "area_m2": 555819.218166754, "lat": 28.269690643305225, "lon": 85.002259985066331 }, "geometry": { "type": "Polygon", "coordinates": [ [ [ 85.001935916, 28.274542100488862 ], [ 85.001935916, 28.274196451928297 ], [ 85.00075928, 28.274196451928297 ], [ 85.00075928, 28.273850803367733 ], [ 85.000367068, 28.273850803367733 ], [ 85.000367068, 28.273505154807168 ], [ 84.999974856, 28.273505154807168 ], [ 84.999974856, 28.273159506246603 ], [ 84.999190432, 28.273159506246603 ], [ 84.999190432, 28.272813857686039 ], [ 84.99879822, 28.272813857686039 ], [ 84.99879822, 28.272468209125474 ], [ 84.998406008, 28.272468209125474 ], [ 84.998406008, 28.271085614883216 ], [ 84.998013796, 28.271085614883216 ], [ 84.998013796, 28.269357372080389 ], [ 84.997621584, 28.269357372080389 ], [ 84.997621584, 28.267974777838131 ], [ 84.998013796, 28.267974777838131 ], [ 84.998013796, 28.267629129277566 ], [ 84.998406008, 28.267629129277566 ], [ 84.998406008, 28.267283480717001 ], [ 84.99879822, 28.267283480717001 ], [ 84.99879822, 28.266937832156437 ], [ 85.001151492, 28.266937832156437 ], [ 85.001151492, 28.267283480717001 ], [ 85.00272034, 28.267283480717001 ], [ 85.00272034, 28.266937832156437 ], [ 85.003504764, 28.266937832156437 ], [ 85.003504764, 28.266592183595872 ], [ 85.004289188, 28.266592183595872 ], [ 85.004289188, 28.266246535035304 ], [ 85.005073612, 28.266246535035304 ], [ 85.005073612, 28.265900886474739 ], [ 85.006250248, 28.265900886474739 ], [ 85.006250248, 28.266246535035304 ], [ 85.00664246, 28.266246535035304 ], [ 85.00664246, 28.266592183595872 ], [ 85.007034672, 28.266592183595872 ], [ 85.007034672, 28.266937832156437 ], [ 85.007426884, 28.266937832156437 ], [ 85.007426884, 28.269357372080389 ], [ 85.007034672, 28.269357372080389 ], [ 85.007034672, 28.269703020640954 ], [ 85.00664246, 28.269703020640954 ], [ 85.00664246, 28.270048669201518 ], [ 85.006250248, 28.270048669201518 ], [ 85.006250248, 28.270394317762083 ], [ 85.005465824, 28.270394317762083 ], [ 85.005465824, 28.270739966322651 ], [ 85.004289188, 28.270739966322651 ], [ 85.004289188, 28.271085614883216 ], [ 85.003504764, 28.271085614883216 ], [ 85.003504764, 28.27212256056491 ], [ 85.003112552, 28.27212256056491 ], [ 85.003112552, 28.273850803367733 ], [ 85.00272034, 28.273850803367733 ], [ 85.00272034, 28.274196451928297 ], [ 85.002328128, 28.274196451928297 ], [ 85.002328128, 28.274542100488862 ], [ 85.001935916, 28.274542100488862 ] ] ] } },
{ "type": "Feature", "properties": { "area_m2": 29478.503297456147, "lat": 28.265468825774036, "lon": 85.359044941999997 }, "geometry": { "type": "Polygon", "coordinates": [ [ [ 85.35963326000001, 28.266246535035304 ], [ 85.35963326000001, 28.265900886474739 ], [ 85.3576722, 28.265900886474739 ], [ 85.3576722, 28.265555237914175 ], [ 85.357279988, 28.265555237914175 ], [ 85.357279988, 28.26520958935361 ], [ 85.358456624, 28.26520958935361 ], [ 85.358456624, 28.264863940793045 ], [ 85.360025472, 28.264863940793045 ], [ 85.360025472, 28.26520958935361 ], [ 85.360417684, 28.26520958935361 ], [ 85.360417684, 28.265900886474739 ], [ 85.360025472, 28.265900886474739 ], [ 85.360025472, 28.266246535035304 ], [ 85.35963326000001, 28.266246535035304 ] ] ] } },
{ "type": "Feature", "properties": { "area_m2": 114969.31488430084, "lat": 28.257193201583597, "lon": 85.421125061897442 }, "geometry": { "type": "Polygon", "coordinates": [ [ [ 85.421602756, 28.258642266702878 ], [ 85.421602756, 28.258296618142314 ], [ 85.419641696, 28.258296618142314 ], [ 85.419641696, 28.257950969581749 ], [ 85.418857272, 28.257950969581749 ], [ 85.418857272, 28.257605321021181 ], [ 85.41846506, 28.257605321021181 ], [ 85.41846506, 28.256914023900052 ], [ 85.418857272, 28.256914023900052 ], [ 85.418857272, 28.256568375339487 ], [ 85.419249484, 28.256568375339487 ], [ 85.419249484, 28.255877078218358 ], [ 85.421994968, 28.255877078218358 ], [ 85.421994968, 28.256222726778923 ], [ 85.423171604, 28.256222726778923 ], [ 85.423171604, 28.256914023900052 ], [ 85.423563816, 28.256914023900052 ], [ 85.423563816, 28.257950969581749 ], [ 85.423171604, 28.257950969581749 ], [ 85.423171604, 28.258296618142314 ], [ 85.42277939200001, 28.258296618142314 ], [ 85.42277939200001, 28.258642266702878 ], [ 85.421602756, 28.258642266702878 ] ] ] } },
{ "type": "Feature", "properties": { "area_m2": 4423.8009241897998, "lat": 28.256049902498638, "lon": 84.936632618000004 }, "geometry": { "type": "Polygon", "coordinates": [ [ [ 84.9360443, 28.256222726778923 ], [ 84.9360443, 28.255877078218358 ], [ 84.937220936, 28.255877078218358 ], [ 84.937220936, 28.256222726778923 ], [ 84.9360443, 28.256222726778923 ] ] ] } },
{ "type": "Feature", "properties": { "area_m2": 10464317.313316245, "lat": 28.271875446185565, "lon": 85.342977065941398 }, "geometry": { "type": "Polygon", "coordinates": [ [ [ 85.3478669, 28.29251582563824 ], [ 85.3478669, 28.292170177077672 ], [ 85.347474688, 28.292170177077672 ], [ 85.347474688, 28.291824528517107 ], [ 85.346298052, 28.291824528517107 ], [ 85.346298052, 28.291478879956543 ], [ 85.34237593200001, 28.291478879956543 ], [ 85.34237593200001, 28.291824528517107 ], [ 85.341199296, 28.291824528517107 ], [ 85.341199296, 28.292170177077672 ], [ 85.337277176, 28.292170177077672 ], [ 85.337277176, 28.291824528517107 ], [ 85.336492752, 28.291824528517107 ], [ 85.336492752, 28.291478879956543 ], [ 85.33610054, 28.291478879956543 ], [ 85.33610054, 28.291133231395978 ], [ 85.33570832800001, 28.291133231395978 ], [ 85.33570832800001, 28.286639800108635 ], [ 85.33610054, 28.286639800108635 ], [ 85.33610054, 28.285602854426941 ], [ 85.336492752, 28.285602854426941 ], [ 85.336492752, 28.285257205866376 ], [ 85.336884964, 28.285257205866376 ], [ 85.336884964, 28.284911557305811 ], [ 85.336492752, 28.284911557305811 ], [ 85.336492752, 28.284565908745247 ], [ 85.33610054, 28.284565908745247 ], [ 85.33610054, 28.283874611624118 ], [ 85.33570832800001, 28.283874611624118 ], [ 85.33570832800001, 28.28283766594242 ], [ 85.335316116, 28.28283766594242 ], [ 85.335316116, 28.281800720260726 ], [ 85.33570832800001, 28.281800720260726 ], [ 85.33570832800001, 28.280763774579032 ], [ 85.33610054, 28.280763774579032 ], [ 85.33610054, 28.280418126018468 ], [ 85.336492752, 28.280418126018468 ], [ 85.336492752, 28.280072477457903 ], [ 85.336884964, 28.280072477457903 ], [ 85.336884964, 28.279726828897338 ], [ 85.337277176, 28.279726828897338 ], [ 85.337277176, 28.279381180336774 ], [ 85.3380616, 28.279381180336774 ], [ 85.3380616, 28.278344234655076 ], [ 85.337669388, 28.278344234655076 ], [ 85.337669388, 28.277652937533947 ], [ 85.336884964, 28.277652937533947 ], [ 85.336884964, 28.277307288973383 ], [ 85.33570832800001, 28.277307288973383 ], [ 85.33570832800001, 28.276961640412818 ], [ 85.334923904, 28.276961640412818 ], [ 85.334923904, 28.277307288973383 ], [ 85.334531692, 28.277307288973383 ], [ 85.334531692, 28.276615991852253 ], [ 85.33413948, 28.276615991852253 ], [ 85.33413948, 28.275924694731124 ], [ 85.333747268, 28.275924694731124 ], [ 85.333747268, 28.275233397609995 ], [ 85.333355056, 28.275233397609995 ], [ 85.333355056, 28.274542100488862 ], [ 85.332962844, 28.274542100488862 ], [ 85.332962844, 28.273850803367733 ], [ 85.332570632, 28.273850803367733 ], [ 85.332570632, 28.273159506246603 ], [ 85.33217842, 28.273159506246603 ], [ 85.33217842, 28.272813857686039 ], [ 85.33021736, 28.272813857686039 ], [ 85.33021736, 28.278344234655076 ], [ 85.327471876, 28.278344234655076 ], [ 85.327471876, 28.277998586094512 ], [ 85.32707966400001, 28.277998586094512 ], [ 85.32707966400001, 28.277652937533947 ], [ 85.326687452, 28.277652937533947 ], [ 85.326687452, 28.276615991852253 ], [ 85.32629524, 28.276615991852253 ], [ 85.32629524, 28.276270343291689 ], [ 85.325903028, 28.276270343291689 ], [ 85.325903028, 28.275924694731124 ], [ 85.325510816, 28.275924694731124 ], [ 85.325510816, 28.275579046170559 ], [ 85.325118604, 28.275579046170559 ], [ 85.325118604, 28.275233397609995 ], [ 85.324726392, 28.275233397609995 ], [ 85.324726392, 28.274542100488862 ], [ 85.32433418, 28.274542100488862 ], [ 85.32433418, 28.273850803367733 ], [ 85.323941968, 28.273850803367733 ], [ 85.323941968, 28.271776912004345 ], [ 85.323549756, 28.271776912004345 ], [ 85.323549756, 28.270739966322651 ], [ 85.323157544, 28.270739966322651 ], [ 85.323157544, 28.270394317762083 ], [ 85.322765332, 28.270394317762083 ], [ 85.322765332, 28.270048669201518 ], [ 85.32237312, 28.270048669201518 ], [ 85.32237312, 28.269703020640954 ], [ 85.321980908, 28.269703020640954 ], [ 85.321980908, 28.269357372080389 ], [ 85.321588696, 28.269357372080389 ], [ 85.321588696, 28.269011723519824 ], [ 85.321196484, 28.269011723519824 ], [ 85.321196484, 28.268320426398695 ], [ 85.320804272, 28.268320426398695 ], [ 85.320804272, 28.266937832156437 ], [ 85.321196484, 28.266937832156437 ], [ 85.321196484, 28.265900886474739 ], [ 85.321588696, 28.265900886474739 ], [ 85.321588696, 28.265555237914175 ], [ 85.32237312, 28.265555237914175 ], [ 85.32237312, 28.264172643671916 ], [ 85.322765332, 28.264172643671916 ], [ 85.322765332, 28.263826995111351 ], [ 85.323549756, 28.263826995111351 ], [ 85.323549756, 28.263481346550787 ], [ 85.323941968, 28.263481346550787 ], [ 85.323941968, 28.263135697990222 ], [ 85.324726392, 28.263135697990222 ], [ 85.324726392, 28.262790049429658 ], [ 85.325118604, 28.262790049429658 ], [ 85.325118604, 28.262444400869093 ], [ 85.325510816, 28.262444400869093 ], [ 85.325510816, 28.262098752308528 ], [ 85.325903028, 28.262098752308528 ], [ 85.325903028, 28.26175310374796 ], [ 85.32629524, 28.26175310374796 ], [ 85.32629524, 28.261407455187395 ], [ 85.326687452, 28.261407455187395 ], [ 85.326687452, 28.261061806626831 ], [ 85.32707966400001, 28.261061806626831 ], [ 85.32707966400001, 28.260716158066266 ], [ 85.327864088, 28.260716158066266 ], [ 85.327864088, 28.261061806626831 ], [ 85.3282563, 28.261061806626831 ], [ 85.3282563, 28.261407455187395 ], [ 85.33021736, 28.261407455187395 ], [ 85.33021736, 28.267283480717001 ], [ 85.331786208, 28.267283480717001 ], [ 85.331786208, 28.266937832156437 ], [ 85.33217842, 28.266937832156437 ], [ 85.33217842, 28.266592183595872 ], [ 85.332570632, 28.266592183595872 ], [ 85.332570632, 28.265555237914175 ], [ 85.332962844, 28.265555237914175 ], [ 85.332962844, 28.264518292232481 ], [ 85.333355056, 28.264518292232481 ], [ 85.333355056, 28.263135697990222 ], [ 85.333747268, 28.263135697990222 ], [ 85.333747268, 28.261061806626831 ], [ 85.333355056, 28.261061806626831 ], [ 85.333355056, 28.256568375339487 ], [ 85.333747268, 28.256568375339487 ], [ 85.333747268, 28.255185781097229 ], [ 85.33413948, 28.255185781097229 ], [ 85.33413948, 28.253111889733837 ], [ 85.355318928, 28.253111889733837 ], [ 85.355318928, 28.254494483976099 ], [ 85.35571114, 28.254494483976099 ], [ 85.35571114, 28.255877078218358 ], [ 85.356103352, 28.255877078218358 ], [ 85.356103352, 28.256914023900052 ], [ 85.356495564, 28.256914023900052 ], [ 85.356495564, 28.257605321021181 ], [ 85.356103352, 28.257605321021181 ], [ 85.356103352, 28.258296618142314 ], [ 85.35571114, 28.258296618142314 ], [ 85.35571114, 28.260024860945137 ], [ 85.355318928, 28.260024860945137 ], [ 85.355318928, 28.261061806626831 ], [ 85.354926716, 28.261061806626831 ], [ 85.354926716, 28.261407455187395 ], [ 85.354534504, 28.261407455187395 ], [ 85.354534504, 28.26175310374796 ], [ 85.354142292, 28.26175310374796 ], [ 85.354142292, 28.262098752308528 ], [ 85.353357868, 28.262098752308528 ], [ 85.353357868, 28.262790049429658 ], [ 85.352965656, 28.262790049429658 ], [ 85.352965656, 28.266246535035304 ], [ 85.353357868, 28.266246535035304 ], [ 85.353357868, 28.266592183595872 ], [ 85.35375008, 28.266592183595872 ], [ 85.35375008, 28.266937832156437 ], [ 85.354142292, 28.266937832156437 ], [ 85.354142292, 28.267283480717001 ], [ 85.354534504, 28.267283480717001 ], [ 85.354534504, 28.267629129277566 ], [ 85.354926716, 28.267629129277566 ], [ 85.354926716, 28.26866607495926 ], [ 85.354534504, 28.26866607495926 ], [ 85.354534504, 28.269357372080389 ], [ 85.354142292, 28.269357372080389 ], [ 85.354142292, 28.269703020640954 ], [ 85.35375008, 28.269703020640954 ], [ 85.35375008, 28.270048669201518 ], [ 85.353357868, 28.270048669201518 ], [ 85.353357868, 28.270739966322651 ], [ 85.352965656, 28.270739966322651 ], [ 85.352965656, 28.27143126344378 ], [ 85.353357868, 28.27143126344378 ], [ 85.353357868, 28.27212256056491 ], [ 85.35375008, 28.27212256056491 ], [ 85.35375008, 28.272468209125474 ], [ 85.354534504, 28.272468209125474 ], [ 85.354534504, 28.272813857686039 ], [ 85.35571114, 28.272813857686039 ], [ 85.35571114, 28.273159506246603 ], [ 85.357279988, 28.273159506246603 ], [ 85.357279988, 28.273505154807168 ], [ 85.3576722, 28.273505154807168 ], [ 85.3576722, 28.275233397609995 ], [ 85.358456624, 28.275233397609995 ], [ 85.358456624, 28.275579046170559 ], [ 85.360025472, 28.275579046170559 ], [ 85.360025472, 28.275924694731124 ], [ 85.360417684, 28.275924694731124 ], [ 85.360417684, 28.276270343291689 ], [ 85.361202108, 28.276270343291689 ], [ 85.361202108, 28.276961640412818 ], [ 85.36159432, 28.276961640412818 ], [ 85.36159432, 28.277652937533947 ], [ 85.361986532, 28.277652937533947 ], [ 85.361986532, 28.277998586094512 ], [ 85.362378744, 28.277998586094512 ], [ 85.362378744, 28.278344234655076 ], [ 85.362770956, 28.278344234655076 ], [ 85.362770956, 28.278689883215641 ], [ 85.363163168, 28.278689883215641 ], [ 85.363163168, 28.279035531776206 ], [ 85.36355538, 28.279035531776206 ], [ 85.36355538, 28.279726828897338 ], [ 85.363163168, 28.279726828897338 ], [ 85.363163168, 28.280072477457903 ], [ 85.362378744, 28.280072477457903 ], [ 85.362378744, 28.280418126018468 ], [ 85.36159432, 28.280418126018468 ], [ 85.36159432, 28.280763774579032 ], [ 85.361202108, 28.280763774579032 ], [ 85.361202108, 28.281109423139597 ], [ 85.360809896, 28.281109423139597 ], [ 85.360809896, 28.281455071700162 ], [ 85.360417684, 28.281455071700162 ], [ 85.360417684, 28.281800720260726 ], [ 85.357279988, 28.281800720260726 ], [ 85.357279988, 28.281455071700162 ], [ 85.356887776, 28.281455071700162 ], [ 85.356887776, 28.281800720260726 ], [ 85.356495564, 28.281800720260726 ], [ 85.356495564, 28.282146368821291 ], [ 85.356103352, 28.282146368821291 ], [ 85.356103352, 28.283874611624118 ], [ 85.356887776, 28.283874611624118 ], [ 85.356887776, 28.284220260184682 ], [ 85.357279988, 28.284220260184682 ], [ 85.357279988, 28.285602854426941 ], [ 85.356103352, 28.285602854426941 ], [ 85.356103352, 28.289404988593155 ], [ 85.35571114, 28.289404988593155 ], [ 85.35571114, 28.290441934274849 ], [ 85.355318928, 28.290441934274849 ], [ 85.355318928, 28.290787582835414 ], [ 85.354534504, 28.290787582835414 ], [ 85.354534504, 28.291133231395978 ], [ 85.35375008, 28.291133231395978 ], [ 85.35375008, 28.291824528517107 ], [ 85.353357868, 28.291824528517107 ], [ 85.353357868, 28.292170177077672 ], [ 85.352573444, 28.292170177077672 ], [ 85.352573444, 28.29251582563824 ], [ 85.3478669, 28.29251582563824 ] ], [ [ 85.350220172, 28.286985448669199 ], [ 85.35100459600001, 28.286985448669199 ], [ 85.35100459600001, 28.286639800108635 ], [ 85.351396808, 28.286639800108635 ], [ 85.351396808, 28.28629415154807 ], [ 85.352181232, 28.28629415154807 ], [ 85.352181232, 28.285948502987505 ], [ 85.352965656, 28.285948502987505 ], [ 85.352965656, 28.285602854426941 ], [ 85.35571114, 28.285602854426941 ], [ 85.35571114, 28.285257205866376 ], [ 85.356103352, 28.285257205866376 ], [ 85.356103352, 28.284220260184682 ], [ 85.354926716, 28.284220260184682 ], [ 85.354926716, 28.283874611624118 ], [ 85.35178902, 28.283874611624118 ], [ 85.35178902, 28.283528963063549 ], [ 85.350220172, 28.283528963063549 ], [ 85.350220172, 28.283874611624118 ], [ 85.34982796, 28.283874611624118 ], [ 85.34982796, 28.284220260184682 ], [ 85.349043536, 28.284220260184682 ], [ 85.349043536, 28.284565908745247 ], [ 85.348651324, 28.284565908745247 ], [ 85.348651324, 28.285257205866376 ], [ 85.349043536, 28.285257205866376 ], [ 85.349043536, 28.285602854426941 ], [ 85.349435748, 28.285602854426941 ], [ 85.349435748, 28.28629415154807 ], [ 85.34982796, 28.28629415154807 ], [ 85.34982796, 28.286639800108635 ], [ 85.350220172, 28.286639800108635 ], [ 85.350220172, 28.286985448669199 ] ] ] } },
{ "type": "Feature", "properties": { "area_m2": 14120666.194974102, "lat": 28.277413271744436, "lon": 84.852161407231463 }, "geometry": { "type": "Polygon", "coordinates": [ [ [ 84.863877292, 28.295972311243887 ], [ 84.863877292, 28.295626662683322 ], [ 84.86348508, 28.295626662683322 ], [ 84.86348508, 28.295281014122757 ], [ 84.862700656, 28.295281014122757 ], [ 84.862700656, 28.294935365562193 ], [ 84.861916232, 28.294935365562193 ], [ 84.861916232, 28.294589717001628 ], [ 84.860347384, 28.294589717001628 ], [ 84.860347384, 28.294935365562193 ], [ 84.85956296, 28.294935365562193 ], [ 84.85956296, 28.295281014122757 ], [ 84.858386324, 28.295281014122757 ], [ 84.858386324, 28.295626662683322 ], [ 84.850934296, 28.295626662683322 ], [ 84.850934296, 28.295281014122757 ], [ 84.84975766, 28.295281014122757 ], [ 84.84975766, 28.294935365562193 ], [ 84.848581024, 28.294935365562193 ], [ 84.848581024, 28.294589717001628 ], [ 84.847404388, 28.294589717001628 ], [ 84.847404388, 28.294244068441063 ], [ 84.846619964, 28.294244068441063 ], [ 84.846619964, 28.293898419880499 ], [ 84.84583554, 28.293898419880499 ], [ 84.84583554, 28.293552771319934 ], [ 84.845051116, 28.293552771319934 ], [ 84.845051116, 28.28975063715372 ], [ 84.844658904, 28.28975063715372 ], [ 84.844658904, 28.288368042911461 ], [ 84.844266692, 28.288368042911461 ], [ 84.844266692, 28.285257205866376 ], [ 84.84387448, 28.285257205866376 ], [ 84.84387448, 28.284911557305811 ], [ 84.843090056, 28.284911557305811 ], [ 84.843090056, 28.284565908745247 ], [ 84.84191342, 28.284565908745247 ], [ 84.84191342, 28.284911557305811 ], [ 84.841521208, 28.284911557305811 ], [ 84.841521208, 28.285948502987505 ], [ 84.841128996, 28.285948502987505 ], [ 84.841128996, 28.286639800108635 ], [ 84.840736784, 28.286639800108635 ], [ 84.840736784, 28.287676745790328 ], [ 84.840344572, 28.287676745790328 ], [ 84.840344572, 28.288368042911461 ], [ 84.83995236, 28.288368042911461 ], [ 84.83995236, 28.28905934003259 ], [ 84.839560148, 28.28905934003259 ], [ 84.839560148, 28.28975063715372 ], [ 84.839167936, 28.28975063715372 ], [ 84.839167936, 28.290441934274849 ], [ 84.838775724, 28.290441934274849 ], [ 84.838775724, 28.291133231395978 ], [ 84.838383512, 28.291133231395978 ], [ 84.838383512, 28.292170177077672 ], [ 84.8379913, 28.292170177077672 ], [ 84.8379913, 28.29320712275937 ], [ 84.837599088, 28.29320712275937 ], [ 84.837599088, 28.293552771319934 ], [ 84.836422452, 28.293552771319934 ], [ 84.836422452, 28.293898419880499 ], [ 84.835245816, 28.293898419880499 ], [ 84.835245816, 28.293552771319934 ], [ 84.83406918, 28.293552771319934 ], [ 84.83406918, 28.29320712275937 ], [ 84.833284756, 28.29320712275937 ], [ 84.833284756, 28.29251582563824 ], [ 84.832892544, 28.29251582563824 ], [ 84.832892544, 28.291824528517107 ], [ 84.832500332, 28.291824528517107 ], [ 84.832500332, 28.28975063715372 ], [ 84.83210812, 28.28975063715372 ], [ 84.83210812, 28.28283766594242 ], [ 84.831715908, 28.28283766594242 ], [ 84.831715908, 28.281800720260726 ], [ 84.83210812, 28.281800720260726 ], [ 84.83210812, 28.278344234655076 ], [ 84.831715908, 28.278344234655076 ], [ 84.831715908, 28.277307288973383 ], [ 84.831323696, 28.277307288973383 ], [ 84.831323696, 28.275924694731124 ], [ 84.830931484, 28.275924694731124 ], [ 84.830931484, 28.273505154807168 ], [ 84.830539272, 28.273505154807168 ], [ 84.830539272, 28.273159506246603 ], [ 84.83014706, 28.273159506246603 ], [ 84.83014706, 28.272813857686039 ], [ 84.829754848, 28.272813857686039 ], [ 84.829754848, 28.272468209125474 ], [ 84.828186, 28.272468209125474 ], [ 84.828186, 28.270048669201518 ], [ 84.829754848, 28.270048669201518 ], [ 84.829754848, 28.269703020640954 ], [ 84.83014706, 28.269703020640954 ], [ 84.83014706, 28.269357372080389 ], [ 84.830539272, 28.269357372080389 ], [ 84.830539272, 28.26866607495926 ], [ 84.830931484, 28.26866607495926 ], [ 84.830931484, 28.266937832156437 ], [ 84.831323696, 28.266937832156437 ], [ 84.831323696, 28.265900886474739 ], [ 84.831715908, 28.265900886474739 ], [ 84.831715908, 28.264518292232481 ], [ 84.831323696, 28.264518292232481 ], [ 84.831323696, 28.260716158066266 ], [ 84.830931484, 28.260716158066266 ], [ 84.830931484, 28.256222726778923 ], [ 84.831323696, 28.256222726778923 ], [ 84.831323696, 28.255877078218358 ], [ 84.831715908, 28.255877078218358 ], [ 84.831715908, 28.255531429657793 ], [ 84.832500332, 28.255531429657793 ], [ 84.832500332, 28.255185781097229 ], [ 84.833676968, 28.255185781097229 ], [ 84.833676968, 28.254840132536664 ], [ 84.834461392, 28.254840132536664 ], [ 84.834461392, 28.253111889733837 ], [ 84.836814664, 28.253111889733837 ], [ 84.836814664, 28.25380318685497 ], [ 84.837206876, 28.25380318685497 ], [ 84.837206876, 28.254148835415535 ], [ 84.839167936, 28.254148835415535 ], [ 84.839167936, 28.254494483976099 ], [ 84.83995236, 28.254494483976099 ], [ 84.83995236, 28.255531429657793 ], [ 84.840344572, 28.255531429657793 ], [ 84.840344572, 28.256222726778923 ], [ 84.840736784, 28.256222726778923 ], [ 84.840736784, 28.256568375339487 ], [ 84.841128996, 28.256568375339487 ], [ 84.841128996, 28.256914023900052 ], [ 84.841521208, 28.256914023900052 ], [ 84.841521208, 28.257605321021181 ], [ 84.84191342, 28.257605321021181 ], [ 84.84191342, 28.258296618142314 ], [ 84.842305632, 28.258296618142314 ], [ 84.842305632, 28.258987915263443 ], [ 84.842697844, 28.258987915263443 ], [ 84.842697844, 28.259679212384572 ], [ 84.843090056, 28.259679212384572 ], [ 84.843090056, 28.260024860945137 ], [ 84.843482268, 28.260024860945137 ], [ 84.843482268, 28.260370509505702 ], [ 84.84387448, 28.260370509505702 ], [ 84.84387448, 28.260716158066266 ], [ 84.844658904, 28.260716158066266 ], [ 84.844658904, 28.261061806626831 ], [ 84.845443328, 28.261061806626831 ], [ 84.845443328, 28.261407455187395 ], [ 84.84583554, 28.261407455187395 ], [ 84.84583554, 28.26175310374796 ], [ 84.846619964, 28.26175310374796 ], [ 84.846619964, 28.262098752308528 ], [ 84.847012176, 28.262098752308528 ], [ 84.847012176, 28.262444400869093 ], [ 84.8477966, 28.262444400869093 ], [ 84.8477966, 28.262790049429658 ], [ 84.848581024, 28.262790049429658 ], [ 84.848581024, 28.263481346550787 ], [ 84.848973236, 28.263481346550787 ], [ 84.848973236, 28.263826995111351 ], [ 84.849365448, 28.263826995111351 ], [ 84.849365448, 28.264518292232481 ], [ 84.84975766, 28.264518292232481 ], [ 84.84975766, 28.26520958935361 ], [ 84.850149872, 28.26520958935361 ], [ 84.850149872, 28.266937832156437 ], [ 84.850542084, 28.266937832156437 ], [ 84.850542084, 28.267974777838131 ], [ 84.850934296, 28.267974777838131 ], [ 84.850934296, 28.268320426398695 ], [ 84.851326508, 28.268320426398695 ], [ 84.851326508, 28.26866607495926 ], [ 84.853287568, 28.26866607495926 ], [ 84.853287568, 28.268320426398695 ], [ 84.85564084, 28.268320426398695 ], [ 84.85564084, 28.26866607495926 ], [ 84.856033052, 28.26866607495926 ], [ 84.856033052, 28.269011723519824 ], [ 84.856425264, 28.269011723519824 ], [ 84.856425264, 28.269357372080389 ], [ 84.8576019, 28.269357372080389 ], [ 84.8576019, 28.269703020640954 ], [ 84.857994112, 28.269703020640954 ], [ 84.857994112, 28.269357372080389 ], [ 84.861131808, 28.269357372080389 ], [ 84.861131808, 28.269011723519824 ], [ 84.86152402, 28.269011723519824 ], [ 84.86152402, 28.26866607495926 ], [ 84.862308444, 28.26866607495926 ], [ 84.862308444, 28.268320426398695 ], [ 84.863092868, 28.268320426398695 ], [ 84.863092868, 28.267974777838131 ], [ 84.86348508, 28.267974777838131 ], [ 84.86348508, 28.267629129277566 ], [ 84.864269504, 28.267629129277566 ], [ 84.864269504, 28.267283480717001 ], [ 84.86544614, 28.267283480717001 ], [ 84.86544614, 28.266937832156437 ], [ 84.867014988, 28.266937832156437 ], [ 84.867014988, 28.266592183595872 ], [ 84.868191624, 28.266592183595872 ], [ 84.868191624, 28.266937832156437 ], [ 84.870152684, 28.266937832156437 ], [ 84.870152684, 28.267283480717001 ], [ 84.871721532, 28.267283480717001 ], [ 84.871721532, 28.267629129277566 ], [ 84.874467016, 28.267629129277566 ], [ 84.874467016, 28.267974777838131 ], [ 84.875643652, 28.267974777838131 ], [ 84.875643652, 28.268320426398695 ], [ 84.876428076, 28.268320426398695 ], [ 84.876428076, 28.26866607495926 ], [ 84.878389136, 28.26866607495926 ], [ 84.878389136, 28.283183314502985 ], [ 84.877996924, 28.283183314502985 ], [ 84.877996924, 28.283528963063549 ], [ 84.877604712, 28.283528963063549 ], [ 84.877604712, 28.284220260184682 ], [ 84.8772125, 28.284220260184682 ], [ 84.8772125, 28.284565908745247 ], [ 84.876820288, 28.284565908745247 ], [ 84.876820288, 28.284911557305811 ], [ 84.876428076, 28.284911557305811 ], [ 84.876428076, 28.285257205866376 ], [ 84.875643652, 28.285257205866376 ], [ 84.875643652, 28.285602854426941 ], [ 84.87525144, 28.285602854426941 ], [ 84.87525144, 28.285948502987505 ], [ 84.874859228, 28.285948502987505 ], [ 84.874859228, 28.28629415154807 ], [ 84.874467016, 28.28629415154807 ], [ 84.874467016, 28.286985448669199 ], [ 84.874074804, 28.286985448669199 ], [ 84.874074804, 28.287676745790328 ], [ 84.873682592, 28.287676745790328 ], [ 84.873682592, 28.288022394350897 ], [ 84.872898168, 28.288022394350897 ], [ 84.872898168, 28.287676745790328 ], [ 84.872505956, 28.287676745790328 ], [ 84.872505956, 28.28629415154807 ], [ 84.872898168, 28.28629415154807 ], [ 84.872898168, 28.284911557305811 ], [ 84.872505956, 28.284911557305811 ], [ 84.872505956, 28.284565908745247 ], [ 84.87132932, 28.284565908745247 ], [ 84.87132932, 28.284220260184682 ], [ 84.869760472, 28.284220260184682 ], [ 84.869760472, 28.284565908745247 ], [ 84.868976048, 28.284565908745247 ], [ 84.868976048, 28.285602854426941 ], [ 84.86936826, 28.285602854426941 ], [ 84.86936826, 28.286639800108635 ], [ 84.869760472, 28.286639800108635 ], [ 84.869760472, 28.286985448669199 ], [ 84.870152684, 28.286985448669199 ], [ 84.870152684, 28.287676745790328 ], [ 84.870544896, 28.287676745790328 ], [ 84.870544896, 28.288368042911461 ], [ 84.871721532, 28.288368042911461 ], [ 84.871721532, 28.28905934003259 ], [ 84.872113744, 28.28905934003259 ], [ 84.872113744, 28.290441934274849 ], [ 84.871721532, 28.290441934274849 ], [ 84.871721532, 28.290787582835414 ], [ 84.87132932, 28.290787582835414 ], [ 84.87132932, 28.291133231395978 ], [ 84.870937108, 28.291133231395978 ], [ 84.870937108, 28.291478879956543 ], [ 84.870544896, 28.291478879956543 ], [ 84.870544896, 28.291824528517107 ], [ 84.870152684, 28.291824528517107 ], [ 84.870152684, 28.292170177077672 ], [ 84.869760472, 28.292170177077672 ], [ 84.869760472, 28.292861474198805 ], [ 84.86936826, 28.292861474198805 ], [ 84.86936826, 28.293552771319934 ], [ 84.868583836, 28.293552771319934 ], [ 84.868583836, 28.293898419880499 ], [ 84.868191624, 28.293898419880499 ], [ 84.868191624, 28.294244068441063 ], [ 84.867799412, 28.294244068441063 ], [ 84.867799412, 28.294589717001628 ], [ 84.867014988, 28.294589717001628 ], [ 84.867014988, 28.294935365562193 ], [ 84.866230564, 28.294935365562193 ], [ 84.866230564, 28.295281014122757 ], [ 84.86544614, 28.295281014122757 ], [ 84.86544614, 28.295626662683322 ], [ 84.864661716, 28.295626662683322 ], [ 84.864661716, 28.295972311243887 ], [ 84.863877292, 28.295972311243887 ] ], [ [ 84.847012176, 28.28975063715372 ], [ 84.848973236, 28.28975063715372 ], [ 84.848973236, 28.289404988593155 ], [ 84.849365448, 28.289404988593155 ], [ 84.849365448, 28.28905934003259 ], [ 84.84975766, 28.28905934003259 ], [ 84.84975766, 28.288368042911461 ], [ 84.850149872, 28.288368042911461 ], [ 84.850149872, 28.288022394350897 ], [ 84.850542084, 28.288022394350897 ], [ 84.850542084, 28.28629415154807 ], [ 84.850149872, 28.28629415154807 ], [ 84.850149872, 28.285257205866376 ], [ 84.84975766, 28.285257205866376 ], [ 84.84975766, 28.284565908745247 ], [ 84.849365448, 28.284565908745247 ], [ 84.849365448, 28.284220260184682 ], [ 84.8477966, 28.284220260184682 ], [ 84.8477966, 28.284565908745247 ], [ 84.846619964, 28.284565908745247 ], [ 84.846619964, 28.284911557305811 ], [ 84.846227752, 28.284911557305811 ], [ 84.846227752, 28.286985448669199 ], [ 84.84583554, 28.286985448669199 ], [ 84.84583554, 28.288022394350897 ], [ 84.846227752, 28.288022394350897 ], [ 84.846227752, 28.28905934003259 ], [ 84.846619964, 28.28905934003259 ], [ 84.846619964, 28.289404988593155 ], [ 84.847012176, 28.289404988593155 ], [ 84.847012176, 28.28975063715372 ] ] ] } },
{ "type": "Feature", "properties": { "area_m2": 731375.40898304107, "lat": 28.258045744187086, "lon": 84.950251705250011 }, "geometry": { "type": "Polygon", "coordinates": [ [ [ 84.948202872, 28.264518292232481 ], [ 84.948202872, 28.264172643671916 ], [ 84.947418448, 28.264172643671916 ], [ 84.947418448, 28.263826995111351 ], [ 84.946241812, 28.263826995111351 ], [ 84.946241812, 28.263481346550787 ], [ 84.945457388, 28.263481346550787 ], [ 84.945457388, 28.262444400869093 ], [ 84.9458496, 28.262444400869093 ], [ 84.9458496, 28.262098752308528 ], [ 84.946634024, 28.262098752308528 ], [ 84.946634024, 28.26175310374796 ], [ 84.947026236, 28.26175310374796 ], [ 84.947026236, 28.261407455187395 ], [ 84.947418448, 28.261407455187395 ], [ 84.947418448, 28.261061806626831 ], [ 84.94781066, 28.261061806626831 ], [ 84.94781066, 28.260716158066266 ], [ 84.948202872, 28.260716158066266 ], [ 84.948202872, 28.260024860945137 ], [ 84.948595084, 28.260024860945137 ], [ 84.948595084, 28.259679212384572 ], [ 84.948202872, 28.259679212384572 ], [ 84.948202872, 28.257950969581749 ], [ 84.94781066, 28.257950969581749 ], [ 84.94781066, 28.256568375339487 ], [ 84.947418448, 28.256568375339487 ], [ 84.947418448, 28.255531429657793 ], [ 84.947026236, 28.255531429657793 ], [ 84.947026236, 28.254840132536664 ], [ 84.946634024, 28.254840132536664 ], [ 84.946634024, 28.254494483976099 ], [ 84.946241812, 28.254494483976099 ], [ 84.946241812, 28.254148835415535 ], [ 84.945457388, 28.254148835415535 ], [ 84.945457388, 28.253111889733837 ], [ 84.953301628, 28.253111889733837 ], [ 84.953301628, 28.254494483976099 ], [ 84.95369384, 28.254494483976099 ], [ 84.95369384, 28.255185781097229 ], [ 84.954086052, 28.255185781097229 ], [ 84.954086052, 28.255531429657793 ], [ 84.954478264, 28.255531429657793 ], [ 84.954478264, 28.256222726778923 ], [ 84.954870476, 28.256222726778923 ], [ 84.954870476, 28.256568375339487 ], [ 84.955262688, 28.256568375339487 ], [ 84.955262688, 28.257605321021181 ], [ 84.954870476, 28.257605321021181 ], [ 84.954870476, 28.257950969581749 ], [ 84.954478264, 28.257950969581749 ], [ 84.954478264, 28.258642266702878 ], [ 84.954086052, 28.258642266702878 ], [ 84.954086052, 28.258987915263443 ], [ 84.95369384, 28.258987915263443 ], [ 84.95369384, 28.260024860945137 ], [ 84.953301628, 28.260024860945137 ], [ 84.953301628, 28.260716158066266 ], [ 84.952909416, 28.260716158066266 ], [ 84.952909416, 28.261061806626831 ], [ 84.952517204, 28.261061806626831 ], [ 84.952517204, 28.261407455187395 ], [ 84.952124992, 28.261407455187395 ], [ 84.952124992, 28.26175310374796 ], [ 84.951340568, 28.26175310374796 ], [ 84.951340568, 28.262098752308528 ], [ 84.950948356, 28.262098752308528 ], [ 84.950948356, 28.262790049429658 ], [ 84.950556144, 28.262790049429658 ], [ 84.950556144, 28.263135697990222 ], [ 84.950163932, 28.263135697990222 ], [ 84.950163932, 28.263481346550787 ], [ 84.94977172, 28.263481346550787 ], [ 84.94977172, 28.264172643671916 ], [ 84.949379508, 28.264172643671916 ], [ 84.949379508, 28.264518292232481 ], [ 84.948202872, 28.264518292232481 ] ] ] } },
{ "type": "Feature", "properties": { "area_m2": 14744.042886644773, "lat": 28.248653023302555, "lon": 85.152937535999996 }, "geometry": { "type": "Polygon", "coordinates": [ [ [ 85.152545324, 28.249309755567626 ], [ 85.152545324, 28.248964107007062 ], [ 85.152153112, 28.248964107007062 ], [ 85.152153112, 28.248618458446494 ], [ 85.152545324, 28.248618458446494 ], [ 85.152545324, 28.247927161325364 ], [ 85.153329748, 28.247927161325364 ], [ 85.153329748, 28.248618458446494 ], [ 85.15372196, 28.248618458446494 ], [ 85.15372196, 28.248964107007062 ], [ 85.153329748, 28.248964107007062 ], [ 85.153329748, 28.249309755567626 ], [ 85.152545324, 28.249309755567626 ] ] ] } },
{ "type": "Feature", "properties": { "area_m2": 28010.29569360349, "lat": 28.247827105163093, "lon": 85.305621539052609 }, "geometry": { "type": "Polygon", "coordinates": [ [ [ 85.305900216, 28.249309755567626 ], [ 85.305900216, 28.248964107007062 ], [ 85.305508004, 28.248964107007062 ], [ 85.305508004, 28.248272809885929 ], [ 85.305115792, 28.248272809885929 ], [ 85.305115792, 28.2475815127648 ], [ 85.30472358, 28.2475815127648 ], [ 85.30472358, 28.246544567083106 ], [ 85.305115792, 28.246544567083106 ], [ 85.305115792, 28.246890215643671 ], [ 85.305900216, 28.246890215643671 ], [ 85.305900216, 28.247235864204235 ], [ 85.306292428, 28.247235864204235 ], [ 85.306292428, 28.249309755567626 ], [ 85.305900216, 28.249309755567626 ] ] ] } },
{ "type": "Feature", "properties": { "area_m2": 1478734.3733507623, "lat": 28.238475930420339, "lon": 85.340013470586385 }, "geometry": { "type": "Polygon", "coordinates": [ [ [ 85.334531692, 28.249655404128191 ], [ 85.334531692, 28.249309755567626 ], [ 85.33413948, 28.249309755567626 ], [ 85.33413948, 28.239977244432371 ], [ 85.334531692, 28.239977244432371 ], [ 85.334531692, 28.237557704508419 ], [ 85.33413948, 28.237557704508419 ], [ 85.33413948, 28.236520758826725 ], [ 85.333747268, 28.236520758826725 ], [ 85.333747268, 28.234101218902769 ], [ 85.33413948, 28.234101218902769 ], [ 85.33413948, 28.233064273221075 ], [ 85.334531692, 28.233064273221075 ], [ 85.334531692, 28.232027327539381 ], [ 85.334923904, 28.232027327539381 ], [ 85.334923904, 28.231681678978816 ], [ 85.335316116, 28.231681678978816 ], [ 85.335316116, 28.232027327539381 ], [ 85.33570832800001, 28.232027327539381 ], [ 85.33570832800001, 28.232372976099946 ], [ 85.33610054, 28.232372976099946 ], [ 85.33610054, 28.23271862466051 ], [ 85.336884964, 28.23271862466051 ], [ 85.336884964, 28.233064273221075 ], [ 85.337669388, 28.233064273221075 ], [ 85.337669388, 28.233409921781639 ], [ 85.34002266, 28.233409921781639 ], [ 85.34002266, 28.233755570342204 ], [ 85.344336992, 28.233755570342204 ], [ 85.344336992, 28.233409921781639 ], [ 85.345121416, 28.233409921781639 ], [ 85.345121416, 28.233064273221075 ], [ 85.345513628, 28.233064273221075 ], [ 85.345513628, 28.23271862466051 ], [ 85.34590584, 28.23271862466051 ], [ 85.34590584, 28.232372976099946 ], [ 85.346298052, 28.232372976099946 ], [ 85.346298052, 28.231681678978816 ], [ 85.346690264, 28.231681678978816 ], [ 85.346690264, 28.231336030418248 ], [ 85.347082476, 28.231336030418248 ], [ 85.347082476, 28.231681678978816 ], [ 85.347474688, 28.231681678978816 ], [ 85.347474688, 28.232027327539381 ], [ 85.3478669, 28.232027327539381 ], [ 85.3478669, 28.23271862466051 ], [ 85.348259112, 28.23271862466051 ], [ 85.348259112, 28.234101218902769 ], [ 85.348651324, 28.234101218902769 ], [ 85.348651324, 28.234792516023898 ], [ 85.349043536, 28.234792516023898 ], [ 85.349043536, 28.235483813145027 ], [ 85.348651324, 28.235483813145027 ], [ 85.348651324, 28.236520758826725 ], [ 85.348259112, 28.236520758826725 ], [ 85.348259112, 28.237557704508419 ], [ 85.3478669, 28.237557704508419 ], [ 85.3478669, 28.238249001629548 ], [ 85.348259112, 28.238249001629548 ], [ 85.348259112, 28.238940298750677 ], [ 85.348651324, 28.238940298750677 ], [ 85.348651324, 28.239631595871806 ], [ 85.349043536, 28.239631595871806 ], [ 85.349043536, 28.240668541553504 ], [ 85.348651324, 28.240668541553504 ], [ 85.348651324, 28.241014190114068 ], [ 85.3478669, 28.241014190114068 ], [ 85.3478669, 28.241359838674633 ], [ 85.347082476, 28.241359838674633 ], [ 85.347082476, 28.241014190114068 ], [ 85.34590584, 28.241014190114068 ], [ 85.34590584, 28.240668541553504 ], [ 85.345121416, 28.240668541553504 ], [ 85.345121416, 28.240322892992936 ], [ 85.345513628, 28.240322892992936 ], [ 85.345513628, 28.239631595871806 ], [ 85.34590584, 28.239631595871806 ], [ 85.34590584, 28.238594650190112 ], [ 85.346298052, 28.238594650190112 ], [ 85.346298052, 28.237903353068983 ], [ 85.34590584, 28.237903353068983 ], [ 85.34590584, 28.237557704508419 ], [ 85.345121416, 28.237557704508419 ], [ 85.345121416, 28.237903353068983 ], [ 85.344729204, 28.237903353068983 ], [ 85.344729204, 28.238249001629548 ], [ 85.344336992, 28.238249001629548 ], [ 85.344336992, 28.238594650190112 ], [ 85.34394478, 28.238594650190112 ], [ 85.34394478, 28.238940298750677 ], [ 85.343160356, 28.238940298750677 ], [ 85.343160356, 28.239285947311242 ], [ 85.34237593200001, 28.239285947311242 ], [ 85.34237593200001, 28.239631595871806 ], [ 85.341591508, 28.239631595871806 ], [ 85.341591508, 28.239977244432371 ], [ 85.341199296, 28.239977244432371 ], [ 85.341199296, 28.240322892992936 ], [ 85.340807084, 28.240322892992936 ], [ 85.340807084, 28.240668541553504 ], [ 85.340414872, 28.240668541553504 ], [ 85.340414872, 28.242051135795762 ], [ 85.34002266, 28.242051135795762 ], [ 85.34002266, 28.242396784356327 ], [ 85.339630448, 28.242396784356327 ], [ 85.339630448, 28.242742432916891 ], [ 85.338846024, 28.242742432916891 ], [ 85.338846024, 28.243088081477456 ], [ 85.336884964, 28.243088081477456 ], [ 85.336884964, 28.243433730038021 ], [ 85.336492752, 28.243433730038021 ], [ 85.336492752, 28.243779378598585 ], [ 85.336884964, 28.243779378598585 ], [ 85.336884964, 28.24412502715915 ], [ 85.337669388, 28.24412502715915 ], [ 85.337669388, 28.244470675719715 ], [ 85.3380616, 28.244470675719715 ], [ 85.3380616, 28.244816324280283 ], [ 85.338453812, 28.244816324280283 ], [ 85.338453812, 28.245853269961977 ], [ 85.338846024, 28.245853269961977 ], [ 85.338846024, 28.246198918522541 ], [ 85.338453812, 28.246198918522541 ], [ 85.338453812, 28.246544567083106 ], [ 85.337669388, 28.246544567083106 ], [ 85.337669388, 28.246890215643671 ], [ 85.336884964, 28.246890215643671 ], [ 85.336884964, 28.247235864204235 ], [ 85.336492752, 28.247235864204235 ], [ 85.336492752, 28.247927161325364 ], [ 85.33610054, 28.247927161325364 ], [ 85.33610054, 28.248618458446494 ], [ 85.33570832800001, 28.248618458446494 ], [ 85.33570832800001, 28.249309755567626 ], [ 85.334923904, 28.249309755567626 ], [ 85.334923904, 28.249655404128191 ], [ 85.334531692, 28.249655404128191 ] ] ] } },
{ "type": "Feature", "properties": { "area_m2": 319955.95033774647, "lat": 28.227792734459815, "lon": 85.346441742571415 }, "geometry": { "type": "Polygon", "coordinates": [ [ [ 85.340807084, 28.230644733297119 ], [ 85.340807084, 28.230299084736554 ], [ 85.339630448, 28.230299084736554 ], [ 85.339630448, 28.22995343617599 ], [ 85.339238236, 28.22995343617599 ], [ 85.339238236, 28.229607787615425 ], [ 85.339630448, 28.229607787615425 ], [ 85.339630448, 28.22926213905486 ], [ 85.340414872, 28.22926213905486 ], [ 85.340414872, 28.228916490494296 ], [ 85.341199296, 28.228916490494296 ], [ 85.341199296, 28.228570841933731 ], [ 85.343160356, 28.228570841933731 ], [ 85.343160356, 28.228225193373166 ], [ 85.34394478, 28.228225193373166 ], [ 85.34394478, 28.227879544812602 ], [ 85.344729204, 28.227879544812602 ], [ 85.344729204, 28.227533896252037 ], [ 85.345121416, 28.227533896252037 ], [ 85.345121416, 28.226842599130904 ], [ 85.345513628, 28.226842599130904 ], [ 85.345513628, 28.22649695057034 ], [ 85.34590584, 28.22649695057034 ], [ 85.34590584, 28.226151302009775 ], [ 85.346298052, 28.226151302009775 ], [ 85.346298052, 28.225805653449211 ], [ 85.346690264, 28.225805653449211 ], [ 85.346690264, 28.226151302009775 ], [ 85.3478669, 28.226151302009775 ], [ 85.3478669, 28.225805653449211 ], [ 85.348259112, 28.225805653449211 ], [ 85.348259112, 28.225460004888646 ], [ 85.348651324, 28.225460004888646 ], [ 85.348651324, 28.225114356328081 ], [ 85.349435748, 28.225114356328081 ], [ 85.349435748, 28.224768707767517 ], [ 85.350220172, 28.224768707767517 ], [ 85.350220172, 28.224423059206952 ], [ 85.35178902, 28.224423059206952 ], [ 85.35178902, 28.227188247691469 ], [ 85.351396808, 28.227188247691469 ], [ 85.351396808, 28.227879544812602 ], [ 85.350612384, 28.227879544812602 ], [ 85.350612384, 28.228225193373166 ], [ 85.348651324, 28.228225193373166 ], [ 85.348651324, 28.227879544812602 ], [ 85.3478669, 28.227879544812602 ], [ 85.3478669, 28.227533896252037 ], [ 85.347474688, 28.227533896252037 ], [ 85.347474688, 28.227879544812602 ], [ 85.347082476, 28.227879544812602 ], [ 85.347082476, 28.228225193373166 ], [ 85.34590584, 28.228225193373166 ], [ 85.34590584, 28.228570841933731 ], [ 85.345513628, 28.228570841933731 ], [ 85.345513628, 28.22995343617599 ], [ 85.345121416, 28.22995343617599 ], [ 85.345121416, 28.230299084736554 ], [ 85.344729204, 28.230299084736554 ], [ 85.344729204, 28.230644733297119 ], [ 85.340807084, 28.230644733297119 ] ] ] } },
{ "type": "Feature", "properties": { "area_m2": 5898.0241027305483, "lat": 28.224077410646387, "lon": 85.341199296000028 }, "geometry": { "type": "Polygon", "coordinates": [ [ [ 85.340807084, 28.224423059206952 ], [ 85.340807084, 28.223731762085823 ], [ 85.341591508, 28.223731762085823 ], [ 85.341591508, 28.224423059206952 ], [ 85.340807084, 28.224423059206952 ] ] ] } },
{ "type": "Feature", "properties": { "area_m2": 290585.0703542307, "lat": 28.225252089383947, "lon": 84.913076006913698 }, "geometry": { "type": "Polygon", "coordinates": [ [ [ 84.914080428, 28.22995343617599 ], [ 84.914080428, 28.229607787615425 ], [ 84.913688216, 28.229607787615425 ], [ 84.913688216, 28.228916490494296 ], [ 84.913296004, 28.228916490494296 ], [ 84.913296004, 28.228225193373166 ], [ 84.912903792, 28.228225193373166 ], [ 84.912903792, 28.227879544812602 ], [ 84.91251158, 28.227879544812602 ], [ 84.91251158, 28.227533896252037 ], [ 84.911727156, 28.227533896252037 ], [ 84.911727156, 28.227188247691469 ], [ 84.911334944, 28.227188247691469 ], [ 84.911334944, 28.226842599130904 ], [ 84.910942732, 28.226842599130904 ], [ 84.910942732, 28.225460004888646 ], [ 84.91055052, 28.225460004888646 ], [ 84.91055052, 28.223040464964694 ], [ 84.910942732, 28.223040464964694 ], [ 84.910942732, 28.222003519282996 ], [ 84.91447264, 28.222003519282996 ], [ 84.91447264, 28.222694816404125 ], [ 84.914864852, 28.222694816404125 ], [ 84.914864852, 28.223386113525258 ], [ 84.915257064, 28.223386113525258 ], [ 84.915257064, 28.226151302009775 ], [ 84.914864852, 28.226151302009775 ], [ 84.914864852, 28.22995343617599 ], [ 84.914080428, 28.22995343617599 ] ] ] } },
{ "type": "Feature", "properties": { "area_m2": 45710.460797065178, "lat": 28.221462746535014, "lon": 85.350150586000012 }, "geometry": { "type": "Polygon", "coordinates": [ [ [ 85.350220172, 28.222694816404125 ], [ 85.350220172, 28.222349167843561 ], [ 85.349435748, 28.222349167843561 ], [ 85.349435748, 28.222003519282996 ], [ 85.349043536, 28.222003519282996 ], [ 85.349043536, 28.221657870722431 ], [ 85.348651324, 28.221657870722431 ], [ 85.348651324, 28.220966573601302 ], [ 85.349435748, 28.220966573601302 ], [ 85.349435748, 28.220620925040738 ], [ 85.350220172, 28.220620925040738 ], [ 85.350220172, 28.220275276480173 ], [ 85.35100459600001, 28.220275276480173 ], [ 85.35100459600001, 28.220966573601302 ], [ 85.351396808, 28.220966573601302 ], [ 85.351396808, 28.221657870722431 ], [ 85.35100459600001, 28.221657870722431 ], [ 85.35100459600001, 28.222694816404125 ], [ 85.350220172, 28.222694816404125 ] ] ] } },
{ "type": "Feature", "properties": { "area_m2": 362739.72390458354, "lat": 28.220792344245563, "lon": 85.337871871430877 }, "geometry": { "type": "Polygon", "coordinates": [ [ [ 85.334531692, 28.224423059206952 ], [ 85.334531692, 28.218201385116782 ], [ 85.334923904, 28.218201385116782 ], [ 85.334923904, 28.217855736556217 ], [ 85.33570832800001, 28.217855736556217 ], [ 85.33570832800001, 28.218201385116782 ], [ 85.336884964, 28.218201385116782 ], [ 85.336884964, 28.218547033677346 ], [ 85.340807084, 28.218547033677346 ], [ 85.340807084, 28.218201385116782 ], [ 85.344336992, 28.218201385116782 ], [ 85.344336992, 28.219238330798479 ], [ 85.344729204, 28.219238330798479 ], [ 85.344729204, 28.219929627919608 ], [ 85.345121416, 28.219929627919608 ], [ 85.345121416, 28.220620925040738 ], [ 85.345513628, 28.220620925040738 ], [ 85.345513628, 28.221657870722431 ], [ 85.345121416, 28.221657870722431 ], [ 85.345121416, 28.221312222161867 ], [ 85.344729204, 28.221312222161867 ], [ 85.344729204, 28.220620925040738 ], [ 85.344336992, 28.220620925040738 ], [ 85.344336992, 28.219583979359044 ], [ 85.34394478, 28.219583979359044 ], [ 85.34394478, 28.219238330798479 ], [ 85.342768144, 28.219238330798479 ], [ 85.342768144, 28.218892682237914 ], [ 85.340414872, 28.218892682237914 ], [ 85.340414872, 28.219238330798479 ], [ 85.34002266, 28.219238330798479 ], [ 85.34002266, 28.219583979359044 ], [ 85.339630448, 28.219583979359044 ], [ 85.339630448, 28.222349167843561 ], [ 85.339238236, 28.222349167843561 ], [ 85.339238236, 28.223386113525258 ], [ 85.3380616, 28.223386113525258 ], [ 85.3380616, 28.223731762085823 ], [ 85.336884964, 28.223731762085823 ], [ 85.336884964, 28.224077410646387 ], [ 85.33610054, 28.224077410646387 ], [ 85.33610054, 28.224423059206952 ], [ 85.334531692, 28.224423059206952 ] ] ] } },
{ "type": "Feature", "properties": { "area_m2": 50135.127976601907, "lat": 28.218984177445122, "lon": 85.352838763882374 }, "geometry": { "type": "Polygon", "coordinates": [ [ [ 85.35178902, 28.219929627919608 ], [ 85.35178902, 28.219583979359044 ], [ 85.351396808, 28.219583979359044 ], [ 85.351396808, 28.218547033677346 ], [ 85.35178902, 28.218547033677346 ], [ 85.35178902, 28.218201385116782 ], [ 85.352965656, 28.218201385116782 ], [ 85.352965656, 28.217855736556217 ], [ 85.35375008, 28.217855736556217 ], [ 85.35375008, 28.218201385116782 ], [ 85.354142292, 28.218201385116782 ], [ 85.354142292, 28.219583979359044 ], [ 85.35375008, 28.219583979359044 ], [ 85.35375008, 28.219929627919608 ], [ 85.35178902, 28.219929627919608 ] ] ] } },
{ "type": "Feature", "properties": { "area_m2": 16300776.291706938, "lat": 28.226961619035929, "lon": 85.406331426950487 }, "geometry": { "type": "Polygon", "coordinates": [ [ [ 85.405914276, 28.253111889733837 ], [ 85.405914276, 28.251383646931014 ], [ 85.40552206400001, 28.251383646931014 ], [ 85.40552206400001, 28.25103799837045 ], [ 85.40473764, 28.25103799837045 ], [ 85.40473764, 28.250692349809885 ], [ 85.403953216, 28.250692349809885 ], [ 85.403953216, 28.25034670124932 ], [ 85.40277658, 28.25034670124932 ], [ 85.40277658, 28.250692349809885 ], [ 85.40081552, 28.250692349809885 ], [ 85.40081552, 28.25034670124932 ], [ 85.400031096, 28.25034670124932 ], [ 85.400031096, 28.250001052688756 ], [ 85.399638884, 28.250001052688756 ], [ 85.399638884, 28.249655404128191 ], [ 85.399246672, 28.249655404128191 ], [ 85.399246672, 28.249309755567626 ], [ 85.39885446000001, 28.249309755567626 ], [ 85.39885446000001, 28.248618458446494 ], [ 85.398462248, 28.248618458446494 ], [ 85.398462248, 28.246890215643671 ], [ 85.398070036, 28.246890215643671 ], [ 85.398070036, 28.245507621401412 ], [ 85.398462248, 28.245507621401412 ], [ 85.398462248, 28.242396784356327 ], [ 85.39885446000001, 28.242396784356327 ], [ 85.39885446000001, 28.238940298750677 ], [ 85.399246672, 28.238940298750677 ], [ 85.399246672, 28.237557704508419 ], [ 85.39885446000001, 28.237557704508419 ], [ 85.39885446000001, 28.237212055947854 ], [ 85.398070036, 28.237212055947854 ], [ 85.398070036, 28.236866407387289 ], [ 85.39689340000001, 28.236866407387289 ], [ 85.39689340000001, 28.236520758826725 ], [ 85.395324552, 28.236520758826725 ], [ 85.395324552, 28.23617511026616 ], [ 85.394147916, 28.23617511026616 ], [ 85.394147916, 28.235829461705592 ], [ 85.393363492, 28.235829461705592 ], [ 85.393363492, 28.235483813145027 ], [ 85.392579068, 28.235483813145027 ], [ 85.392579068, 28.235138164584463 ], [ 85.392186856, 28.235138164584463 ], [ 85.392186856, 28.234792516023898 ], [ 85.391402432, 28.234792516023898 ], [ 85.391402432, 28.234446867463333 ], [ 85.39101022, 28.234446867463333 ], [ 85.39101022, 28.234101218902769 ], [ 85.39022579600001, 28.234101218902769 ], [ 85.39022579600001, 28.233755570342204 ], [ 85.389833584, 28.233755570342204 ], [ 85.389833584, 28.233409921781639 ], [ 85.38904916, 28.233409921781639 ], [ 85.38904916, 28.233064273221075 ], [ 85.385911464, 28.233064273221075 ], [ 85.385911464, 28.233409921781639 ], [ 85.38512704, 28.233409921781639 ], [ 85.38512704, 28.233064273221075 ], [ 85.384734828, 28.233064273221075 ], [ 85.384734828, 28.23271862466051 ], [ 85.384342616, 28.23271862466051 ], [ 85.384342616, 28.232372976099946 ], [ 85.383950404, 28.232372976099946 ], [ 85.383950404, 28.232027327539381 ], [ 85.38355819200001, 28.232027327539381 ], [ 85.38355819200001, 28.231336030418248 ], [ 85.38316598, 28.231336030418248 ], [ 85.38316598, 28.230990381857684 ], [ 85.382773768, 28.230990381857684 ], [ 85.382773768, 28.230644733297119 ], [ 85.382381556, 28.230644733297119 ], [ 85.382381556, 28.230299084736554 ], [ 85.381989344, 28.230299084736554 ], [ 85.381989344, 28.22995343617599 ], [ 85.38159713200001, 28.22995343617599 ], [ 85.38159713200001, 28.229607787615425 ], [ 85.38120492, 28.229607787615425 ], [ 85.38120492, 28.22926213905486 ], [ 85.380812708, 28.22926213905486 ], [ 85.380812708, 28.228916490494296 ], [ 85.380420496, 28.228916490494296 ], [ 85.380420496, 28.216818790874523 ], [ 85.382381556, 28.216818790874523 ], [ 85.382381556, 28.216473142313959 ], [ 85.382773768, 28.216473142313959 ], [ 85.382773768, 28.216127493753394 ], [ 85.38316598, 28.216127493753394 ], [ 85.38316598, 28.215781845192829 ], [ 85.38355819200001, 28.215781845192829 ], [ 85.38355819200001, 28.213707953829438 ], [ 85.383950404, 28.213707953829438 ], [ 85.383950404, 28.213016656708309 ], [ 85.384342616, 28.213016656708309 ], [ 85.384342616, 28.212671008147744 ], [ 85.384734828, 28.212671008147744 ], [ 85.384734828, 28.212325359587179 ], [ 85.385519252, 28.212325359587179 ], [ 85.385519252, 28.211979711026615 ], [ 85.385911464, 28.211979711026615 ], [ 85.385911464, 28.21163406246605 ], [ 85.386695888, 28.21163406246605 ], [ 85.386695888, 28.211288413905486 ], [ 85.3870881, 28.211288413905486 ], [ 85.3870881, 28.210942765344921 ], [ 85.387480312, 28.210942765344921 ], [ 85.387480312, 28.210597116784356 ], [ 85.387872524, 28.210597116784356 ], [ 85.387872524, 28.210251468223792 ], [ 85.388264736, 28.210251468223792 ], [ 85.388264736, 28.20886887398153 ], [ 85.413758516, 28.20886887398153 ], [ 85.413758516, 28.210251468223792 ], [ 85.41415072800001, 28.210251468223792 ], [ 85.41415072800001, 28.210597116784356 ], [ 85.41454294, 28.210597116784356 ], [ 85.41454294, 28.210942765344921 ], [ 85.414935152, 28.210942765344921 ], [ 85.414935152, 28.211288413905486 ], [ 85.415327364, 28.211288413905486 ], [ 85.415327364, 28.21163406246605 ], [ 85.415719576, 28.21163406246605 ], [ 85.415719576, 28.212325359587179 ], [ 85.416111788, 28.212325359587179 ], [ 85.416111788, 28.213362305268873 ], [ 85.417288424, 28.213362305268873 ], [ 85.417288424, 28.213016656708309 ], [ 85.417680636, 28.213016656708309 ], [ 85.417680636, 28.212671008147744 ], [ 85.41846506, 28.212671008147744 ], [ 85.41846506, 28.212325359587179 ], [ 85.419249484, 28.212325359587179 ], [ 85.419249484, 28.211979711026615 ], [ 85.420033908, 28.211979711026615 ], [ 85.420033908, 28.212325359587179 ], [ 85.425132664, 28.212325359587179 ], [ 85.425132664, 28.211979711026615 ], [ 85.4263093, 28.211979711026615 ], [ 85.4263093, 28.212325359587179 ], [ 85.427093724, 28.212325359587179 ], [ 85.427093724, 28.212671008147744 ], [ 85.427485936, 28.212671008147744 ], [ 85.427485936, 28.213016656708309 ], [ 85.427878148, 28.213016656708309 ], [ 85.427878148, 28.214053602390003 ], [ 85.427485936, 28.214053602390003 ], [ 85.427485936, 28.216818790874523 ], [ 85.427878148, 28.216818790874523 ], [ 85.427878148, 28.219238330798479 ], [ 85.42827036, 28.219238330798479 ], [ 85.42827036, 28.219929627919608 ], [ 85.428662572, 28.219929627919608 ], [ 85.428662572, 28.220620925040738 ], [ 85.430623632, 28.220620925040738 ], [ 85.430623632, 28.234101218902769 ], [ 85.428662572, 28.234101218902769 ], [ 85.428662572, 28.234446867463333 ], [ 85.427878148, 28.234446867463333 ], [ 85.427878148, 28.234792516023898 ], [ 85.427093724, 28.234792516023898 ], [ 85.427093724, 28.235829461705592 ], [ 85.427485936, 28.235829461705592 ], [ 85.427485936, 28.23617511026616 ], [ 85.427878148, 28.23617511026616 ], [ 85.427878148, 28.236520758826725 ], [ 85.42827036, 28.236520758826725 ], [ 85.42827036, 28.236866407387289 ], [ 85.430623632, 28.236866407387289 ], [ 85.430623632, 28.238940298750677 ], [ 85.427093724, 28.238940298750677 ], [ 85.427093724, 28.239285947311242 ], [ 85.425524876, 28.239285947311242 ], [ 85.425524876, 28.238940298750677 ], [ 85.425132664, 28.238940298750677 ], [ 85.425132664, 28.238249001629548 ], [ 85.424740452, 28.238249001629548 ], [ 85.424740452, 28.236520758826725 ], [ 85.423956028, 28.236520758826725 ], [ 85.423956028, 28.236866407387289 ], [ 85.42238718, 28.236866407387289 ], [ 85.42238718, 28.237212055947854 ], [ 85.421994968, 28.237212055947854 ], [ 85.421994968, 28.237557704508419 ], [ 85.421602756, 28.237557704508419 ], [ 85.421602756, 28.238249001629548 ], [ 85.421210544, 28.238249001629548 ], [ 85.421210544, 28.238940298750677 ], [ 85.42081833200001, 28.238940298750677 ], [ 85.42081833200001, 28.239977244432371 ], [ 85.42042612, 28.239977244432371 ], [ 85.42042612, 28.240668541553504 ], [ 85.420033908, 28.240668541553504 ], [ 85.420033908, 28.241359838674633 ], [ 85.419249484, 28.241359838674633 ], [ 85.419249484, 28.241705487235198 ], [ 85.418857272, 28.241705487235198 ], [ 85.418857272, 28.242051135795762 ], [ 85.41846506, 28.242051135795762 ], [ 85.41846506, 28.242742432916891 ], [ 85.418072848, 28.242742432916891 ], [ 85.418072848, 28.243433730038021 ], [ 85.417680636, 28.243433730038021 ], [ 85.417680636, 28.24412502715915 ], [ 85.417288424, 28.24412502715915 ], [ 85.417288424, 28.244816324280283 ], [ 85.416896212, 28.244816324280283 ], [ 85.416896212, 28.245161972840847 ], [ 85.416504, 28.245161972840847 ], [ 85.416504, 28.245507621401412 ], [ 85.416111788, 28.245507621401412 ], [ 85.416111788, 28.245853269961977 ], [ 85.415719576, 28.245853269961977 ], [ 85.415719576, 28.246544567083106 ], [ 85.415327364, 28.246544567083106 ], [ 85.415327364, 28.247235864204235 ], [ 85.414935152, 28.247235864204235 ], [ 85.414935152, 28.248272809885929 ], [ 85.41454294, 28.248272809885929 ], [ 85.41454294, 28.248964107007062 ], [ 85.413758516, 28.248964107007062 ], [ 85.413758516, 28.249309755567626 ], [ 85.412974092, 28.249309755567626 ], [ 85.412974092, 28.249655404128191 ], [ 85.41258188, 28.249655404128191 ], [ 85.41258188, 28.250001052688756 ], [ 85.411797456, 28.250001052688756 ], [ 85.411797456, 28.25034670124932 ], [ 85.41062082, 28.25034670124932 ], [ 85.41062082, 28.250692349809885 ], [ 85.409836396, 28.250692349809885 ], [ 85.409836396, 28.25103799837045 ], [ 85.409051972, 28.25103799837045 ], [ 85.409051972, 28.251383646931014 ], [ 85.40865976, 28.251383646931014 ], [ 85.40865976, 28.251729295491579 ], [ 85.408267548, 28.251729295491579 ], [ 85.408267548, 28.253111889733837 ], [ 85.405914276, 28.253111889733837 ] ], [ [ 85.419249484, 28.235829461705592 ], [ 85.420033908, 28.235829461705592 ], [ 85.420033908, 28.235483813145027 ], [ 85.42042612, 28.235483813145027 ], [ 85.42042612, 28.234446867463333 ], [ 85.420033908, 28.234446867463333 ], [ 85.420033908, 28.233755570342204 ], [ 85.419249484, 28.233755570342204 ], [ 85.419249484, 28.234446867463333 ], [ 85.418857272, 28.234446867463333 ], [ 85.418857272, 28.235483813145027 ], [ 85.419249484, 28.235483813145027 ], [ 85.419249484, 28.235829461705592 ] ], [ [ 85.42238718, 28.222003519282996 ], [ 85.423171604, 28.222003519282996 ], [ 85.423171604, 28.221657870722431 ], [ 85.423563816, 28.221657870722431 ], [ 85.423563816, 28.220966573601302 ], [ 85.423171604, 28.220966573601302 ], [ 85.423171604, 28.220620925040738 ], [ 85.42277939200001, 28.220620925040738 ], [ 85.42277939200001, 28.220966573601302 ], [ 85.42238718, 28.220966573601302 ], [ 85.42238718, 28.222003519282996 ] ] ] } },
{ "type": "Feature", "properties": { "area_m2": 17186393.852805592, "lat": 28.229904625475051, "lon": 85.309912077712852 }, "geometry": { "type": "Polygon", "coordinates": [ [ [ 85.309037912, 28.253111889733837 ], [ 85.309037912, 28.251383646931014 ], [ 85.3086457, 28.251383646931014 ], [ 85.3086457, 28.25034670124932 ], [ 85.308253488, 28.25034670124932 ], [ 85.308253488, 28.250001052688756 ], [ 85.307861276, 28.250001052688756 ], [ 85.307861276, 28.249309755567626 ], [ 85.307469064, 28.249309755567626 ], [ 85.307469064, 28.248964107007062 ], [ 85.307076852, 28.248964107007062 ], [ 85.307076852, 28.2475815127648 ], [ 85.307469064, 28.2475815127648 ], [ 85.307469064, 28.246544567083106 ], [ 85.307861276, 28.246544567083106 ], [ 85.307861276, 28.245853269961977 ], [ 85.308253488, 28.245853269961977 ], [ 85.308253488, 28.245507621401412 ], [ 85.3086457, 28.245507621401412 ], [ 85.3086457, 28.244816324280283 ], [ 85.309430124, 28.244816324280283 ], [ 85.309430124, 28.244470675719715 ], [ 85.309822336, 28.244470675719715 ], [ 85.309822336, 28.243088081477456 ], [ 85.310214548, 28.243088081477456 ], [ 85.310214548, 28.241359838674633 ], [ 85.31060676, 28.241359838674633 ], [ 85.31060676, 28.239977244432371 ], [ 85.310214548, 28.239977244432371 ], [ 85.310214548, 28.239285947311242 ], [ 85.309430124, 28.239285947311242 ], [ 85.309430124, 28.238940298750677 ], [ 85.309037912, 28.238940298750677 ], [ 85.309037912, 28.238594650190112 ], [ 85.3086457, 28.238594650190112 ], [ 85.3086457, 28.237903353068983 ], [ 85.308253488, 28.237903353068983 ], [ 85.308253488, 28.237557704508419 ], [ 85.3086457, 28.237557704508419 ], [ 85.3086457, 28.237212055947854 ], [ 85.309037912, 28.237212055947854 ], [ 85.309037912, 28.236866407387289 ], [ 85.310214548, 28.236866407387289 ], [ 85.310214548, 28.236520758826725 ], [ 85.310998972, 28.236520758826725 ], [ 85.310998972, 28.23617511026616 ], [ 85.311391184, 28.23617511026616 ], [ 85.311391184, 28.235829461705592 ], [ 85.31178339600001, 28.235829461705592 ], [ 85.31178339600001, 28.235483813145027 ], [ 85.312175608, 28.235483813145027 ], [ 85.312175608, 28.235138164584463 ], [ 85.31178339600001, 28.235138164584463 ], [ 85.31178339600001, 28.234792516023898 ], [ 85.31060676, 28.234792516023898 ], [ 85.31060676, 28.234446867463333 ], [ 85.309430124, 28.234446867463333 ], [ 85.309430124, 28.234792516023898 ], [ 85.3086457, 28.234792516023898 ], [ 85.3086457, 28.235138164584463 ], [ 85.308253488, 28.235138164584463 ], [ 85.308253488, 28.236520758826725 ], [ 85.307861276, 28.236520758826725 ], [ 85.307861276, 28.236866407387289 ], [ 85.305900216, 28.236866407387289 ], [ 85.305900216, 28.237212055947854 ], [ 85.305508004, 28.237212055947854 ], [ 85.305508004, 28.237557704508419 ], [ 85.305115792, 28.237557704508419 ], [ 85.305115792, 28.237903353068983 ], [ 85.30472358, 28.237903353068983 ], [ 85.30472358, 28.238594650190112 ], [ 85.304331368, 28.238594650190112 ], [ 85.304331368, 28.238940298750677 ], [ 85.303546944, 28.238940298750677 ], [ 85.303546944, 28.239285947311242 ], [ 85.30315473200001, 28.239285947311242 ], [ 85.30315473200001, 28.239631595871806 ], [ 85.30276252, 28.239631595871806 ], [ 85.30276252, 28.240322892992936 ], [ 85.302370308, 28.240322892992936 ], [ 85.302370308, 28.241014190114068 ], [ 85.30276252, 28.241014190114068 ], [ 85.30276252, 28.241705487235198 ], [ 85.30315473200001, 28.241705487235198 ], [ 85.30315473200001, 28.242051135795762 ], [ 85.303546944, 28.242051135795762 ], [ 85.303546944, 28.242396784356327 ], [ 85.304331368, 28.242396784356327 ], [ 85.304331368, 28.242742432916891 ], [ 85.305115792, 28.242742432916891 ], [ 85.305115792, 28.243088081477456 ], [ 85.305508004, 28.243088081477456 ], [ 85.305508004, 28.243779378598585 ], [ 85.305115792, 28.243779378598585 ], [ 85.305115792, 28.244470675719715 ], [ 85.30472358, 28.244470675719715 ], [ 85.30472358, 28.244816324280283 ], [ 85.304331368, 28.244816324280283 ], [ 85.304331368, 28.245161972840847 ], [ 85.303939156, 28.245161972840847 ], [ 85.303939156, 28.245507621401412 ], [ 85.303546944, 28.245507621401412 ], [ 85.303546944, 28.245161972840847 ], [ 85.30315473200001, 28.245161972840847 ], [ 85.30315473200001, 28.245507621401412 ], [ 85.30276252, 28.245507621401412 ], [ 85.30276252, 28.245853269961977 ], [ 85.302370308, 28.245853269961977 ], [ 85.302370308, 28.246198918522541 ], [ 85.301978096, 28.246198918522541 ], [ 85.301978096, 28.246544567083106 ], [ 85.301585884, 28.246544567083106 ], [ 85.301585884, 28.246890215643671 ], [ 85.301193672, 28.246890215643671 ], [ 85.301193672, 28.247235864204235 ], [ 85.30080146, 28.247235864204235 ], [ 85.30080146, 28.2475815127648 ], [ 85.300017036, 28.2475815127648 ], [ 85.300017036, 28.247235864204235 ], [ 85.2988404, 28.247235864204235 ], [ 85.2988404, 28.246890215643671 ], [ 85.297663764, 28.246890215643671 ], [ 85.297663764, 28.246544567083106 ], [ 85.29648712800001, 28.246544567083106 ], [ 85.29648712800001, 28.246890215643671 ], [ 85.29491828, 28.246890215643671 ], [ 85.29491828, 28.247235864204235 ], [ 85.293741644, 28.247235864204235 ], [ 85.293741644, 28.246890215643671 ], [ 85.293349432, 28.246890215643671 ], [ 85.293349432, 28.246544567083106 ], [ 85.29295722, 28.246544567083106 ], [ 85.29295722, 28.246198918522541 ], [ 85.292565008, 28.246198918522541 ], [ 85.292565008, 28.245853269961977 ], [ 85.292172796, 28.245853269961977 ], [ 85.292172796, 28.245161972840847 ], [ 85.291780584, 28.245161972840847 ], [ 85.291780584, 28.244816324280283 ], [ 85.291388372, 28.244816324280283 ], [ 85.291388372, 28.24412502715915 ], [ 85.29099616, 28.24412502715915 ], [ 85.29099616, 28.243779378598585 ], [ 85.290603948, 28.243779378598585 ], [ 85.290603948, 28.243088081477456 ], [ 85.29099616, 28.243088081477456 ], [ 85.29099616, 28.242396784356327 ], [ 85.291388372, 28.242396784356327 ], [ 85.291388372, 28.241705487235198 ], [ 85.291780584, 28.241705487235198 ], [ 85.291780584, 28.240322892992936 ], [ 85.291388372, 28.240322892992936 ], [ 85.291388372, 28.239977244432371 ], [ 85.290603948, 28.239977244432371 ], [ 85.290603948, 28.239631595871806 ], [ 85.289427312, 28.239631595871806 ], [ 85.289427312, 28.239285947311242 ], [ 85.28785846400001, 28.239285947311242 ], [ 85.28785846400001, 28.238940298750677 ], [ 85.287466252, 28.238940298750677 ], [ 85.287466252, 28.238249001629548 ], [ 85.28707404, 28.238249001629548 ], [ 85.28707404, 28.237557704508419 ], [ 85.286681828, 28.237557704508419 ], [ 85.286681828, 28.237212055947854 ], [ 85.286289616, 28.237212055947854 ], [ 85.286289616, 28.236866407387289 ], [ 85.285897404, 28.236866407387289 ], [ 85.285897404, 28.236520758826725 ], [ 85.285505192, 28.236520758826725 ], [ 85.285505192, 28.23617511026616 ], [ 85.28511298, 28.23617511026616 ], [ 85.28511298, 28.235829461705592 ], [ 85.284720768, 28.235829461705592 ], [ 85.284720768, 28.235483813145027 ], [ 85.284328556, 28.235483813145027 ], [ 85.284328556, 28.235138164584463 ], [ 85.283936344, 28.235138164584463 ], [ 85.283936344, 28.231681678978816 ], [ 85.284328556, 28.231681678978816 ], [ 85.284328556, 28.230990381857684 ], [ 85.284720768, 28.230990381857684 ], [ 85.284720768, 28.229607787615425 ], [ 85.28511298, 28.229607787615425 ], [ 85.28511298, 28.228225193373166 ], [ 85.285505192, 28.228225193373166 ], [ 85.285505192, 28.226151302009775 ], [ 85.28511298, 28.226151302009775 ], [ 85.28511298, 28.225460004888646 ], [ 85.284720768, 28.225460004888646 ], [ 85.284720768, 28.224768707767517 ], [ 85.284328556, 28.224768707767517 ], [ 85.284328556, 28.224077410646387 ], [ 85.283936344, 28.224077410646387 ], [ 85.283936344, 28.223040464964694 ], [ 85.283544132, 28.223040464964694 ], [ 85.283544132, 28.222694816404125 ], [ 85.28315192, 28.222694816404125 ], [ 85.28315192, 28.222003519282996 ], [ 85.282759708, 28.222003519282996 ], [ 85.282759708, 28.221312222161867 ], [ 85.28315192, 28.221312222161867 ], [ 85.28315192, 28.220620925040738 ], [ 85.283544132, 28.220620925040738 ], [ 85.283544132, 28.220275276480173 ], [ 85.283936344, 28.220275276480173 ], [ 85.283936344, 28.219583979359044 ], [ 85.284328556, 28.219583979359044 ], [ 85.284328556, 28.218547033677346 ], [ 85.284720768, 28.218547033677346 ], [ 85.284720768, 28.218201385116782 ], [ 85.28511298, 28.218201385116782 ], [ 85.28511298, 28.218547033677346 ], [ 85.288250676, 28.218547033677346 ], [ 85.288250676, 28.218892682237914 ], [ 85.289427312, 28.218892682237914 ], [ 85.289427312, 28.219238330798479 ], [ 85.290211736, 28.219238330798479 ], [ 85.290211736, 28.219583979359044 ], [ 85.290603948, 28.219583979359044 ], [ 85.290603948, 28.219929627919608 ], [ 85.294133856, 28.219929627919608 ], [ 85.294133856, 28.219583979359044 ], [ 85.294526068, 28.219583979359044 ], [ 85.294526068, 28.218892682237914 ], [ 85.29491828, 28.218892682237914 ], [ 85.29491828, 28.218547033677346 ], [ 85.295310492, 28.218547033677346 ], [ 85.295310492, 28.215436196632265 ], [ 85.29491828, 28.215436196632265 ], [ 85.29491828, 28.214399250950571 ], [ 85.294526068, 28.214399250950571 ], [ 85.294526068, 28.212671008147744 ], [ 85.29491828, 28.212671008147744 ], [ 85.29491828, 28.212325359587179 ], [ 85.295310492, 28.212325359587179 ], [ 85.295310492, 28.211979711026615 ], [ 85.295702704, 28.211979711026615 ], [ 85.295702704, 28.21163406246605 ], [ 85.296094916, 28.21163406246605 ], [ 85.296094916, 28.211288413905486 ], [ 85.29648712800001, 28.211288413905486 ], [ 85.29648712800001, 28.210597116784356 ], [ 85.29687934, 28.210597116784356 ], [ 85.29687934, 28.20886887398153 ], [ 85.299232612, 28.20886887398153 ], [ 85.299232612, 28.210251468223792 ], [ 85.300017036, 28.210251468223792 ], [ 85.300017036, 28.209905819663224 ], [ 85.300409248, 28.209905819663224 ], [ 85.300409248, 28.209214522542094 ], [ 85.301193672, 28.209214522542094 ], [ 85.301193672, 28.20886887398153 ], [ 85.310998972, 28.20886887398153 ], [ 85.310998972, 28.209214522542094 ], [ 85.31178339600001, 28.209214522542094 ], [ 85.31178339600001, 28.209560171102659 ], [ 85.312175608, 28.209560171102659 ], [ 85.312175608, 28.209905819663224 ], [ 85.31256782, 28.209905819663224 ], [ 85.31256782, 28.210251468223792 ], [ 85.312960032, 28.210251468223792 ], [ 85.312960032, 28.210942765344921 ], [ 85.313352244, 28.210942765344921 ], [ 85.313352244, 28.21163406246605 ], [ 85.313744456, 28.21163406246605 ], [ 85.313744456, 28.211979711026615 ], [ 85.314136668, 28.211979711026615 ], [ 85.314136668, 28.212325359587179 ], [ 85.31452888, 28.212325359587179 ], [ 85.31452888, 28.212671008147744 ], [ 85.314921092, 28.212671008147744 ], [ 85.314921092, 28.213016656708309 ], [ 85.317274364, 28.213016656708309 ], [ 85.317274364, 28.212671008147744 ], [ 85.318058788, 28.212671008147744 ], [ 85.318058788, 28.212325359587179 ], [ 85.318451, 28.212325359587179 ], [ 85.318451, 28.211979711026615 ], [ 85.318843212, 28.211979711026615 ], [ 85.318843212, 28.21163406246605 ], [ 85.319235424, 28.21163406246605 ], [ 85.319235424, 28.211288413905486 ], [ 85.319627636, 28.211288413905486 ], [ 85.319627636, 28.210942765344921 ], [ 85.320019848, 28.210942765344921 ], [ 85.320019848, 28.210597116784356 ], [ 85.320804272, 28.210597116784356 ], [ 85.320804272, 28.210251468223792 ], [ 85.321196484, 28.210251468223792 ], [ 85.321196484, 28.209560171102659 ], [ 85.321588696, 28.209560171102659 ], [ 85.321588696, 28.209214522542094 ], [ 85.321980908, 28.209214522542094 ], [ 85.321980908, 28.20886887398153 ], [ 85.327864088, 28.20886887398153 ], [ 85.327864088, 28.210597116784356 ], [ 85.328648512, 28.210597116784356 ], [ 85.328648512, 28.210942765344921 ], [ 85.329040724, 28.210942765344921 ], [ 85.329040724, 28.211288413905486 ], [ 85.329432936, 28.211288413905486 ], [ 85.329432936, 28.21163406246605 ], [ 85.33021736, 28.21163406246605 ], [ 85.33021736, 28.250001052688756 ], [ 85.3282563, 28.250001052688756 ], [ 85.3282563, 28.250692349809885 ], [ 85.326687452, 28.250692349809885 ], [ 85.326687452, 28.25103799837045 ], [ 85.325510816, 28.25103799837045 ], [ 85.325510816, 28.251383646931014 ], [ 85.324726392, 28.251383646931014 ], [ 85.324726392, 28.253111889733837 ], [ 85.309037912, 28.253111889733837 ] ], [ [ 85.30668464, 28.230644733297119 ], [ 85.307076852, 28.230644733297119 ], [ 85.307076852, 28.230299084736554 ], [ 85.310214548, 28.230299084736554 ], [ 85.310214548, 28.22995343617599 ], [ 85.31060676, 28.22995343617599 ], [ 85.31060676, 28.229607787615425 ], [ 85.310998972, 28.229607787615425 ], [ 85.310998972, 28.22926213905486 ], [ 85.31060676, 28.22926213905486 ], [ 85.31060676, 28.227879544812602 ], [ 85.310214548, 28.227879544812602 ], [ 85.310214548, 28.226842599130904 ], [ 85.309430124, 28.226842599130904 ], [ 85.309430124, 28.227188247691469 ], [ 85.309037912, 28.227188247691469 ], [ 85.309037912, 28.227533896252037 ], [ 85.3086457, 28.227533896252037 ], [ 85.3086457, 28.227879544812602 ], [ 85.308253488, 28.227879544812602 ], [ 85.308253488, 28.228225193373166 ], [ 85.307861276, 28.228225193373166 ], [ 85.307861276, 28.228570841933731 ], [ 85.307076852, 28.228570841933731 ], [ 85.307076852, 28.228916490494296 ], [ 85.30668464, 28.228916490494296 ], [ 85.30668464, 28.22926213905486 ], [ 85.306292428, 28.22926213905486 ], [ 85.306292428, 28.230299084736554 ], [ 85.30668464, 28.230299084736554 ], [ 85.30668464, 28.230644733297119 ] ], [ [ 85.300017036, 28.229607787615425 ], [ 85.300409248, 28.229607787615425 ], [ 85.300409248, 28.22926213905486 ], [ 85.300017036, 28.22926213905486 ], [ 85.300017036, 28.229607787615425 ] ], [ [ 85.309430124, 28.219583979359044 ], [ 85.310214548, 28.219583979359044 ], [ 85.310214548, 28.219238330798479 ], [ 85.31060676, 28.219238330798479 ], [ 85.31060676, 28.218892682237914 ], [ 85.310998972, 28.218892682237914 ], [ 85.310998972, 28.217510087995652 ], [ 85.31060676, 28.217510087995652 ], [ 85.31060676, 28.217164439435088 ], [ 85.310214548, 28.217164439435088 ], [ 85.310214548, 28.216818790874523 ], [ 85.309430124, 28.216818790874523 ], [ 85.309430124, 28.217510087995652 ], [ 85.309037912, 28.217510087995652 ], [ 85.309037912, 28.219238330798479 ], [ 85.309430124, 28.219238330798479 ], [ 85.309430124, 28.219583979359044 ] ] ] } },
{ "type": "Feature", "properties": { "area_m2": 41299.962580717416, "lat": 28.201486808295179, "lon": 85.187984479714302 }, "geometry": { "type": "Polygon", "coordinates": [ [ [ 85.187452192, 28.202647199891363 ], [ 85.187452192, 28.202301551330798 ], [ 85.18705998, 28.202301551330798 ], [ 85.18705998, 28.201955902770234 ], [ 85.186667768, 28.201955902770234 ], [ 85.186667768, 28.201610254209669 ], [ 85.18705998, 28.201610254209669 ], [ 85.18705998, 28.200573308527972 ], [ 85.187452192, 28.200573308527972 ], [ 85.187452192, 28.200227659967407 ], [ 85.187844404, 28.200227659967407 ], [ 85.187844404, 28.200573308527972 ], [ 85.188628828, 28.200573308527972 ], [ 85.188628828, 28.200918957088536 ], [ 85.18902104, 28.200918957088536 ], [ 85.18902104, 28.201610254209669 ], [ 85.189413252, 28.201610254209669 ], [ 85.189413252, 28.201955902770234 ], [ 85.18902104, 28.201955902770234 ], [ 85.18902104, 28.202301551330798 ], [ 85.187844404, 28.202301551330798 ], [ 85.187844404, 28.202647199891363 ], [ 85.187452192, 28.202647199891363 ] ] ] } },
{ "type": "Feature", "properties": { "area_m2": 535429.43309317133, "lat": 28.20152217571971, "lon": 85.176020238650111 }, "geometry": { "type": "Polygon", "coordinates": [ [ [ 85.172940348, 28.206449334057577 ], [ 85.172940348, 28.199882011406842 ], [ 85.17333256, 28.199882011406842 ], [ 85.17333256, 28.198845065725148 ], [ 85.173724772, 28.198845065725148 ], [ 85.173724772, 28.198153768604019 ], [ 85.174116984, 28.198153768604019 ], [ 85.174116984, 28.197808120043454 ], [ 85.174509196, 28.197808120043454 ], [ 85.174509196, 28.19746247148289 ], [ 85.178039104, 28.19746247148289 ], [ 85.178039104, 28.197116822922325 ], [ 85.179607952, 28.197116822922325 ], [ 85.179607952, 28.201264605649101 ], [ 85.17921574, 28.201264605649101 ], [ 85.17921574, 28.201610254209669 ], [ 85.178823528, 28.201610254209669 ], [ 85.178823528, 28.202647199891363 ], [ 85.178431316, 28.202647199891363 ], [ 85.178431316, 28.203338497012492 ], [ 85.178039104, 28.203338497012492 ], [ 85.178039104, 28.204029794133621 ], [ 85.177646892, 28.204029794133621 ], [ 85.177646892, 28.20541238837588 ], [ 85.17725468, 28.20541238837588 ], [ 85.17725468, 28.205758036936448 ], [ 85.176078044, 28.205758036936448 ], [ 85.176078044, 28.206103685497013 ], [ 85.174509196, 28.206103685497013 ], [ 85.174509196, 28.206449334057577 ], [ 85.172940348, 28.206449334057577 ] ] ] } },
{ "type": "Feature", "properties": { "area_m2": 402750.45687939733, "lat": 28.199390126916818, "lon": 85.001741246674015 }, "geometry": { "type": "Polygon", "coordinates": [ [ [ 84.99879822, 28.202647199891363 ], [ 84.99879822, 28.202301551330798 ], [ 84.998013796, 28.202301551330798 ], [ 84.998013796, 28.201955902770234 ], [ 84.997621584, 28.201955902770234 ], [ 84.997621584, 28.201610254209669 ], [ 84.997229372, 28.201610254209669 ], [ 84.997229372, 28.200918957088536 ], [ 84.99683716, 28.200918957088536 ], [ 84.99683716, 28.200227659967407 ], [ 84.996444948, 28.200227659967407 ], [ 84.996444948, 28.198845065725148 ], [ 84.99683716, 28.198845065725148 ], [ 84.99683716, 28.198499417164584 ], [ 84.997621584, 28.198499417164584 ], [ 84.997621584, 28.198153768604019 ], [ 84.999190432, 28.198153768604019 ], [ 84.999190432, 28.197808120043454 ], [ 85.001935916, 28.197808120043454 ], [ 85.001935916, 28.19746247148289 ], [ 85.003112552, 28.19746247148289 ], [ 85.003112552, 28.197116822922325 ], [ 85.005073612, 28.197116822922325 ], [ 85.005073612, 28.196771174361757 ], [ 85.00664246, 28.196771174361757 ], [ 85.00664246, 28.197116822922325 ], [ 85.007034672, 28.197116822922325 ], [ 85.007034672, 28.198499417164584 ], [ 85.007426884, 28.198499417164584 ], [ 85.007426884, 28.199190714285713 ], [ 85.007034672, 28.199190714285713 ], [ 85.007034672, 28.199536362846278 ], [ 85.00664246, 28.199536362846278 ], [ 85.00664246, 28.199882011406842 ], [ 85.006250248, 28.199882011406842 ], [ 85.006250248, 28.200227659967407 ], [ 85.005858036, 28.200227659967407 ], [ 85.005858036, 28.200573308527972 ], [ 85.001935916, 28.200573308527972 ], [ 85.001935916, 28.200918957088536 ], [ 85.001151492, 28.200918957088536 ], [ 85.001151492, 28.201264605649101 ], [ 85.00075928, 28.201264605649101 ], [ 85.00075928, 28.201610254209669 ], [ 85.000367068, 28.201610254209669 ], [ 85.000367068, 28.201955902770234 ], [ 84.999974856, 28.201955902770234 ], [ 84.999974856, 28.202301551330798 ], [ 84.999582644, 28.202301551330798 ], [ 84.999582644, 28.202647199891363 ], [ 84.99879822, 28.202647199891363 ] ] ] } },
{ "type": "Feature", "properties": { "area_m2": 88524.775612465135, "lat": 28.195313689598045, "lon": 84.943705507733341 }, "geometry": { "type": "Polygon", "coordinates": [ [ [ 84.945065176, 28.197116822922325 ], [ 84.945065176, 28.196771174361757 ], [ 84.94388854, 28.196771174361757 ], [ 84.94388854, 28.196425525801192 ], [ 84.943496328, 28.196425525801192 ], [ 84.943496328, 28.196079877240628 ], [ 84.943104116, 28.196079877240628 ], [ 84.943104116, 28.195734228680063 ], [ 84.942319692, 28.195734228680063 ], [ 84.942319692, 28.195388580119499 ], [ 84.94192748, 28.195388580119499 ], [ 84.94192748, 28.195042931558934 ], [ 84.941535268, 28.195042931558934 ], [ 84.941535268, 28.193660337316675 ], [ 84.94192748, 28.193660337316675 ], [ 84.94192748, 28.193314688756111 ], [ 84.943104116, 28.193314688756111 ], [ 84.943104116, 28.193660337316675 ], [ 84.943496328, 28.193660337316675 ], [ 84.943496328, 28.195042931558934 ], [ 84.94388854, 28.195042931558934 ], [ 84.94388854, 28.195388580119499 ], [ 84.9458496, 28.195388580119499 ], [ 84.9458496, 28.196079877240628 ], [ 84.946241812, 28.196079877240628 ], [ 84.946241812, 28.196425525801192 ], [ 84.946634024, 28.196425525801192 ], [ 84.946634024, 28.196771174361757 ], [ 84.9458496, 28.196771174361757 ], [ 84.9458496, 28.197116822922325 ], [ 84.945065176, 28.197116822922325 ] ] ] } },
{ "type": "Feature", "properties": { "area_m2": 221335.10653272836, "lat": 28.195764184888649, "lon": 84.83580275704 }, "geometry": { "type": "Polygon", "coordinates": [ [ [ 84.835638028, 28.198499417164584 ], [ 84.835638028, 28.198153768604019 ], [ 84.834461392, 28.198153768604019 ], [ 84.834461392, 28.197808120043454 ], [ 84.83406918, 28.197808120043454 ], [ 84.83406918, 28.19746247148289 ], [ 84.833676968, 28.19746247148289 ], [ 84.833676968, 28.197116822922325 ], [ 84.833284756, 28.197116822922325 ], [ 84.833284756, 28.196771174361757 ], [ 84.832892544, 28.196771174361757 ], [ 84.832892544, 28.196079877240628 ], [ 84.833284756, 28.196079877240628 ], [ 84.833284756, 28.195388580119499 ], [ 84.833676968, 28.195388580119499 ], [ 84.833676968, 28.194697282998369 ], [ 84.83406918, 28.194697282998369 ], [ 84.83406918, 28.19400598587724 ], [ 84.834461392, 28.19400598587724 ], [ 84.834461392, 28.193660337316675 ], [ 84.834853604, 28.193660337316675 ], [ 84.834853604, 28.193314688756111 ], [ 84.835638028, 28.193314688756111 ], [ 84.835638028, 28.192969040195546 ], [ 84.836814664, 28.192969040195546 ], [ 84.836814664, 28.193314688756111 ], [ 84.837206876, 28.193314688756111 ], [ 84.837206876, 28.193660337316675 ], [ 84.837599088, 28.193660337316675 ], [ 84.837599088, 28.194351634437805 ], [ 84.8379913, 28.194351634437805 ], [ 84.8379913, 28.195388580119499 ], [ 84.838383512, 28.195388580119499 ], [ 84.838383512, 28.196771174361757 ], [ 84.8379913, 28.196771174361757 ], [ 84.8379913, 28.19746247148289 ], [ 84.837206876, 28.19746247148289 ], [ 84.837206876, 28.197808120043454 ], [ 84.836814664, 28.197808120043454 ], [ 84.836814664, 28.198153768604019 ], [ 84.83603024, 28.198153768604019 ], [ 84.83603024, 28.198499417164584 ], [ 84.835638028, 28.198499417164584 ] ] ] } },
{ "type": "Feature", "properties": { "area_m2": 213862.5852014992, "lat": 28.195056042366399, "lon": 85.327508392289658 }, "geometry": { "type": "Polygon", "coordinates": [ [ [ 85.325510816, 28.19746247148289 ], [ 85.325510816, 28.197116822922325 ], [ 85.325118604, 28.197116822922325 ], [ 85.325118604, 28.192969040195546 ], [ 85.325510816, 28.192969040195546 ], [ 85.325510816, 28.192623391634978 ], [ 85.32629524, 28.192623391634978 ], [ 85.32629524, 28.192969040195546 ], [ 85.32707966400001, 28.192969040195546 ], [ 85.32707966400001, 28.193314688756111 ], [ 85.33021736, 28.193314688756111 ], [ 85.33021736, 28.196771174361757 ], [ 85.327471876, 28.196771174361757 ], [ 85.327471876, 28.197116822922325 ], [ 85.32629524, 28.197116822922325 ], [ 85.32629524, 28.19746247148289 ], [ 85.325510816, 28.19746247148289 ] ] ] } },
{ "type": "Feature", "properties": { "area_m2": 11803.403506506385, "lat": 28.193487513036388, "lon": 84.952468177500009 }, "geometry": { "type": "Polygon", "coordinates": [ [ [ 84.952124992, 28.194351634437805 ], [ 84.952124992, 28.192623391634978 ], [ 84.952517204, 28.192623391634978 ], [ 84.952517204, 28.192969040195546 ], [ 84.952909416, 28.192969040195546 ], [ 84.952909416, 28.19400598587724 ], [ 84.952517204, 28.19400598587724 ], [ 84.952517204, 28.194351634437805 ], [ 84.952124992, 28.194351634437805 ] ] ] } },
{ "type": "Feature", "properties": { "area_m2": 1126902.8478131949, "lat": 28.200437582653393, "lon": 85.195821605921438 }, "geometry": { "type": "Polygon", "coordinates": [ [ [ 85.191374312, 28.20886887398153 ], [ 85.191374312, 28.206794982618142 ], [ 85.1909821, 28.206794982618142 ], [ 85.1909821, 28.20541238837588 ], [ 85.191374312, 28.20541238837588 ], [ 85.191374312, 28.205066739815315 ], [ 85.191766524, 28.205066739815315 ], [ 85.191766524, 28.204721091254751 ], [ 85.192158736, 28.204721091254751 ], [ 85.192158736, 28.202992848451927 ], [ 85.192550948, 28.202992848451927 ], [ 85.192550948, 28.202647199891363 ], [ 85.19294316, 28.202647199891363 ], [ 85.19294316, 28.202301551330798 ], [ 85.193727584, 28.202301551330798 ], [ 85.193727584, 28.201610254209669 ], [ 85.19294316, 28.201610254209669 ], [ 85.19294316, 28.201264605649101 ], [ 85.192158736, 28.201264605649101 ], [ 85.192158736, 28.200918957088536 ], [ 85.191766524, 28.200918957088536 ], [ 85.191766524, 28.200573308527972 ], [ 85.191374312, 28.200573308527972 ], [ 85.191374312, 28.200227659967407 ], [ 85.1909821, 28.200227659967407 ], [ 85.1909821, 28.199536362846278 ], [ 85.190589888, 28.199536362846278 ], [ 85.190589888, 28.199190714285713 ], [ 85.1909821, 28.199190714285713 ], [ 85.1909821, 28.198845065725148 ], [ 85.191374312, 28.198845065725148 ], [ 85.191374312, 28.198499417164584 ], [ 85.191766524, 28.198499417164584 ], [ 85.191766524, 28.198153768604019 ], [ 85.192158736, 28.198153768604019 ], [ 85.192158736, 28.197808120043454 ], [ 85.192550948, 28.197808120043454 ], [ 85.192550948, 28.19746247148289 ], [ 85.19294316, 28.19746247148289 ], [ 85.19294316, 28.196771174361757 ], [ 85.193335372, 28.196771174361757 ], [ 85.193335372, 28.196425525801192 ], [ 85.193727584, 28.196425525801192 ], [ 85.193727584, 28.196079877240628 ], [ 85.194512008, 28.196079877240628 ], [ 85.194512008, 28.195734228680063 ], [ 85.19490422, 28.195734228680063 ], [ 85.19490422, 28.195388580119499 ], [ 85.195296432, 28.195388580119499 ], [ 85.195296432, 28.193660337316675 ], [ 85.195688644, 28.193660337316675 ], [ 85.195688644, 28.192623391634978 ], [ 85.196473068, 28.192623391634978 ], [ 85.196473068, 28.192277743074413 ], [ 85.197649704, 28.192277743074413 ], [ 85.197649704, 28.191932094513849 ], [ 85.198434128, 28.191932094513849 ], [ 85.198434128, 28.191586445953284 ], [ 85.19882634, 28.191586445953284 ], [ 85.19882634, 28.191240797392719 ], [ 85.199218552, 28.191240797392719 ], [ 85.199218552, 28.190895148832155 ], [ 85.199610764, 28.190895148832155 ], [ 85.199610764, 28.19054950027159 ], [ 85.200395188, 28.19054950027159 ], [ 85.200395188, 28.191240797392719 ], [ 85.2007874, 28.191240797392719 ], [ 85.2007874, 28.192623391634978 ], [ 85.200395188, 28.192623391634978 ], [ 85.200395188, 28.195734228680063 ], [ 85.200002976, 28.195734228680063 ], [ 85.200002976, 28.197116822922325 ], [ 85.200395188, 28.197116822922325 ], [ 85.200395188, 28.199882011406842 ], [ 85.19882634, 28.199882011406842 ], [ 85.19882634, 28.200227659967407 ], [ 85.198041916, 28.200227659967407 ], [ 85.198041916, 28.205758036936448 ], [ 85.197649704, 28.205758036936448 ], [ 85.197649704, 28.207486279739271 ], [ 85.197257492, 28.207486279739271 ], [ 85.197257492, 28.2081775768604 ], [ 85.19686528, 28.2081775768604 ], [ 85.19686528, 28.208523225420965 ], [ 85.196080856, 28.208523225420965 ], [ 85.196080856, 28.20886887398153 ], [ 85.191374312, 28.20886887398153 ] ], [ [ 85.196473068, 28.199882011406842 ], [ 85.197649704, 28.199882011406842 ], [ 85.197649704, 28.199536362846278 ], [ 85.198041916, 28.199536362846278 ], [ 85.198041916, 28.198845065725148 ], [ 85.197649704, 28.198845065725148 ], [ 85.197649704, 28.198499417164584 ], [ 85.196473068, 28.198499417164584 ], [ 85.196473068, 28.199882011406842 ] ], [ [ 85.19882634, 28.198153768604019 ], [ 85.199610764, 28.198153768604019 ], [ 85.199610764, 28.197116822922325 ], [ 85.199218552, 28.197116822922325 ], [ 85.199218552, 28.196771174361757 ], [ 85.198434128, 28.196771174361757 ], [ 85.198434128, 28.197808120043454 ], [ 85.19882634, 28.197808120043454 ], [ 85.19882634, 28.198153768604019 ] ] ] } },
{ "type": "Feature", "properties": { "area_m2": 5899.5622284040783, "lat": 28.190895148832155, "lon": 85.397677824 }, "geometry": { "type": "Polygon", "coordinates": [ [ [ 85.397285612, 28.191240797392719 ], [ 85.397285612, 28.19054950027159 ], [ 85.398070036, 28.19054950027159 ], [ 85.398070036, 28.191240797392719 ], [ 85.397285612, 28.191240797392719 ] ] ] } },
{ "type": "Feature", "properties": { "area_m2": 289129.9387375199, "lat": 28.191189655513856, "lon": 85.178263225142857 }, "geometry": { "type": "Polygon", "coordinates": [ [ [ 85.18313786, 28.196771174361757 ], [ 85.18313786, 28.196079877240628 ], [ 85.182745648, 28.196079877240628 ], [ 85.182745648, 28.195042931558934 ], [ 85.182353436, 28.195042931558934 ], [ 85.182353436, 28.193314688756111 ], [ 85.181961224, 28.193314688756111 ], [ 85.181961224, 28.191932094513849 ], [ 85.181569012, 28.191932094513849 ], [ 85.181569012, 28.191586445953284 ], [ 85.179607952, 28.191586445953284 ], [ 85.179607952, 28.191932094513849 ], [ 85.174509196, 28.191932094513849 ], [ 85.174509196, 28.191240797392719 ], [ 85.174116984, 28.191240797392719 ], [ 85.174116984, 28.190895148832155 ], [ 85.173724772, 28.190895148832155 ], [ 85.173724772, 28.19054950027159 ], [ 85.17333256, 28.19054950027159 ], [ 85.17333256, 28.189512554589896 ], [ 85.172940348, 28.189512554589896 ], [ 85.172940348, 28.188129960347634 ], [ 85.17333256, 28.188129960347634 ], [ 85.17333256, 28.18778431178707 ], [ 85.174116984, 28.18778431178707 ], [ 85.174116984, 28.187438663226505 ], [ 85.17529362, 28.187438663226505 ], [ 85.17529362, 28.18778431178707 ], [ 85.175685832, 28.18778431178707 ], [ 85.175685832, 28.188129960347634 ], [ 85.176078044, 28.188129960347634 ], [ 85.176078044, 28.189166906029332 ], [ 85.176470256, 28.189166906029332 ], [ 85.176470256, 28.189858203150461 ], [ 85.176862468, 28.189858203150461 ], [ 85.176862468, 28.190203851711026 ], [ 85.17725468, 28.190203851711026 ], [ 85.17725468, 28.19054950027159 ], [ 85.1811768, 28.19054950027159 ], [ 85.1811768, 28.191240797392719 ], [ 85.181961224, 28.191240797392719 ], [ 85.181961224, 28.191586445953284 ], [ 85.18313786, 28.191586445953284 ], [ 85.18313786, 28.191932094513849 ], [ 85.183922284, 28.191932094513849 ], [ 85.183922284, 28.192277743074413 ], [ 85.184314496, 28.192277743074413 ], [ 85.184314496, 28.192969040195546 ], [ 85.184706708, 28.192969040195546 ], [ 85.184706708, 28.193660337316675 ], [ 85.184314496, 28.193660337316675 ], [ 85.184314496, 28.19400598587724 ], [ 85.183922284, 28.19400598587724 ], [ 85.183922284, 28.194697282998369 ], [ 85.183530072, 28.194697282998369 ], [ 85.183530072, 28.196771174361757 ], [ 85.18313786, 28.196771174361757 ] ] ] } },
{ "type": "Feature", "properties": { "area_m2": 267065.51431978599, "lat": 28.188209211260691, "lon": 84.950728413911577 }, "geometry": { "type": "Polygon", "coordinates": [ [ [ 84.948595084, 28.190895148832155 ], [ 84.948595084, 28.19054950027159 ], [ 84.948202872, 28.19054950027159 ], [ 84.948202872, 28.186747366105376 ], [ 84.948595084, 28.186747366105376 ], [ 84.948595084, 28.186401717544811 ], [ 84.948987296, 28.186401717544811 ], [ 84.948987296, 28.186056068984247 ], [ 84.949379508, 28.186056068984247 ], [ 84.949379508, 28.185710420423682 ], [ 84.950556144, 28.185710420423682 ], [ 84.950556144, 28.185364771863117 ], [ 84.952517204, 28.185364771863117 ], [ 84.952517204, 28.185710420423682 ], [ 84.952909416, 28.185710420423682 ], [ 84.952909416, 28.186747366105376 ], [ 84.953301628, 28.186747366105376 ], [ 84.953301628, 28.189858203150461 ], [ 84.952909416, 28.189858203150461 ], [ 84.952909416, 28.190203851711026 ], [ 84.952124992, 28.190203851711026 ], [ 84.952124992, 28.19054950027159 ], [ 84.951340568, 28.19054950027159 ], [ 84.951340568, 28.190895148832155 ], [ 84.948595084, 28.190895148832155 ] ] ] } },
{ "type": "Feature", "properties": { "area_m2": 4426.6355386921778, "lat": 28.185307163769686, "lon": 84.945914968666671 }, "geometry": { "type": "Polygon", "coordinates": [ [ [ 84.9458496, 28.185710420423682 ], [ 84.9458496, 28.185364771863117 ], [ 84.945457388, 28.185364771863117 ], [ 84.945457388, 28.185019123302553 ], [ 84.946241812, 28.185019123302553 ], [ 84.946241812, 28.185710420423682 ], [ 84.9458496, 28.185710420423682 ] ] ] } },
{ "type": "Feature", "properties": { "area_m2": 761346.01865085296, "lat": 28.191509411874861, "lon": 84.935642206689892 }, "geometry": { "type": "Polygon", "coordinates": [ [ [ 84.9360443, 28.198499417164584 ], [ 84.9360443, 28.198153768604019 ], [ 84.935259876, 28.198153768604019 ], [ 84.935259876, 28.197808120043454 ], [ 84.934475452, 28.197808120043454 ], [ 84.934475452, 28.19746247148289 ], [ 84.93408324, 28.19746247148289 ], [ 84.93408324, 28.196079877240628 ], [ 84.933691028, 28.196079877240628 ], [ 84.933691028, 28.195042931558934 ], [ 84.933298816, 28.195042931558934 ], [ 84.933298816, 28.19400598587724 ], [ 84.932906604, 28.19400598587724 ], [ 84.932906604, 28.191932094513849 ], [ 84.932514392, 28.191932094513849 ], [ 84.932514392, 28.189512554589896 ], [ 84.932906604, 28.189512554589896 ], [ 84.932906604, 28.188821257468767 ], [ 84.93408324, 28.188821257468767 ], [ 84.93408324, 28.18778431178707 ], [ 84.933691028, 28.18778431178707 ], [ 84.933691028, 28.187438663226505 ], [ 84.932514392, 28.187438663226505 ], [ 84.932514392, 28.186401717544811 ], [ 84.93212218, 28.186401717544811 ], [ 84.93212218, 28.184327826181423 ], [ 84.932514392, 28.184327826181423 ], [ 84.932514392, 28.183982177620855 ], [ 84.934475452, 28.183982177620855 ], [ 84.934475452, 28.184327826181423 ], [ 84.935259876, 28.184327826181423 ], [ 84.935259876, 28.184673474741988 ], [ 84.935652088, 28.184673474741988 ], [ 84.935652088, 28.185019123302553 ], [ 84.9360443, 28.185019123302553 ], [ 84.9360443, 28.185710420423682 ], [ 84.936436512, 28.185710420423682 ], [ 84.936436512, 28.186401717544811 ], [ 84.936828724, 28.186401717544811 ], [ 84.936828724, 28.186747366105376 ], [ 84.937220936, 28.186747366105376 ], [ 84.937220936, 28.18778431178707 ], [ 84.937613148, 28.18778431178707 ], [ 84.937613148, 28.188821257468767 ], [ 84.93800536, 28.188821257468767 ], [ 84.93800536, 28.189512554589896 ], [ 84.938397572, 28.189512554589896 ], [ 84.938397572, 28.189858203150461 ], [ 84.938789784, 28.189858203150461 ], [ 84.938789784, 28.190203851711026 ], [ 84.939181996, 28.190203851711026 ], [ 84.939181996, 28.19054950027159 ], [ 84.939574208, 28.19054950027159 ], [ 84.939574208, 28.191586445953284 ], [ 84.939181996, 28.191586445953284 ], [ 84.939181996, 28.191932094513849 ], [ 84.938789784, 28.191932094513849 ], [ 84.938789784, 28.192277743074413 ], [ 84.93800536, 28.192277743074413 ], [ 84.93800536, 28.19400598587724 ], [ 84.938397572, 28.19400598587724 ], [ 84.938397572, 28.195042931558934 ], [ 84.938789784, 28.195042931558934 ], [ 84.938789784, 28.195734228680063 ], [ 84.939181996, 28.195734228680063 ], [ 84.939181996, 28.19746247148289 ], [ 84.938789784, 28.19746247148289 ], [ 84.938789784, 28.198153768604019 ], [ 84.93800536, 28.198153768604019 ], [ 84.93800536, 28.198499417164584 ], [ 84.9360443, 28.198499417164584 ] ] ] } },
{ "type": "Feature", "properties": { "area_m2": 59022.930821336915, "lat": 28.185649931925582, "lon": 84.924081834000006 }, "geometry": { "type": "Polygon", "coordinates": [ [ [ 84.923885728, 28.18709301466594 ], [ 84.923885728, 28.186747366105376 ], [ 84.923101304, 28.186747366105376 ], [ 84.923101304, 28.185710420423682 ], [ 84.922709092, 28.185710420423682 ], [ 84.922709092, 28.185019123302553 ], [ 84.923101304, 28.185019123302553 ], [ 84.923101304, 28.184673474741988 ], [ 84.923493516, 28.184673474741988 ], [ 84.923493516, 28.184327826181423 ], [ 84.923885728, 28.184327826181423 ], [ 84.923885728, 28.183982177620855 ], [ 84.92427794, 28.183982177620855 ], [ 84.92427794, 28.184327826181423 ], [ 84.924670152, 28.184327826181423 ], [ 84.924670152, 28.184673474741988 ], [ 84.925062364, 28.184673474741988 ], [ 84.925062364, 28.185364771863117 ], [ 84.925454576, 28.185364771863117 ], [ 84.925454576, 28.185710420423682 ], [ 84.925062364, 28.185710420423682 ], [ 84.925062364, 28.18709301466594 ], [ 84.923885728, 28.18709301466594 ] ] ] } },
{ "type": "Feature", "properties": { "area_m2": 7375.5027532497115, "lat": 28.177172900977734, "lon": 85.37575317320001 }, "geometry": { "type": "Polygon", "coordinates": [ [ [ 85.375713952, 28.177760503530688 ], [ 85.375713952, 28.177414854970124 ], [ 85.37532174, 28.177414854970124 ], [ 85.37532174, 28.176723557848995 ], [ 85.376106164, 28.176723557848995 ], [ 85.376106164, 28.177760503530688 ], [ 85.375713952, 28.177760503530688 ] ] ] } },
{ "type": "Feature", "properties": { "area_m2": 672888.44889352168, "lat": 28.17911959973485, "lon": 84.943398275000021 }, "geometry": { "type": "Polygon", "coordinates": [ [ [ 84.941535268, 28.183290880499726 ], [ 84.941535268, 28.182945231939161 ], [ 84.941143056, 28.182945231939161 ], [ 84.941143056, 28.182599583378597 ], [ 84.940750844, 28.182599583378597 ], [ 84.940750844, 28.182253934818032 ], [ 84.940358632, 28.182253934818032 ], [ 84.940358632, 28.181908286257467 ], [ 84.93996642, 28.181908286257467 ], [ 84.93996642, 28.181562637696903 ], [ 84.939574208, 28.181562637696903 ], [ 84.939574208, 28.181216989136338 ], [ 84.938789784, 28.181216989136338 ], [ 84.938789784, 28.180871340575774 ], [ 84.938397572, 28.180871340575774 ], [ 84.938397572, 28.180525692015209 ], [ 84.93800536, 28.180525692015209 ], [ 84.93800536, 28.180180043454644 ], [ 84.937613148, 28.180180043454644 ], [ 84.937613148, 28.177069206409559 ], [ 84.93800536, 28.177069206409559 ], [ 84.93800536, 28.176723557848995 ], [ 84.938397572, 28.176723557848995 ], [ 84.938397572, 28.17637790928843 ], [ 84.938789784, 28.17637790928843 ], [ 84.938789784, 28.176032260727865 ], [ 84.939181996, 28.176032260727865 ], [ 84.939181996, 28.175686612167301 ], [ 84.939574208, 28.175686612167301 ], [ 84.939574208, 28.175340963606732 ], [ 84.93996642, 28.175340963606732 ], [ 84.93996642, 28.175686612167301 ], [ 84.940358632, 28.175686612167301 ], [ 84.940358632, 28.176032260727865 ], [ 84.940750844, 28.176032260727865 ], [ 84.940750844, 28.176723557848995 ], [ 84.941143056, 28.176723557848995 ], [ 84.941143056, 28.177069206409559 ], [ 84.941535268, 28.177069206409559 ], [ 84.941535268, 28.177414854970124 ], [ 84.943496328, 28.177414854970124 ], [ 84.943496328, 28.177069206409559 ], [ 84.944280752, 28.177069206409559 ], [ 84.944280752, 28.176723557848995 ], [ 84.944672964, 28.176723557848995 ], [ 84.944672964, 28.17637790928843 ], [ 84.945065176, 28.17637790928843 ], [ 84.945065176, 28.176032260727865 ], [ 84.948987296, 28.176032260727865 ], [ 84.948987296, 28.17637790928843 ], [ 84.94977172, 28.17637790928843 ], [ 84.94977172, 28.177069206409559 ], [ 84.950163932, 28.177069206409559 ], [ 84.950163932, 28.177760503530688 ], [ 84.94977172, 28.177760503530688 ], [ 84.94977172, 28.179143097772947 ], [ 84.949379508, 28.179143097772947 ], [ 84.949379508, 28.179488746333512 ], [ 84.948987296, 28.179488746333512 ], [ 84.948987296, 28.17983439489408 ], [ 84.94781066, 28.17983439489408 ], [ 84.94781066, 28.180180043454644 ], [ 84.946634024, 28.180180043454644 ], [ 84.946634024, 28.180525692015209 ], [ 84.946241812, 28.180525692015209 ], [ 84.946241812, 28.181216989136338 ], [ 84.9458496, 28.181216989136338 ], [ 84.9458496, 28.181908286257467 ], [ 84.945065176, 28.181908286257467 ], [ 84.945065176, 28.182253934818032 ], [ 84.944672964, 28.182253934818032 ], [ 84.944672964, 28.182599583378597 ], [ 84.944280752, 28.182599583378597 ], [ 84.944280752, 28.182945231939161 ], [ 84.94388854, 28.182945231939161 ], [ 84.94388854, 28.183290880499726 ], [ 84.941535268, 28.183290880499726 ] ] ] } },
{ "type": "Feature", "properties": { "area_m2": 2928780.9760407223, "lat": 28.185845980828933, "lon": 85.003640803275658 }, "geometry": { "type": "Polygon", "coordinates": [ [ [ 85.007819096, 28.196771174361757 ], [ 85.007819096, 28.196425525801192 ], [ 85.005858036, 28.196425525801192 ], [ 85.005858036, 28.196079877240628 ], [ 85.004289188, 28.196079877240628 ], [ 85.004289188, 28.195734228680063 ], [ 85.003896976, 28.195734228680063 ], [ 85.003896976, 28.194697282998369 ], [ 85.003504764, 28.194697282998369 ], [ 85.003504764, 28.193314688756111 ], [ 85.003112552, 28.193314688756111 ], [ 85.003112552, 28.192969040195546 ], [ 85.00272034, 28.192969040195546 ], [ 85.00272034, 28.192623391634978 ], [ 85.001543704, 28.192623391634978 ], [ 85.001543704, 28.192969040195546 ], [ 84.999974856, 28.192969040195546 ], [ 84.999974856, 28.193314688756111 ], [ 84.998406008, 28.193314688756111 ], [ 84.998406008, 28.193660337316675 ], [ 84.997621584, 28.193660337316675 ], [ 84.997621584, 28.19400598587724 ], [ 84.99683716, 28.19400598587724 ], [ 84.99683716, 28.194351634437805 ], [ 84.995268312, 28.194351634437805 ], [ 84.995268312, 28.19400598587724 ], [ 84.994483888, 28.19400598587724 ], [ 84.994483888, 28.192623391634978 ], [ 84.994091676, 28.192623391634978 ], [ 84.994091676, 28.191932094513849 ], [ 84.993699464, 28.191932094513849 ], [ 84.993699464, 28.191240797392719 ], [ 84.993307252, 28.191240797392719 ], [ 84.993307252, 28.190895148832155 ], [ 84.993699464, 28.190895148832155 ], [ 84.993699464, 28.190203851711026 ], [ 84.994091676, 28.190203851711026 ], [ 84.994091676, 28.189858203150461 ], [ 84.994483888, 28.189858203150461 ], [ 84.994483888, 28.189166906029332 ], [ 84.9948761, 28.189166906029332 ], [ 84.9948761, 28.188821257468767 ], [ 84.995268312, 28.188821257468767 ], [ 84.995268312, 28.188129960347634 ], [ 84.995660524, 28.188129960347634 ], [ 84.995660524, 28.18778431178707 ], [ 84.996052736, 28.18778431178707 ], [ 84.996052736, 28.187438663226505 ], [ 84.996444948, 28.187438663226505 ], [ 84.996444948, 28.18709301466594 ], [ 84.99683716, 28.18709301466594 ], [ 84.99683716, 28.186401717544811 ], [ 84.997229372, 28.186401717544811 ], [ 84.997229372, 28.183982177620855 ], [ 84.99683716, 28.183982177620855 ], [ 84.99683716, 28.181908286257467 ], [ 84.997229372, 28.181908286257467 ], [ 84.997229372, 28.181562637696903 ], [ 84.997621584, 28.181562637696903 ], [ 84.997621584, 28.181216989136338 ], [ 84.998013796, 28.181216989136338 ], [ 84.998013796, 28.180871340575774 ], [ 84.998406008, 28.180871340575774 ], [ 84.998406008, 28.180525692015209 ], [ 84.99879822, 28.180525692015209 ], [ 84.99879822, 28.180180043454644 ], [ 84.999582644, 28.180180043454644 ], [ 84.999582644, 28.17983439489408 ], [ 84.999190432, 28.17983439489408 ], [ 84.999190432, 28.179488746333512 ], [ 84.99879822, 28.179488746333512 ], [ 84.99879822, 28.179143097772947 ], [ 84.998406008, 28.179143097772947 ], [ 84.998406008, 28.178451800651818 ], [ 84.998013796, 28.178451800651818 ], [ 84.998013796, 28.17637790928843 ], [ 84.998406008, 28.17637790928843 ], [ 84.998406008, 28.176032260727865 ], [ 84.99879822, 28.176032260727865 ], [ 84.99879822, 28.175686612167301 ], [ 84.999190432, 28.175686612167301 ], [ 84.999190432, 28.175340963606732 ], [ 85.001151492, 28.175340963606732 ], [ 85.001151492, 28.174995315046168 ], [ 85.001935916, 28.174995315046168 ], [ 85.001935916, 28.174649666485603 ], [ 85.00272034, 28.174649666485603 ], [ 85.00272034, 28.174995315046168 ], [ 85.004289188, 28.174995315046168 ], [ 85.004289188, 28.175340963606732 ], [ 85.008211308, 28.175340963606732 ], [ 85.008211308, 28.174995315046168 ], [ 85.00860352, 28.174995315046168 ], [ 85.00860352, 28.175340963606732 ], [ 85.008995732, 28.175340963606732 ], [ 85.008995732, 28.176032260727865 ], [ 85.009387944, 28.176032260727865 ], [ 85.009387944, 28.176723557848995 ], [ 85.009780156, 28.176723557848995 ], [ 85.009780156, 28.177069206409559 ], [ 85.010172368, 28.177069206409559 ], [ 85.010172368, 28.177414854970124 ], [ 85.01056458, 28.177414854970124 ], [ 85.01056458, 28.178106152091253 ], [ 85.010956792, 28.178106152091253 ], [ 85.010956792, 28.180180043454644 ], [ 85.01056458, 28.180180043454644 ], [ 85.01056458, 28.181216989136338 ], [ 85.010172368, 28.181216989136338 ], [ 85.010172368, 28.181908286257467 ], [ 85.009780156, 28.181908286257467 ], [ 85.009780156, 28.186056068984247 ], [ 85.009387944, 28.186056068984247 ], [ 85.009387944, 28.18709301466594 ], [ 85.008995732, 28.18709301466594 ], [ 85.008995732, 28.18778431178707 ], [ 85.00860352, 28.18778431178707 ], [ 85.00860352, 28.188129960347634 ], [ 85.008995732, 28.188129960347634 ], [ 85.008995732, 28.188475608908202 ], [ 85.009387944, 28.188475608908202 ], [ 85.009387944, 28.188821257468767 ], [ 85.009780156, 28.188821257468767 ], [ 85.009780156, 28.189166906029332 ], [ 85.010172368, 28.189166906029332 ], [ 85.010172368, 28.189512554589896 ], [ 85.01056458, 28.189512554589896 ], [ 85.01056458, 28.19054950027159 ], [ 85.010956792, 28.19054950027159 ], [ 85.010956792, 28.191586445953284 ], [ 85.011349004, 28.191586445953284 ], [ 85.011349004, 28.191932094513849 ], [ 85.011741216, 28.191932094513849 ], [ 85.011741216, 28.192277743074413 ], [ 85.012133428, 28.192277743074413 ], [ 85.012133428, 28.192969040195546 ], [ 85.01252564, 28.192969040195546 ], [ 85.01252564, 28.193314688756111 ], [ 85.012917852, 28.193314688756111 ], [ 85.012917852, 28.19400598587724 ], [ 85.01252564, 28.19400598587724 ], [ 85.01252564, 28.194351634437805 ], [ 85.012133428, 28.194351634437805 ], [ 85.012133428, 28.194697282998369 ], [ 85.011349004, 28.194697282998369 ], [ 85.011349004, 28.195042931558934 ], [ 85.01056458, 28.195042931558934 ], [ 85.01056458, 28.195388580119499 ], [ 85.009780156, 28.195388580119499 ], [ 85.009780156, 28.195734228680063 ], [ 85.009387944, 28.195734228680063 ], [ 85.009387944, 28.196079877240628 ], [ 85.008995732, 28.196079877240628 ], [ 85.008995732, 28.196425525801192 ], [ 85.00860352, 28.196425525801192 ], [ 85.00860352, 28.196771174361757 ], [ 85.007819096, 28.196771174361757 ] ] ] } },
{ "type": "Feature", "properties": { "area_m2": 13281.238459058097, "lat": 28.168716032862573, "lon": 85.001957705555554 }, "geometry": { "type": "Polygon", "coordinates": [ [ [ 85.001151492, 28.169119289516566 ], [ 85.001151492, 28.168427992395436 ], [ 85.001935916, 28.168427992395436 ], [ 85.001935916, 28.168082343834872 ], [ 85.002328128, 28.168082343834872 ], [ 85.002328128, 28.168427992395436 ], [ 85.00272034, 28.168427992395436 ], [ 85.00272034, 28.169119289516566 ], [ 85.001151492, 28.169119289516566 ] ] ] } },
{ "type": "Feature", "properties": { "area_m2": 2804038.8057464994, "lat": 28.181168351056428, "lon": 85.387186410898494 }, "geometry": { "type": "Polygon", "coordinates": [ [ [ 85.38159713200001, 28.19746247148289 ], [ 85.38159713200001, 28.197116822922325 ], [ 85.380812708, 28.197116822922325 ], [ 85.380812708, 28.196771174361757 ], [ 85.380420496, 28.196771174361757 ], [ 85.380420496, 28.186747366105376 ], [ 85.381989344, 28.186747366105376 ], [ 85.381989344, 28.186401717544811 ], [ 85.382381556, 28.186401717544811 ], [ 85.382381556, 28.185710420423682 ], [ 85.382773768, 28.185710420423682 ], [ 85.382773768, 28.185019123302553 ], [ 85.382381556, 28.185019123302553 ], [ 85.382381556, 28.184327826181423 ], [ 85.381989344, 28.184327826181423 ], [ 85.381989344, 28.183982177620855 ], [ 85.380420496, 28.183982177620855 ], [ 85.380420496, 28.178106152091253 ], [ 85.381989344, 28.178106152091253 ], [ 85.381989344, 28.177760503530688 ], [ 85.382773768, 28.177760503530688 ], [ 85.382773768, 28.177414854970124 ], [ 85.38316598, 28.177414854970124 ], [ 85.38316598, 28.177069206409559 ], [ 85.38355819200001, 28.177069206409559 ], [ 85.38355819200001, 28.17637790928843 ], [ 85.383950404, 28.17637790928843 ], [ 85.383950404, 28.175686612167301 ], [ 85.384342616, 28.175686612167301 ], [ 85.384342616, 28.174995315046168 ], [ 85.384734828, 28.174995315046168 ], [ 85.384734828, 28.174304017925039 ], [ 85.38512704, 28.174304017925039 ], [ 85.38512704, 28.173958369364474 ], [ 85.384734828, 28.173958369364474 ], [ 85.384734828, 28.171538829440522 ], [ 85.384342616, 28.171538829440522 ], [ 85.384342616, 28.17015623519826 ], [ 85.383950404, 28.17015623519826 ], [ 85.383950404, 28.168427992395436 ], [ 85.384342616, 28.168427992395436 ], [ 85.384342616, 28.168082343834872 ], [ 85.384734828, 28.168082343834872 ], [ 85.384734828, 28.167736695274307 ], [ 85.386303676, 28.167736695274307 ], [ 85.386303676, 28.168082343834872 ], [ 85.3870881, 28.168082343834872 ], [ 85.3870881, 28.168427992395436 ], [ 85.387480312, 28.168427992395436 ], [ 85.387480312, 28.168773640956001 ], [ 85.387872524, 28.168773640956001 ], [ 85.387872524, 28.16946493807713 ], [ 85.388264736, 28.16946493807713 ], [ 85.388264736, 28.169810586637695 ], [ 85.38904916, 28.169810586637695 ], [ 85.38904916, 28.17015623519826 ], [ 85.391794644, 28.17015623519826 ], [ 85.391794644, 28.170501883758824 ], [ 85.392579068, 28.170501883758824 ], [ 85.392579068, 28.170847532319389 ], [ 85.39297128, 28.170847532319389 ], [ 85.39297128, 28.171193180879957 ], [ 85.393363492, 28.171193180879957 ], [ 85.393363492, 28.171538829440522 ], [ 85.393755704, 28.171538829440522 ], [ 85.393755704, 28.173612720803909 ], [ 85.394147916, 28.173612720803909 ], [ 85.394147916, 28.175340963606732 ], [ 85.394540128, 28.175340963606732 ], [ 85.394540128, 28.176032260727865 ], [ 85.396108976, 28.176032260727865 ], [ 85.396108976, 28.178106152091253 ], [ 85.395716764, 28.178106152091253 ], [ 85.395716764, 28.178451800651818 ], [ 85.395324552, 28.178451800651818 ], [ 85.395324552, 28.179143097772947 ], [ 85.39493234, 28.179143097772947 ], [ 85.39493234, 28.17983439489408 ], [ 85.394540128, 28.17983439489408 ], [ 85.394540128, 28.182945231939161 ], [ 85.394147916, 28.182945231939161 ], [ 85.394147916, 28.183290880499726 ], [ 85.393755704, 28.183290880499726 ], [ 85.393755704, 28.183636529060291 ], [ 85.393363492, 28.183636529060291 ], [ 85.393363492, 28.183982177620855 ], [ 85.39297128, 28.183982177620855 ], [ 85.39297128, 28.185019123302553 ], [ 85.392579068, 28.185019123302553 ], [ 85.392579068, 28.186056068984247 ], [ 85.392186856, 28.186056068984247 ], [ 85.392186856, 28.186401717544811 ], [ 85.391794644, 28.186401717544811 ], [ 85.391794644, 28.186747366105376 ], [ 85.391402432, 28.186747366105376 ], [ 85.391402432, 28.18709301466594 ], [ 85.390618008, 28.18709301466594 ], [ 85.390618008, 28.187438663226505 ], [ 85.389441372, 28.187438663226505 ], [ 85.389441372, 28.18778431178707 ], [ 85.388656948, 28.18778431178707 ], [ 85.388656948, 28.188129960347634 ], [ 85.388264736, 28.188129960347634 ], [ 85.388264736, 28.188475608908202 ], [ 85.387872524, 28.188475608908202 ], [ 85.387872524, 28.189166906029332 ], [ 85.387480312, 28.189166906029332 ], [ 85.387480312, 28.190203851711026 ], [ 85.3870881, 28.190203851711026 ], [ 85.3870881, 28.191240797392719 ], [ 85.386695888, 28.191240797392719 ], [ 85.386695888, 28.191586445953284 ], [ 85.386303676, 28.191586445953284 ], [ 85.386303676, 28.191932094513849 ], [ 85.385911464, 28.191932094513849 ], [ 85.385911464, 28.192277743074413 ], [ 85.38512704, 28.192277743074413 ], [ 85.38512704, 28.192623391634978 ], [ 85.384734828, 28.192623391634978 ], [ 85.384734828, 28.192969040195546 ], [ 85.384342616, 28.192969040195546 ], [ 85.384342616, 28.193314688756111 ], [ 85.383950404, 28.193314688756111 ], [ 85.383950404, 28.19400598587724 ], [ 85.38355819200001, 28.19400598587724 ], [ 85.38355819200001, 28.195388580119499 ], [ 85.38316598, 28.195388580119499 ], [ 85.38316598, 28.196079877240628 ], [ 85.382773768, 28.196079877240628 ], [ 85.382773768, 28.196771174361757 ], [ 85.382381556, 28.196771174361757 ], [ 85.382381556, 28.197116822922325 ], [ 85.381989344, 28.197116822922325 ], [ 85.381989344, 28.19746247148289 ], [ 85.38159713200001, 28.19746247148289 ] ] ] } },
{ "type": "Feature", "properties": { "area_m2": 262683.42568094941, "lat": 28.169313474101152, "lon": 84.954844034741598 }, "geometry": { "type": "Polygon", "coordinates": [ [ [ 84.95369384, 28.172575775122215 ], [ 84.95369384, 28.172230126561651 ], [ 84.953301628, 28.172230126561651 ], [ 84.953301628, 28.171538829440522 ], [ 84.952909416, 28.171538829440522 ], [ 84.952909416, 28.171193180879957 ], [ 84.952517204, 28.171193180879957 ], [ 84.952517204, 28.169119289516566 ], [ 84.952124992, 28.169119289516566 ], [ 84.952124992, 28.168773640956001 ], [ 84.952517204, 28.168773640956001 ], [ 84.952517204, 28.167736695274307 ], [ 84.952909416, 28.167736695274307 ], [ 84.952909416, 28.167045398153178 ], [ 84.953301628, 28.167045398153178 ], [ 84.953301628, 28.16669974959261 ], [ 84.954478264, 28.16669974959261 ], [ 84.954478264, 28.166354101032045 ], [ 84.9556549, 28.166354101032045 ], [ 84.9556549, 28.16669974959261 ], [ 84.956439324, 28.16669974959261 ], [ 84.956439324, 28.167045398153178 ], [ 84.956831536, 28.167045398153178 ], [ 84.956831536, 28.167391046713742 ], [ 84.957223748, 28.167391046713742 ], [ 84.957223748, 28.167736695274307 ], [ 84.95761596, 28.167736695274307 ], [ 84.95761596, 28.16946493807713 ], [ 84.957223748, 28.16946493807713 ], [ 84.957223748, 28.17015623519826 ], [ 84.956831536, 28.17015623519826 ], [ 84.956831536, 28.170847532319389 ], [ 84.956439324, 28.170847532319389 ], [ 84.956439324, 28.171193180879957 ], [ 84.956047112, 28.171193180879957 ], [ 84.956047112, 28.171538829440522 ], [ 84.9556549, 28.171538829440522 ], [ 84.9556549, 28.172230126561651 ], [ 84.955262688, 28.172230126561651 ], [ 84.955262688, 28.172575775122215 ], [ 84.95369384, 28.172575775122215 ] ] ] } },
{ "type": "Feature", "properties": { "area_m2": 63453.57305255883, "lat": 28.160313289560776, "lon": 85.1021825668372 }, "geometry": { "type": "Polygon", "coordinates": [ [ [ 85.102342188, 28.161515021184137 ], [ 85.102342188, 28.161169372623572 ], [ 85.101165552, 28.161169372623572 ], [ 85.101165552, 28.160823724063007 ], [ 85.100381128, 28.160823724063007 ], [ 85.100381128, 28.160478075502443 ], [ 85.099988916, 28.160478075502443 ], [ 85.099988916, 28.160132426941878 ], [ 85.100381128, 28.160132426941878 ], [ 85.100381128, 28.159786778381314 ], [ 85.10077334, 28.159786778381314 ], [ 85.10077334, 28.159441129820749 ], [ 85.103518824, 28.159441129820749 ], [ 85.103518824, 28.159786778381314 ], [ 85.103911036, 28.159786778381314 ], [ 85.103911036, 28.160132426941878 ], [ 85.104303248, 28.160132426941878 ], [ 85.104303248, 28.160478075502443 ], [ 85.103911036, 28.160478075502443 ], [ 85.103911036, 28.160823724063007 ], [ 85.103518824, 28.160823724063007 ], [ 85.103518824, 28.161169372623572 ], [ 85.1027344, 28.161169372623572 ], [ 85.1027344, 28.161515021184137 ], [ 85.102342188, 28.161515021184137 ] ] ] } },
{ "type": "Feature", "properties": { "area_m2": 5901.4494498158974, "lat": 28.157540062737635, "lon": 85.37924386 }, "geometry": { "type": "Polygon", "coordinates": [ [ [ 85.378459436, 28.157712887017922 ], [ 85.378459436, 28.157367238457358 ], [ 85.380028284, 28.157367238457358 ], [ 85.380028284, 28.157712887017922 ], [ 85.378459436, 28.157712887017922 ] ] ] } },
{ "type": "Feature", "properties": { "area_m2": 22138.595012827223, "lat": 28.157678322161861, "lon": 84.955092729466642 }, "geometry": { "type": "Polygon", "coordinates": [ [ [ 84.954870476, 28.158404184139055 ], [ 84.954870476, 28.15805853557849 ], [ 84.954086052, 28.15805853557849 ], [ 84.954086052, 28.157367238457358 ], [ 84.954478264, 28.157367238457358 ], [ 84.954478264, 28.157021589896793 ], [ 84.9556549, 28.157021589896793 ], [ 84.9556549, 28.157367238457358 ], [ 84.956047112, 28.157367238457358 ], [ 84.956047112, 28.15805853557849 ], [ 84.9556549, 28.15805853557849 ], [ 84.9556549, 28.158404184139055 ], [ 84.954870476, 28.158404184139055 ] ] ] } },
{ "type": "Feature", "properties": { "area_m2": 57555.222747024309, "lat": 28.153569535682959, "lon": 85.090178587641049 }, "geometry": { "type": "Polygon", "coordinates": [ [ [ 85.088614768, 28.154947698533405 ], [ 85.088614768, 28.153910752851711 ], [ 85.08900698, 28.153910752851711 ], [ 85.08900698, 28.153565104291143 ], [ 85.089399192, 28.153565104291143 ], [ 85.089399192, 28.152873807170014 ], [ 85.089791404, 28.152873807170014 ], [ 85.089791404, 28.152528158609449 ], [ 85.090183616, 28.152528158609449 ], [ 85.090183616, 28.152182510048885 ], [ 85.091360252, 28.152182510048885 ], [ 85.091360252, 28.152528158609449 ], [ 85.09175246400001, 28.152528158609449 ], [ 85.09175246400001, 28.152873807170014 ], [ 85.092144676, 28.152873807170014 ], [ 85.092144676, 28.153219455730579 ], [ 85.091360252, 28.153219455730579 ], [ 85.091360252, 28.153565104291143 ], [ 85.09096804, 28.153565104291143 ], [ 85.09096804, 28.153910752851711 ], [ 85.090575828, 28.153910752851711 ], [ 85.090575828, 28.154602049972841 ], [ 85.090183616, 28.154602049972841 ], [ 85.090183616, 28.154947698533405 ], [ 85.088614768, 28.154947698533405 ] ] ] } },
{ "type": "Feature", "properties": { "area_m2": 22136.236957410212, "lat": 28.152700982889737, "lon": 85.118331363866659 }, "geometry": { "type": "Polygon", "coordinates": [ [ [ 85.118030668, 28.153910752851711 ], [ 85.118030668, 28.152528158609449 ], [ 85.117638456, 28.152528158609449 ], [ 85.117638456, 28.15183686148832 ], [ 85.118030668, 28.15183686148832 ], [ 85.118030668, 28.151491212927755 ], [ 85.11842288, 28.151491212927755 ], [ 85.11842288, 28.15183686148832 ], [ 85.118815092, 28.15183686148832 ], [ 85.118815092, 28.153910752851711 ], [ 85.118030668, 28.153910752851711 ] ] ] } },
{ "type": "Feature", "properties": { "area_m2": 53129.093692594804, "lat": 28.150790314457723, "lon": 85.092972679111128 }, "geometry": { "type": "Polygon", "coordinates": [ [ [ 85.092536888, 28.152182510048885 ], [ 85.092536888, 28.15183686148832 ], [ 85.09175246400001, 28.15183686148832 ], [ 85.09175246400001, 28.149417321564364 ], [ 85.092144676, 28.149417321564364 ], [ 85.092144676, 28.149762970124932 ], [ 85.092536888, 28.149762970124932 ], [ 85.092536888, 28.150108618685497 ], [ 85.0929291, 28.150108618685497 ], [ 85.0929291, 28.150454267246062 ], [ 85.093713524, 28.150454267246062 ], [ 85.093713524, 28.149762970124932 ], [ 85.094105736, 28.149762970124932 ], [ 85.094105736, 28.149417321564364 ], [ 85.09489016, 28.149417321564364 ], [ 85.09489016, 28.149762970124932 ], [ 85.094497948, 28.149762970124932 ], [ 85.094497948, 28.150454267246062 ], [ 85.094105736, 28.150454267246062 ], [ 85.094105736, 28.151145564367191 ], [ 85.093713524, 28.151145564367191 ], [ 85.093713524, 28.15183686148832 ], [ 85.093321312, 28.15183686148832 ], [ 85.093321312, 28.152182510048885 ], [ 85.092536888, 28.152182510048885 ] ] ] } },
{ "type": "Feature", "properties": { "area_m2": 1475.8211747997843, "lat": 28.149244497284084, "lon": 85.099008386000023 }, "geometry": { "type": "Polygon", "coordinates": [ [ [ 85.09881228, 28.149417321564364 ], [ 85.09881228, 28.1490716730038 ], [ 85.099204492, 28.1490716730038 ], [ 85.099204492, 28.149417321564364 ], [ 85.09881228, 28.149417321564364 ] ] ] } },
{ "type": "Feature", "properties": { "area_m2": 56068.396160971373, "lat": 28.148826080605506, "lon": 85.37597198621053 }, "geometry": { "type": "Polygon", "coordinates": [ [ [ 85.37532174, 28.150108618685497 ], [ 85.37532174, 28.149762970124932 ], [ 85.37492952800001, 28.149762970124932 ], [ 85.37492952800001, 28.147343430200976 ], [ 85.37532174, 28.147343430200976 ], [ 85.37532174, 28.146997781640412 ], [ 85.375713952, 28.146997781640412 ], [ 85.375713952, 28.147343430200976 ], [ 85.376106164, 28.147343430200976 ], [ 85.376106164, 28.148034727322106 ], [ 85.376498376, 28.148034727322106 ], [ 85.376498376, 28.148726024443235 ], [ 85.3772828, 28.148726024443235 ], [ 85.3772828, 28.1490716730038 ], [ 85.377675012, 28.1490716730038 ], [ 85.377675012, 28.149762970124932 ], [ 85.376498376, 28.149762970124932 ], [ 85.376498376, 28.150108618685497 ], [ 85.37532174, 28.150108618685497 ] ] ] } },
{ "type": "Feature", "properties": { "area_m2": 17709.082208111773, "lat": 28.146652133079847, "lon": 85.174901408000011 }, "geometry": { "type": "Polygon", "coordinates": [ [ [ 85.174509196, 28.147343430200976 ], [ 85.174509196, 28.146997781640412 ], [ 85.174116984, 28.146997781640412 ], [ 85.174116984, 28.146306484519283 ], [ 85.174509196, 28.146306484519283 ], [ 85.174509196, 28.145960835958718 ], [ 85.17529362, 28.145960835958718 ], [ 85.17529362, 28.146306484519283 ], [ 85.175685832, 28.146306484519283 ], [ 85.175685832, 28.146997781640412 ], [ 85.17529362, 28.146997781640412 ], [ 85.17529362, 28.147343430200976 ], [ 85.174509196, 28.147343430200976 ] ] ] } },
{ "type": "Feature", "properties": { "area_m2": 1070018.6838564945, "lat": 28.142920320517334, "lon": 85.113150198264819 }, "geometry": { "type": "Polygon", "coordinates": [ [ [ 85.112147488, 28.150108618685497 ], [ 85.112147488, 28.149762970124932 ], [ 85.111755276, 28.149762970124932 ], [ 85.111755276, 28.1490716730038 ], [ 85.111363064, 28.1490716730038 ], [ 85.111363064, 28.14838037588267 ], [ 85.110970852, 28.14838037588267 ], [ 85.110970852, 28.147689078761541 ], [ 85.11057864, 28.147689078761541 ], [ 85.11057864, 28.146997781640412 ], [ 85.110186428, 28.146997781640412 ], [ 85.110186428, 28.146652133079847 ], [ 85.109794216, 28.146652133079847 ], [ 85.109794216, 28.145960835958718 ], [ 85.109402004, 28.145960835958718 ], [ 85.109402004, 28.145269538837589 ], [ 85.109009792, 28.145269538837589 ], [ 85.109009792, 28.14492389027702 ], [ 85.10861758, 28.14492389027702 ], [ 85.10861758, 28.144578241716456 ], [ 85.107833156, 28.144578241716456 ], [ 85.107833156, 28.144232593155891 ], [ 85.107440944, 28.144232593155891 ], [ 85.107440944, 28.14112175611081 ], [ 85.107833156, 28.14112175611081 ], [ 85.107833156, 28.140430458989677 ], [ 85.108225368, 28.140430458989677 ], [ 85.108225368, 28.140084810429112 ], [ 85.10861758, 28.140084810429112 ], [ 85.10861758, 28.139739161868548 ], [ 85.109009792, 28.139739161868548 ], [ 85.109009792, 28.139393513307983 ], [ 85.109402004, 28.139393513307983 ], [ 85.109402004, 28.139047864747418 ], [ 85.109794216, 28.139047864747418 ], [ 85.109794216, 28.138356567626289 ], [ 85.110186428, 28.138356567626289 ], [ 85.110186428, 28.13766527050516 ], [ 85.11057864, 28.13766527050516 ], [ 85.11057864, 28.137319621944595 ], [ 85.110970852, 28.137319621944595 ], [ 85.110970852, 28.136973973384031 ], [ 85.111363064, 28.136973973384031 ], [ 85.111363064, 28.136628324823466 ], [ 85.112147488, 28.136628324823466 ], [ 85.112147488, 28.136282676262898 ], [ 85.1125397, 28.136282676262898 ], [ 85.1125397, 28.136628324823466 ], [ 85.113324124, 28.136628324823466 ], [ 85.113324124, 28.136973973384031 ], [ 85.113716336, 28.136973973384031 ], [ 85.113716336, 28.137319621944595 ], [ 85.11450076, 28.137319621944595 ], [ 85.11450076, 28.13766527050516 ], [ 85.114892972, 28.13766527050516 ], [ 85.114892972, 28.138010919065724 ], [ 85.115285184, 28.138010919065724 ], [ 85.115285184, 28.138356567626289 ], [ 85.115677396, 28.138356567626289 ], [ 85.115677396, 28.138702216186854 ], [ 85.116069608, 28.138702216186854 ], [ 85.116069608, 28.139047864747418 ], [ 85.11646182, 28.139047864747418 ], [ 85.11646182, 28.139393513307983 ], [ 85.116854032, 28.139393513307983 ], [ 85.116854032, 28.139739161868548 ], [ 85.117246244, 28.139739161868548 ], [ 85.117246244, 28.140084810429112 ], [ 85.117638456, 28.140084810429112 ], [ 85.117638456, 28.140430458989677 ], [ 85.118030668, 28.140430458989677 ], [ 85.118030668, 28.140776107550245 ], [ 85.11842288, 28.140776107550245 ], [ 85.11842288, 28.141467404671374 ], [ 85.118815092, 28.141467404671374 ], [ 85.118815092, 28.144578241716456 ], [ 85.11842288, 28.144578241716456 ], [ 85.11842288, 28.145269538837589 ], [ 85.118030668, 28.145269538837589 ], [ 85.118030668, 28.145615187398153 ], [ 85.117638456, 28.145615187398153 ], [ 85.117638456, 28.146306484519283 ], [ 85.117246244, 28.146306484519283 ], [ 85.117246244, 28.146652133079847 ], [ 85.116854032, 28.146652133079847 ], [ 85.116854032, 28.147343430200976 ], [ 85.11646182, 28.147343430200976 ], [ 85.11646182, 28.147689078761541 ], [ 85.115677396, 28.147689078761541 ], [ 85.115677396, 28.148034727322106 ], [ 85.114892972, 28.148034727322106 ], [ 85.114892972, 28.14838037588267 ], [ 85.114108548, 28.14838037588267 ], [ 85.114108548, 28.148726024443235 ], [ 85.113716336, 28.148726024443235 ], [ 85.113716336, 28.1490716730038 ], [ 85.112931912, 28.1490716730038 ], [ 85.112931912, 28.149762970124932 ], [ 85.1125397, 28.149762970124932 ], [ 85.1125397, 28.150108618685497 ], [ 85.112147488, 28.150108618685497 ] ] ] } },
{ "type": "Feature", "properties": { "area_m2": 1476.0485464246744, "lat": 28.132653366376974, "lon": 85.096655114000001 }, "geometry": { "type": "Polygon", "coordinates": [ [ [ 85.096459008, 28.132826190657251 ], [ 85.096459008, 28.132480542096687 ], [ 85.09685122, 28.132480542096687 ], [ 85.09685122, 28.132826190657251 ], [ 85.096459008, 28.132826190657251 ] ] ] } },
{ "type": "Feature", "properties": { "area_m2": 7380.1864998532274, "lat": 28.13279162580119, "lon": 85.102616736399995 }, "geometry": { "type": "Polygon", "coordinates": [ [ [ 85.102342188, 28.133171839217816 ], [ 85.102342188, 28.132826190657251 ], [ 85.101949976, 28.132826190657251 ], [ 85.101949976, 28.132480542096687 ], [ 85.103126612, 28.132480542096687 ], [ 85.103126612, 28.133171839217816 ], [ 85.102342188, 28.133171839217816 ] ] ] } },
{ "type": "Feature", "properties": { "area_m2": 1476.0276386132866, "lat": 28.132653366376971, "lon": 85.112343594000009 }, "geometry": { "type": "Polygon", "coordinates": [ [ [ 85.112147488, 28.132826190657251 ], [ 85.112147488, 28.132480542096687 ], [ 85.1125397, 28.132480542096687 ], [ 85.1125397, 28.132826190657251 ], [ 85.112147488, 28.132826190657251 ] ] ] } },
{ "type": "Feature", "properties": { "area_m2": 19183.111469808595, "lat": 28.133052191639152, "lon": 85.441379291846133 }, "geometry": { "type": "Polygon", "coordinates": [ [ [ 85.441213356, 28.133863136338945 ], [ 85.441213356, 28.133517487778381 ], [ 85.440821144, 28.133517487778381 ], [ 85.440821144, 28.133171839217816 ], [ 85.440428932, 28.133171839217816 ], [ 85.440428932, 28.132826190657251 ], [ 85.440821144, 28.132826190657251 ], [ 85.440821144, 28.132480542096687 ], [ 85.441213356, 28.132480542096687 ], [ 85.441213356, 28.132134893536122 ], [ 85.441605568, 28.132134893536122 ], [ 85.441605568, 28.132480542096687 ], [ 85.44199778, 28.132480542096687 ], [ 85.44199778, 28.133863136338945 ], [ 85.441213356, 28.133863136338945 ] ] ] } },
{ "type": "Feature", "properties": { "area_m2": 5492063.3444462679, "lat": 28.147847597780252, "lon": 85.00828830635156 }, "geometry": { "type": "Polygon", "coordinates": [ [ [ 84.999190432, 28.162206318305266 ], [ 84.999190432, 28.161860669744701 ], [ 84.99879822, 28.161860669744701 ], [ 84.99879822, 28.161515021184137 ], [ 84.998406008, 28.161515021184137 ], [ 84.998406008, 28.161169372623572 ], [ 84.998013796, 28.161169372623572 ], [ 84.998013796, 28.159786778381314 ], [ 84.998406008, 28.159786778381314 ], [ 84.998406008, 28.157712887017922 ], [ 84.99879822, 28.157712887017922 ], [ 84.99879822, 28.156330292775664 ], [ 84.999190432, 28.156330292775664 ], [ 84.999190432, 28.155638995654535 ], [ 84.999582644, 28.155638995654535 ], [ 84.999582644, 28.152873807170014 ], [ 84.999974856, 28.152873807170014 ], [ 84.999974856, 28.152182510048885 ], [ 84.999582644, 28.152182510048885 ], [ 84.999582644, 28.15183686148832 ], [ 84.99879822, 28.15183686148832 ], [ 84.99879822, 28.151491212927755 ], [ 84.998406008, 28.151491212927755 ], [ 84.998406008, 28.151145564367191 ], [ 84.998013796, 28.151145564367191 ], [ 84.998013796, 28.150799915806626 ], [ 84.997621584, 28.150799915806626 ], [ 84.997621584, 28.150454267246062 ], [ 84.997229372, 28.150454267246062 ], [ 84.997229372, 28.150108618685497 ], [ 84.99683716, 28.150108618685497 ], [ 84.99683716, 28.149762970124932 ], [ 84.996444948, 28.149762970124932 ], [ 84.996444948, 28.149417321564364 ], [ 84.996052736, 28.149417321564364 ], [ 84.996052736, 28.145960835958718 ], [ 84.995660524, 28.145960835958718 ], [ 84.995660524, 28.143886944595327 ], [ 84.995268312, 28.143886944595327 ], [ 84.995268312, 28.143195647474197 ], [ 84.9948761, 28.143195647474197 ], [ 84.9948761, 28.142504350353068 ], [ 84.994483888, 28.142504350353068 ], [ 84.994483888, 28.141467404671374 ], [ 84.994091676, 28.141467404671374 ], [ 84.994091676, 28.138356567626289 ], [ 84.994483888, 28.138356567626289 ], [ 84.994483888, 28.13766527050516 ], [ 84.9948761, 28.13766527050516 ], [ 84.9948761, 28.136973973384031 ], [ 84.995268312, 28.136973973384031 ], [ 84.995268312, 28.135591379141768 ], [ 84.995660524, 28.135591379141768 ], [ 84.995660524, 28.134900082020639 ], [ 84.996052736, 28.134900082020639 ], [ 84.996052736, 28.134554433460075 ], [ 84.996444948, 28.134554433460075 ], [ 84.996444948, 28.134900082020639 ], [ 84.997229372, 28.134900082020639 ], [ 84.997229372, 28.135245730581204 ], [ 84.998013796, 28.135245730581204 ], [ 84.998013796, 28.135937027702333 ], [ 84.997621584, 28.135937027702333 ], [ 84.997621584, 28.136973973384031 ], [ 84.997229372, 28.136973973384031 ], [ 84.997229372, 28.137319621944595 ], [ 84.997621584, 28.137319621944595 ], [ 84.997621584, 28.138702216186854 ], [ 84.998013796, 28.138702216186854 ], [ 84.998013796, 28.142158701792503 ], [ 84.998406008, 28.142158701792503 ], [ 84.998406008, 28.142849998913633 ], [ 84.99879822, 28.142849998913633 ], [ 84.99879822, 28.143195647474197 ], [ 84.999190432, 28.143195647474197 ], [ 84.999190432, 28.143541296034762 ], [ 85.00075928, 28.143541296034762 ], [ 85.00075928, 28.143195647474197 ], [ 85.003112552, 28.143195647474197 ], [ 85.003112552, 28.142849998913633 ], [ 85.003896976, 28.142849998913633 ], [ 85.003896976, 28.142504350353068 ], [ 85.004289188, 28.142504350353068 ], [ 85.004289188, 28.142158701792503 ], [ 85.00468140000001, 28.142158701792503 ], [ 85.00468140000001, 28.141467404671374 ], [ 85.005073612, 28.141467404671374 ], [ 85.005073612, 28.138010919065724 ], [ 85.005465824, 28.138010919065724 ], [ 85.005465824, 28.13766527050516 ], [ 85.005858036, 28.13766527050516 ], [ 85.005858036, 28.137319621944595 ], [ 85.006250248, 28.137319621944595 ], [ 85.006250248, 28.136628324823466 ], [ 85.00664246, 28.136628324823466 ], [ 85.00664246, 28.135245730581204 ], [ 85.007034672, 28.135245730581204 ], [ 85.007034672, 28.134554433460075 ], [ 85.007426884, 28.134554433460075 ], [ 85.007426884, 28.13420878489951 ], [ 85.007819096, 28.13420878489951 ], [ 85.007819096, 28.133517487778381 ], [ 85.00860352, 28.133517487778381 ], [ 85.00860352, 28.133171839217816 ], [ 85.008995732, 28.133171839217816 ], [ 85.008995732, 28.132826190657251 ], [ 85.009780156, 28.132826190657251 ], [ 85.009780156, 28.132480542096687 ], [ 85.01056458, 28.132480542096687 ], [ 85.01056458, 28.132134893536122 ], [ 85.011349004, 28.132134893536122 ], [ 85.011349004, 28.131789244975554 ], [ 85.012133428, 28.131789244975554 ], [ 85.012133428, 28.132480542096687 ], [ 85.01252564, 28.132480542096687 ], [ 85.01252564, 28.133171839217816 ], [ 85.012917852, 28.133171839217816 ], [ 85.012917852, 28.134900082020639 ], [ 85.013310064, 28.134900082020639 ], [ 85.013310064, 28.135937027702333 ], [ 85.013702276, 28.135937027702333 ], [ 85.013702276, 28.136973973384031 ], [ 85.014094488, 28.136973973384031 ], [ 85.014094488, 28.137319621944595 ], [ 85.017624396, 28.137319621944595 ], [ 85.017624396, 28.136973973384031 ], [ 85.018016608, 28.136973973384031 ], [ 85.018016608, 28.137319621944595 ], [ 85.01840882, 28.137319621944595 ], [ 85.01840882, 28.138010919065724 ], [ 85.018801032, 28.138010919065724 ], [ 85.018801032, 28.138702216186854 ], [ 85.019193244, 28.138702216186854 ], [ 85.019193244, 28.139047864747418 ], [ 85.019585456, 28.139047864747418 ], [ 85.019585456, 28.140084810429112 ], [ 85.019977668, 28.140084810429112 ], [ 85.019977668, 28.14112175611081 ], [ 85.02036988, 28.14112175611081 ], [ 85.02036988, 28.141467404671374 ], [ 85.020762092, 28.141467404671374 ], [ 85.020762092, 28.141813053231939 ], [ 85.021154304, 28.141813053231939 ], [ 85.021154304, 28.142158701792503 ], [ 85.021938728, 28.142158701792503 ], [ 85.021938728, 28.142504350353068 ], [ 85.02233094, 28.142504350353068 ], [ 85.02233094, 28.142849998913633 ], [ 85.022723152, 28.142849998913633 ], [ 85.022723152, 28.143195647474197 ], [ 85.023115364, 28.143195647474197 ], [ 85.023115364, 28.143886944595327 ], [ 85.023507576, 28.143886944595327 ], [ 85.023507576, 28.145269538837589 ], [ 85.023115364, 28.145269538837589 ], [ 85.023115364, 28.146997781640412 ], [ 85.022723152, 28.146997781640412 ], [ 85.022723152, 28.147343430200976 ], [ 85.02233094, 28.147343430200976 ], [ 85.02233094, 28.147689078761541 ], [ 85.021938728, 28.147689078761541 ], [ 85.021938728, 28.148034727322106 ], [ 85.021154304, 28.148034727322106 ], [ 85.021154304, 28.14838037588267 ], [ 85.020762092, 28.14838037588267 ], [ 85.020762092, 28.148726024443235 ], [ 85.02036988, 28.148726024443235 ], [ 85.02036988, 28.1490716730038 ], [ 85.019977668, 28.1490716730038 ], [ 85.019977668, 28.149417321564364 ], [ 85.019585456, 28.149417321564364 ], [ 85.019585456, 28.149762970124932 ], [ 85.018801032, 28.149762970124932 ], [ 85.018801032, 28.150108618685497 ], [ 85.018016608, 28.150108618685497 ], [ 85.018016608, 28.150454267246062 ], [ 85.017624396, 28.150454267246062 ], [ 85.017624396, 28.150799915806626 ], [ 85.016839972, 28.150799915806626 ], [ 85.016839972, 28.151145564367191 ], [ 85.01644776, 28.151145564367191 ], [ 85.01644776, 28.15183686148832 ], [ 85.016055548, 28.15183686148832 ], [ 85.016055548, 28.152182510048885 ], [ 85.015663336, 28.152182510048885 ], [ 85.015663336, 28.153565104291143 ], [ 85.015271124, 28.153565104291143 ], [ 85.015271124, 28.155638995654535 ], [ 85.015663336, 28.155638995654535 ], [ 85.015663336, 28.156675941336228 ], [ 85.016055548, 28.156675941336228 ], [ 85.016055548, 28.15805853557849 ], [ 85.015663336, 28.15805853557849 ], [ 85.015663336, 28.158404184139055 ], [ 85.015271124, 28.158404184139055 ], [ 85.015271124, 28.15874983269962 ], [ 85.014878912, 28.15874983269962 ], [ 85.014878912, 28.159095481260184 ], [ 85.014094488, 28.159095481260184 ], [ 85.014094488, 28.159441129820749 ], [ 85.013702276, 28.159441129820749 ], [ 85.013702276, 28.159786778381314 ], [ 85.012917852, 28.159786778381314 ], [ 85.012917852, 28.160132426941878 ], [ 85.01252564, 28.160132426941878 ], [ 85.01252564, 28.160478075502443 ], [ 85.012133428, 28.160478075502443 ], [ 85.012133428, 28.160823724063007 ], [ 85.008211308, 28.160823724063007 ], [ 85.008211308, 28.161169372623572 ], [ 85.007034672, 28.161169372623572 ], [ 85.007034672, 28.161515021184137 ], [ 85.005858036, 28.161515021184137 ], [ 85.005858036, 28.161860669744701 ], [ 85.001151492, 28.161860669744701 ], [ 85.001151492, 28.162206318305266 ], [ 84.999190432, 28.162206318305266 ] ], [ [ 85.008211308, 28.145615187398153 ], [ 85.008995732, 28.145615187398153 ], [ 85.008995732, 28.145269538837589 ], [ 85.009780156, 28.145269538837589 ], [ 85.009780156, 28.14492389027702 ], [ 85.010172368, 28.14492389027702 ], [ 85.010172368, 28.144232593155891 ], [ 85.01056458, 28.144232593155891 ], [ 85.01056458, 28.143541296034762 ], [ 85.010172368, 28.143541296034762 ], [ 85.010172368, 28.142849998913633 ], [ 85.009780156, 28.142849998913633 ], [ 85.009780156, 28.142504350353068 ], [ 85.009387944, 28.142504350353068 ], [ 85.009387944, 28.142158701792503 ], [ 85.008995732, 28.142158701792503 ], [ 85.008995732, 28.141813053231939 ], [ 85.008211308, 28.141813053231939 ], [ 85.008211308, 28.142158701792503 ], [ 85.007426884, 28.142158701792503 ], [ 85.007426884, 28.142849998913633 ], [ 85.007034672, 28.142849998913633 ], [ 85.007034672, 28.144578241716456 ], [ 85.007426884, 28.144578241716456 ], [ 85.007426884, 28.145269538837589 ], [ 85.008211308, 28.145269538837589 ], [ 85.008211308, 28.145615187398153 ] ] ] } },
{ "type": "Feature", "properties": { "area_m2": 48964142.68979916, "lat": 28.147695182976324, "lon": 85.220436651474856 }, "geometry": { "type": "Polygon", "coordinates": [ [ [ 85.18705998, 28.192277743074413 ], [ 85.18705998, 28.191932094513849 ], [ 85.18509892, 28.191932094513849 ], [ 85.18509892, 28.191240797392719 ], [ 85.184706708, 28.191240797392719 ], [ 85.184706708, 28.19054950027159 ], [ 85.181961224, 28.19054950027159 ], [ 85.181961224, 28.190203851711026 ], [ 85.182353436, 28.190203851711026 ], [ 85.182353436, 28.189858203150461 ], [ 85.182745648, 28.189858203150461 ], [ 85.182745648, 28.189166906029332 ], [ 85.18313786, 28.189166906029332 ], [ 85.18313786, 28.186056068984247 ], [ 85.183530072, 28.186056068984247 ], [ 85.183530072, 28.185019123302553 ], [ 85.18313786, 28.185019123302553 ], [ 85.18313786, 28.184327826181423 ], [ 85.183922284, 28.184327826181423 ], [ 85.183922284, 28.183982177620855 ], [ 85.184706708, 28.183982177620855 ], [ 85.184706708, 28.183290880499726 ], [ 85.18509892, 28.183290880499726 ], [ 85.18509892, 28.182253934818032 ], [ 85.184706708, 28.182253934818032 ], [ 85.184706708, 28.181908286257467 ], [ 85.184314496, 28.181908286257467 ], [ 85.184314496, 28.181562637696903 ], [ 85.183922284, 28.181562637696903 ], [ 85.183922284, 28.181216989136338 ], [ 85.183530072, 28.181216989136338 ], [ 85.183530072, 28.180871340575774 ], [ 85.18313786, 28.180871340575774 ], [ 85.18313786, 28.180180043454644 ], [ 85.182745648, 28.180180043454644 ], [ 85.182745648, 28.179488746333512 ], [ 85.182353436, 28.179488746333512 ], [ 85.182353436, 28.177760503530688 ], [ 85.1811768, 28.177760503530688 ], [ 85.1811768, 28.177414854970124 ], [ 85.180392376, 28.177414854970124 ], [ 85.180392376, 28.176723557848995 ], [ 85.1811768, 28.176723557848995 ], [ 85.1811768, 28.176032260727865 ], [ 85.18313786, 28.176032260727865 ], [ 85.18313786, 28.175686612167301 ], [ 85.183530072, 28.175686612167301 ], [ 85.183530072, 28.174995315046168 ], [ 85.183922284, 28.174995315046168 ], [ 85.183922284, 28.174649666485603 ], [ 85.184314496, 28.174649666485603 ], [ 85.184314496, 28.173612720803909 ], [ 85.184706708, 28.173612720803909 ], [ 85.184706708, 28.172575775122215 ], [ 85.18509892, 28.172575775122215 ], [ 85.18509892, 28.172230126561651 ], [ 85.18549113200001, 28.172230126561651 ], [ 85.18549113200001, 28.171884478001086 ], [ 85.186275556, 28.171884478001086 ], [ 85.186275556, 28.171193180879957 ], [ 85.184314496, 28.171193180879957 ], [ 85.184314496, 28.170847532319389 ], [ 85.183530072, 28.170847532319389 ], [ 85.183530072, 28.170501883758824 ], [ 85.18313786, 28.170501883758824 ], [ 85.18313786, 28.17015623519826 ], [ 85.182745648, 28.17015623519826 ], [ 85.182745648, 28.169810586637695 ], [ 85.181961224, 28.169810586637695 ], [ 85.181961224, 28.16946493807713 ], [ 85.181569012, 28.16946493807713 ], [ 85.181569012, 28.169810586637695 ], [ 85.180392376, 28.169810586637695 ], [ 85.180392376, 28.17015623519826 ], [ 85.179607952, 28.17015623519826 ], [ 85.179607952, 28.164625858229222 ], [ 85.181569012, 28.164625858229222 ], [ 85.181569012, 28.163243263986963 ], [ 85.1811768, 28.163243263986963 ], [ 85.1811768, 28.162897615426399 ], [ 85.179607952, 28.162897615426399 ], [ 85.179607952, 28.15874983269962 ], [ 85.176862468, 28.15874983269962 ], [ 85.176862468, 28.158404184139055 ], [ 85.174901408, 28.158404184139055 ], [ 85.174901408, 28.15805853557849 ], [ 85.174509196, 28.15805853557849 ], [ 85.174509196, 28.157367238457358 ], [ 85.174901408, 28.157367238457358 ], [ 85.174901408, 28.156675941336228 ], [ 85.179607952, 28.156675941336228 ], [ 85.179607952, 28.123839328082564 ], [ 85.1811768, 28.123839328082564 ], [ 85.1811768, 28.123493679521999 ], [ 85.182745648, 28.123493679521999 ], [ 85.182745648, 28.123148030961431 ], [ 85.184706708, 28.123148030961431 ], [ 85.184706708, 28.122802382400867 ], [ 85.18549113200001, 28.122802382400867 ], [ 85.18549113200001, 28.122456733840302 ], [ 85.185883344, 28.122456733840302 ], [ 85.185883344, 28.121419788158608 ], [ 85.186275556, 28.121419788158608 ], [ 85.186275556, 28.120728491037479 ], [ 85.186667768, 28.120728491037479 ], [ 85.186667768, 28.120382842476914 ], [ 85.254128232, 28.120382842476914 ], [ 85.254128232, 28.121765436719173 ], [ 85.254520444, 28.121765436719173 ], [ 85.254520444, 28.122456733840302 ], [ 85.254912656, 28.122456733840302 ], [ 85.254912656, 28.122802382400867 ], [ 85.255304868, 28.122802382400867 ], [ 85.255304868, 28.123148030961431 ], [ 85.256089292, 28.123148030961431 ], [ 85.256089292, 28.123493679521999 ], [ 85.256481504, 28.123493679521999 ], [ 85.256481504, 28.123839328082564 ], [ 85.256873716, 28.123839328082564 ], [ 85.256873716, 28.125913219445952 ], [ 85.256481504, 28.125913219445952 ], [ 85.256481504, 28.126604516567081 ], [ 85.256089292, 28.126604516567081 ], [ 85.256089292, 28.12729581368821 ], [ 85.25569708, 28.12729581368821 ], [ 85.25569708, 28.127641462248775 ], [ 85.255304868, 28.127641462248775 ], [ 85.255304868, 28.128332759369908 ], [ 85.254912656, 28.128332759369908 ], [ 85.254912656, 28.128678407930472 ], [ 85.254520444, 28.128678407930472 ], [ 85.254520444, 28.129369705051602 ], [ 85.254128232, 28.129369705051602 ], [ 85.254128232, 28.13075229929386 ], [ 85.254520444, 28.13075229929386 ], [ 85.254520444, 28.131097947854425 ], [ 85.254912656, 28.131097947854425 ], [ 85.254912656, 28.131443596414989 ], [ 85.25569708, 28.131443596414989 ], [ 85.25569708, 28.131789244975554 ], [ 85.25726592800001, 28.131789244975554 ], [ 85.25726592800001, 28.131443596414989 ], [ 85.25765814, 28.131443596414989 ], [ 85.25765814, 28.131097947854425 ], [ 85.258050352, 28.131097947854425 ], [ 85.258050352, 28.13075229929386 ], [ 85.258442564, 28.13075229929386 ], [ 85.258442564, 28.129715353612166 ], [ 85.258834776, 28.129715353612166 ], [ 85.258834776, 28.129024056491037 ], [ 85.259226988, 28.129024056491037 ], [ 85.259226988, 28.128678407930472 ], [ 85.260795836, 28.128678407930472 ], [ 85.260795836, 28.128332759369908 ], [ 85.262364684, 28.128332759369908 ], [ 85.262364684, 28.127987110809343 ], [ 85.263149108, 28.127987110809343 ], [ 85.263149108, 28.127641462248775 ], [ 85.26354132, 28.127641462248775 ], [ 85.26354132, 28.12729581368821 ], [ 85.26393353200001, 28.12729581368821 ], [ 85.26393353200001, 28.126950165127646 ], [ 85.264325744, 28.126950165127646 ], [ 85.264325744, 28.126258868006516 ], [ 85.264717956, 28.126258868006516 ], [ 85.264717956, 28.125913219445952 ], [ 85.265110168, 28.125913219445952 ], [ 85.265110168, 28.125567570885387 ], [ 85.26550238, 28.125567570885387 ], [ 85.26550238, 28.125221922324823 ], [ 85.266286804, 28.125221922324823 ], [ 85.266286804, 28.124876273764258 ], [ 85.266679016, 28.124876273764258 ], [ 85.266679016, 28.124530625203693 ], [ 85.267071228, 28.124530625203693 ], [ 85.267071228, 28.124184976643129 ], [ 85.26746344, 28.124184976643129 ], [ 85.26746344, 28.123839328082564 ], [ 85.267855652, 28.123839328082564 ], [ 85.267855652, 28.123493679521999 ], [ 85.269032288, 28.123493679521999 ], [ 85.269032288, 28.123839328082564 ], [ 85.269816712, 28.123839328082564 ], [ 85.269816712, 28.124184976643129 ], [ 85.270208924, 28.124184976643129 ], [ 85.270208924, 28.125221922324823 ], [ 85.269032288, 28.125221922324823 ], [ 85.269032288, 28.125567570885387 ], [ 85.268640076, 28.125567570885387 ], [ 85.268640076, 28.125913219445952 ], [ 85.268247864, 28.125913219445952 ], [ 85.268247864, 28.126258868006516 ], [ 85.267855652, 28.126258868006516 ], [ 85.267855652, 28.127987110809343 ], [ 85.268247864, 28.127987110809343 ], [ 85.268247864, 28.128332759369908 ], [ 85.268640076, 28.128332759369908 ], [ 85.268640076, 28.128678407930472 ], [ 85.269032288, 28.128678407930472 ], [ 85.269032288, 28.129024056491037 ], [ 85.270601136, 28.129024056491037 ], [ 85.270601136, 28.129369705051602 ], [ 85.270993348, 28.129369705051602 ], [ 85.270993348, 28.130061002172731 ], [ 85.27138556, 28.130061002172731 ], [ 85.27138556, 28.13075229929386 ], [ 85.271777772, 28.13075229929386 ], [ 85.271777772, 28.131443596414989 ], [ 85.272169984, 28.131443596414989 ], [ 85.272169984, 28.131097947854425 ], [ 85.27256219600001, 28.131097947854425 ], [ 85.27256219600001, 28.131443596414989 ], [ 85.27334662, 28.131443596414989 ], [ 85.27334662, 28.131789244975554 ], [ 85.273738832, 28.131789244975554 ], [ 85.273738832, 28.132134893536122 ], [ 85.274131044, 28.132134893536122 ], [ 85.274131044, 28.132480542096687 ], [ 85.274523256, 28.132480542096687 ], [ 85.274523256, 28.132826190657251 ], [ 85.274915468, 28.132826190657251 ], [ 85.274915468, 28.133171839217816 ], [ 85.274523256, 28.133171839217816 ], [ 85.274523256, 28.133863136338945 ], [ 85.274131044, 28.133863136338945 ], [ 85.274131044, 28.13420878489951 ], [ 85.272954408, 28.13420878489951 ], [ 85.272954408, 28.134900082020639 ], [ 85.272169984, 28.134900082020639 ], [ 85.272169984, 28.134554433460075 ], [ 85.271777772, 28.134554433460075 ], [ 85.271777772, 28.135245730581204 ], [ 85.27138556, 28.135245730581204 ], [ 85.27138556, 28.135937027702333 ], [ 85.272954408, 28.135937027702333 ], [ 85.272954408, 28.136282676262898 ], [ 85.273738832, 28.136282676262898 ], [ 85.273738832, 28.136973973384031 ], [ 85.274131044, 28.136973973384031 ], [ 85.274131044, 28.137319621944595 ], [ 85.274523256, 28.137319621944595 ], [ 85.274523256, 28.138010919065724 ], [ 85.274915468, 28.138010919065724 ], [ 85.274915468, 28.138702216186854 ], [ 85.27530768, 28.138702216186854 ], [ 85.27530768, 28.139047864747418 ], [ 85.275699892, 28.139047864747418 ], [ 85.275699892, 28.139739161868548 ], [ 85.276092104, 28.139739161868548 ], [ 85.276092104, 28.140430458989677 ], [ 85.276484316, 28.140430458989677 ], [ 85.276484316, 28.141467404671374 ], [ 85.276092104, 28.141467404671374 ], [ 85.276092104, 28.142504350353068 ], [ 85.275699892, 28.142504350353068 ], [ 85.275699892, 28.143195647474197 ], [ 85.27530768, 28.143195647474197 ], [ 85.27530768, 28.143886944595327 ], [ 85.274915468, 28.143886944595327 ], [ 85.274915468, 28.144232593155891 ], [ 85.274523256, 28.144232593155891 ], [ 85.274523256, 28.14492389027702 ], [ 85.273738832, 28.14492389027702 ], [ 85.273738832, 28.145269538837589 ], [ 85.271777772, 28.145269538837589 ], [ 85.271777772, 28.145615187398153 ], [ 85.27138556, 28.145615187398153 ], [ 85.27138556, 28.145960835958718 ], [ 85.270993348, 28.145960835958718 ], [ 85.270993348, 28.147689078761541 ], [ 85.270601136, 28.147689078761541 ], [ 85.270601136, 28.1490716730038 ], [ 85.270208924, 28.1490716730038 ], [ 85.270208924, 28.152182510048885 ], [ 85.270601136, 28.152182510048885 ], [ 85.270601136, 28.152873807170014 ], [ 85.270993348, 28.152873807170014 ], [ 85.270993348, 28.153219455730579 ], [ 85.27138556, 28.153219455730579 ], [ 85.27138556, 28.154947698533405 ], [ 85.271777772, 28.154947698533405 ], [ 85.271777772, 28.15529334709397 ], [ 85.27256219600001, 28.15529334709397 ], [ 85.27256219600001, 28.155638995654535 ], [ 85.272954408, 28.155638995654535 ], [ 85.272954408, 28.155984644215099 ], [ 85.273738832, 28.155984644215099 ], [ 85.273738832, 28.156330292775664 ], [ 85.274131044, 28.156330292775664 ], [ 85.274131044, 28.156675941336228 ], [ 85.274523256, 28.156675941336228 ], [ 85.274523256, 28.157367238457358 ], [ 85.274915468, 28.157367238457358 ], [ 85.274915468, 28.158404184139055 ], [ 85.274523256, 28.158404184139055 ], [ 85.274523256, 28.15874983269962 ], [ 85.274131044, 28.15874983269962 ], [ 85.274131044, 28.159095481260184 ], [ 85.273738832, 28.159095481260184 ], [ 85.273738832, 28.159441129820749 ], [ 85.27334662, 28.159441129820749 ], [ 85.27334662, 28.159786778381314 ], [ 85.272954408, 28.159786778381314 ], [ 85.272954408, 28.160132426941878 ], [ 85.27256219600001, 28.160132426941878 ], [ 85.27256219600001, 28.160478075502443 ], [ 85.27138556, 28.160478075502443 ], [ 85.27138556, 28.160823724063007 ], [ 85.2694245, 28.160823724063007 ], [ 85.2694245, 28.161169372623572 ], [ 85.264325744, 28.161169372623572 ], [ 85.264325744, 28.160823724063007 ], [ 85.260795836, 28.160823724063007 ], [ 85.260795836, 28.161169372623572 ], [ 85.260011412, 28.161169372623572 ], [ 85.260011412, 28.161515021184137 ], [ 85.258442564, 28.161515021184137 ], [ 85.258442564, 28.161860669744701 ], [ 85.256089292, 28.161860669744701 ], [ 85.256089292, 28.162206318305266 ], [ 85.250598324, 28.162206318305266 ], [ 85.250598324, 28.161860669744701 ], [ 85.249029476, 28.161860669744701 ], [ 85.249029476, 28.161515021184137 ], [ 85.246676204, 28.161515021184137 ], [ 85.246676204, 28.161860669744701 ], [ 85.245499568, 28.161860669744701 ], [ 85.245499568, 28.162206318305266 ], [ 85.244715144, 28.162206318305266 ], [ 85.244715144, 28.162551966865834 ], [ 85.24393072, 28.162551966865834 ], [ 85.24393072, 28.162897615426399 ], [ 85.243146296, 28.162897615426399 ], [ 85.243146296, 28.163243263986963 ], [ 85.242754084, 28.163243263986963 ], [ 85.242754084, 28.164625858229222 ], [ 85.23804754, 28.164625858229222 ], [ 85.23804754, 28.163243263986963 ], [ 85.234909844, 28.163243263986963 ], [ 85.234909844, 28.164625858229222 ], [ 85.232948784, 28.164625858229222 ], [ 85.232948784, 28.163588912547528 ], [ 85.23334099600001, 28.163588912547528 ], [ 85.23334099600001, 28.162897615426399 ], [ 85.232948784, 28.162897615426399 ], [ 85.232948784, 28.157367238457358 ], [ 85.232556572, 28.157367238457358 ], [ 85.232556572, 28.157021589896793 ], [ 85.23216436, 28.157021589896793 ], [ 85.23216436, 28.156675941336228 ], [ 85.231772148, 28.156675941336228 ], [ 85.231772148, 28.156330292775664 ], [ 85.229811088, 28.156330292775664 ], [ 85.229811088, 28.160823724063007 ], [ 85.227850028, 28.160823724063007 ], [ 85.227850028, 28.161169372623572 ], [ 85.227457816, 28.161169372623572 ], [ 85.227457816, 28.161860669744701 ], [ 85.227065604, 28.161860669744701 ], [ 85.227065604, 28.163243263986963 ], [ 85.226673392, 28.163243263986963 ], [ 85.226673392, 28.164280209668657 ], [ 85.22628118, 28.164280209668657 ], [ 85.22628118, 28.164625858229222 ], [ 85.22235906, 28.164625858229222 ], [ 85.22235906, 28.163243263986963 ], [ 85.221966848, 28.163243263986963 ], [ 85.221966848, 28.162897615426399 ], [ 85.221182424, 28.162897615426399 ], [ 85.221182424, 28.162551966865834 ], [ 85.219613576, 28.162551966865834 ], [ 85.219613576, 28.162206318305266 ], [ 85.215299244, 28.162206318305266 ], [ 85.215299244, 28.162551966865834 ], [ 85.214907032, 28.162551966865834 ], [ 85.214907032, 28.162897615426399 ], [ 85.214122608, 28.162897615426399 ], [ 85.214122608, 28.164625858229222 ], [ 85.217652516, 28.164625858229222 ], [ 85.217652516, 28.16600845247148 ], [ 85.21804472800001, 28.16600845247148 ], [ 85.21804472800001, 28.166354101032045 ], [ 85.21843694, 28.166354101032045 ], [ 85.21843694, 28.16669974959261 ], [ 85.220005788, 28.16669974959261 ], [ 85.220005788, 28.167045398153178 ], [ 85.220790212, 28.167045398153178 ], [ 85.220790212, 28.167391046713742 ], [ 85.221182424, 28.167391046713742 ], [ 85.221182424, 28.167736695274307 ], [ 85.220790212, 28.167736695274307 ], [ 85.220790212, 28.168082343834872 ], [ 85.220005788, 28.168082343834872 ], [ 85.220005788, 28.168427992395436 ], [ 85.219221364, 28.168427992395436 ], [ 85.219221364, 28.168773640956001 ], [ 85.218829152, 28.168773640956001 ], [ 85.218829152, 28.169119289516566 ], [ 85.21843694, 28.169119289516566 ], [ 85.21843694, 28.17015623519826 ], [ 85.21804472800001, 28.17015623519826 ], [ 85.21804472800001, 28.171193180879957 ], [ 85.217652516, 28.171193180879957 ], [ 85.217652516, 28.17292142368278 ], [ 85.21804472800001, 28.17292142368278 ], [ 85.21804472800001, 28.174304017925039 ], [ 85.21843694, 28.174304017925039 ], [ 85.21843694, 28.177414854970124 ], [ 85.218829152, 28.177414854970124 ], [ 85.218829152, 28.179488746333512 ], [ 85.21843694, 28.179488746333512 ], [ 85.21843694, 28.180180043454644 ], [ 85.21804472800001, 28.180180043454644 ], [ 85.21804472800001, 28.180871340575774 ], [ 85.217652516, 28.180871340575774 ], [ 85.217652516, 28.181562637696903 ], [ 85.217260304, 28.181562637696903 ], [ 85.217260304, 28.182599583378597 ], [ 85.216868092, 28.182599583378597 ], [ 85.216868092, 28.183290880499726 ], [ 85.21647588, 28.183290880499726 ], [ 85.21647588, 28.183982177620855 ], [ 85.216083668, 28.183982177620855 ], [ 85.216083668, 28.184673474741988 ], [ 85.215691456, 28.184673474741988 ], [ 85.215691456, 28.185019123302553 ], [ 85.215299244, 28.185019123302553 ], [ 85.215299244, 28.185364771863117 ], [ 85.214907032, 28.185364771863117 ], [ 85.214907032, 28.185710420423682 ], [ 85.21451482, 28.185710420423682 ], [ 85.21451482, 28.186056068984247 ], [ 85.214122608, 28.186056068984247 ], [ 85.214122608, 28.186747366105376 ], [ 85.213730396, 28.186747366105376 ], [ 85.213730396, 28.18778431178707 ], [ 85.213338184, 28.18778431178707 ], [ 85.213338184, 28.189166906029332 ], [ 85.212945972, 28.189166906029332 ], [ 85.212945972, 28.19054950027159 ], [ 85.21255376, 28.19054950027159 ], [ 85.21255376, 28.190895148832155 ], [ 85.209808276, 28.190895148832155 ], [ 85.209808276, 28.19054950027159 ], [ 85.209023852, 28.19054950027159 ], [ 85.209023852, 28.190203851711026 ], [ 85.20863164, 28.190203851711026 ], [ 85.20863164, 28.189512554589896 ], [ 85.208239428, 28.189512554589896 ], [ 85.208239428, 28.188821257468767 ], [ 85.207847216, 28.188821257468767 ], [ 85.207847216, 28.188129960347634 ], [ 85.207455004, 28.188129960347634 ], [ 85.207455004, 28.18778431178707 ], [ 85.205493944, 28.18778431178707 ], [ 85.205493944, 28.188129960347634 ], [ 85.205101732, 28.188129960347634 ], [ 85.205101732, 28.188475608908202 ], [ 85.204317308, 28.188475608908202 ], [ 85.204317308, 28.188821257468767 ], [ 85.203532884, 28.188821257468767 ], [ 85.203532884, 28.188475608908202 ], [ 85.201964036, 28.188475608908202 ], [ 85.201964036, 28.187438663226505 ], [ 85.201571824, 28.187438663226505 ], [ 85.201571824, 28.186747366105376 ], [ 85.201179612, 28.186747366105376 ], [ 85.201179612, 28.186401717544811 ], [ 85.2007874, 28.186401717544811 ], [ 85.2007874, 28.186056068984247 ], [ 85.200395188, 28.186056068984247 ], [ 85.200395188, 28.185710420423682 ], [ 85.199610764, 28.185710420423682 ], [ 85.199610764, 28.185019123302553 ], [ 85.200002976, 28.185019123302553 ], [ 85.200002976, 28.184673474741988 ], [ 85.201571824, 28.184673474741988 ], [ 85.201571824, 28.184327826181423 ], [ 85.203532884, 28.184327826181423 ], [ 85.203532884, 28.183982177620855 ], [ 85.20470952, 28.183982177620855 ], [ 85.20470952, 28.183636529060291 ], [ 85.206278368, 28.183636529060291 ], [ 85.206278368, 28.183290880499726 ], [ 85.207062792, 28.183290880499726 ], [ 85.207062792, 28.182945231939161 ], [ 85.207847216, 28.182945231939161 ], [ 85.207847216, 28.182599583378597 ], [ 85.208239428, 28.182599583378597 ], [ 85.208239428, 28.181216989136338 ], [ 85.20863164, 28.181216989136338 ], [ 85.20863164, 28.180871340575774 ], [ 85.20941606400001, 28.180871340575774 ], [ 85.20941606400001, 28.180525692015209 ], [ 85.209808276, 28.180525692015209 ], [ 85.209808276, 28.180180043454644 ], [ 85.210200488, 28.180180043454644 ], [ 85.210200488, 28.17983439489408 ], [ 85.209808276, 28.17983439489408 ], [ 85.209808276, 28.179488746333512 ], [ 85.206278368, 28.179488746333512 ], [ 85.206278368, 28.177760503530688 ], [ 85.205886156, 28.177760503530688 ], [ 85.205886156, 28.176723557848995 ], [ 85.205101732, 28.176723557848995 ], [ 85.205101732, 28.17637790928843 ], [ 85.20470952, 28.17637790928843 ], [ 85.20470952, 28.175686612167301 ], [ 85.204317308, 28.175686612167301 ], [ 85.204317308, 28.175340963606732 ], [ 85.203925096, 28.175340963606732 ], [ 85.203925096, 28.174995315046168 ], [ 85.203532884, 28.174995315046168 ], [ 85.203532884, 28.174649666485603 ], [ 85.203140672, 28.174649666485603 ], [ 85.203140672, 28.174304017925039 ], [ 85.20274846, 28.174304017925039 ], [ 85.20274846, 28.174649666485603 ], [ 85.201571824, 28.174649666485603 ], [ 85.201571824, 28.174995315046168 ], [ 85.2007874, 28.174995315046168 ], [ 85.2007874, 28.175340963606732 ], [ 85.200002976, 28.175340963606732 ], [ 85.200002976, 28.175686612167301 ], [ 85.198434128, 28.175686612167301 ], [ 85.198434128, 28.176032260727865 ], [ 85.198041916, 28.176032260727865 ], [ 85.198041916, 28.17637790928843 ], [ 85.197649704, 28.17637790928843 ], [ 85.197649704, 28.177414854970124 ], [ 85.198041916, 28.177414854970124 ], [ 85.198041916, 28.177760503530688 ], [ 85.198434128, 28.177760503530688 ], [ 85.198434128, 28.178106152091253 ], [ 85.19882634, 28.178106152091253 ], [ 85.19882634, 28.178451800651818 ], [ 85.199610764, 28.178451800651818 ], [ 85.199610764, 28.178797449212382 ], [ 85.200002976, 28.178797449212382 ], [ 85.200002976, 28.179488746333512 ], [ 85.200395188, 28.179488746333512 ], [ 85.200395188, 28.180180043454644 ], [ 85.200002976, 28.180180043454644 ], [ 85.200002976, 28.180525692015209 ], [ 85.199610764, 28.180525692015209 ], [ 85.199610764, 28.180871340575774 ], [ 85.199218552, 28.180871340575774 ], [ 85.199218552, 28.181216989136338 ], [ 85.19882634, 28.181216989136338 ], [ 85.19882634, 28.181562637696903 ], [ 85.198434128, 28.181562637696903 ], [ 85.198434128, 28.182253934818032 ], [ 85.198041916, 28.182253934818032 ], [ 85.198041916, 28.182599583378597 ], [ 85.197649704, 28.182599583378597 ], [ 85.197649704, 28.182945231939161 ], [ 85.197257492, 28.182945231939161 ], [ 85.197257492, 28.183290880499726 ], [ 85.195688644, 28.183290880499726 ], [ 85.195688644, 28.183636529060291 ], [ 85.194512008, 28.183636529060291 ], [ 85.194512008, 28.183982177620855 ], [ 85.19411979600001, 28.183982177620855 ], [ 85.19411979600001, 28.185019123302553 ], [ 85.193727584, 28.185019123302553 ], [ 85.193727584, 28.185710420423682 ], [ 85.192550948, 28.185710420423682 ], [ 85.192550948, 28.186056068984247 ], [ 85.191766524, 28.186056068984247 ], [ 85.191766524, 28.186401717544811 ], [ 85.191374312, 28.186401717544811 ], [ 85.191374312, 28.186747366105376 ], [ 85.1909821, 28.186747366105376 ], [ 85.1909821, 28.18709301466594 ], [ 85.190589888, 28.18709301466594 ], [ 85.190589888, 28.18778431178707 ], [ 85.190197676, 28.18778431178707 ], [ 85.190197676, 28.188475608908202 ], [ 85.189805464, 28.188475608908202 ], [ 85.189805464, 28.189166906029332 ], [ 85.189413252, 28.189166906029332 ], [ 85.189413252, 28.189858203150461 ], [ 85.18902104, 28.189858203150461 ], [ 85.18902104, 28.19054950027159 ], [ 85.188628828, 28.19054950027159 ], [ 85.188628828, 28.191240797392719 ], [ 85.188236616, 28.191240797392719 ], [ 85.188236616, 28.191586445953284 ], [ 85.187844404, 28.191586445953284 ], [ 85.187844404, 28.191932094513849 ], [ 85.187452192, 28.191932094513849 ], [ 85.187452192, 28.192277743074413 ], [ 85.18705998, 28.192277743074413 ] ], [ [ 85.215299244, 28.180180043454644 ], [ 85.216868092, 28.180180043454644 ], [ 85.216868092, 28.179488746333512 ], [ 85.214907032, 28.179488746333512 ], [ 85.214907032, 28.17983439489408 ], [ 85.215299244, 28.17983439489408 ], [ 85.215299244, 28.180180043454644 ] ], [ [ 85.196080856, 28.171884478001086 ], [ 85.19686528, 28.171884478001086 ], [ 85.19686528, 28.171538829440522 ], [ 85.196080856, 28.171538829440522 ], [ 85.196080856, 28.171884478001086 ] ], [ [ 85.20274846, 28.167391046713742 ], [ 85.203532884, 28.167391046713742 ], [ 85.203532884, 28.167045398153178 ], [ 85.203925096, 28.167045398153178 ], [ 85.203925096, 28.16669974959261 ], [ 85.20470952, 28.16669974959261 ], [ 85.20470952, 28.166354101032045 ], [ 85.205101732, 28.166354101032045 ], [ 85.205101732, 28.16600845247148 ], [ 85.205493944, 28.16600845247148 ], [ 85.205493944, 28.164625858229222 ], [ 85.204317308, 28.164625858229222 ], [ 85.204317308, 28.163243263986963 ], [ 85.203925096, 28.163243263986963 ], [ 85.203925096, 28.162897615426399 ], [ 85.20274846, 28.162897615426399 ], [ 85.20274846, 28.163243263986963 ], [ 85.202356248, 28.163243263986963 ], [ 85.202356248, 28.164625858229222 ], [ 85.2007874, 28.164625858229222 ], [ 85.2007874, 28.16600845247148 ], [ 85.201179612, 28.16600845247148 ], [ 85.201179612, 28.166354101032045 ], [ 85.201571824, 28.166354101032045 ], [ 85.201571824, 28.16669974959261 ], [ 85.202356248, 28.16669974959261 ], [ 85.202356248, 28.167045398153178 ], [ 85.20274846, 28.167045398153178 ], [ 85.20274846, 28.167391046713742 ] ], [ [ 85.183922284, 28.166354101032045 ], [ 85.18509892, 28.166354101032045 ], [ 85.18509892, 28.16600845247148 ], [ 85.18902104, 28.16600845247148 ], [ 85.18902104, 28.164625858229222 ], [ 85.191374312, 28.164625858229222 ], [ 85.191374312, 28.16600845247148 ], [ 85.192158736, 28.16600845247148 ], [ 85.192158736, 28.166354101032045 ], [ 85.19411979600001, 28.166354101032045 ], [ 85.19411979600001, 28.16600845247148 ], [ 85.19490422, 28.16600845247148 ], [ 85.19490422, 28.164625858229222 ], [ 85.19294316, 28.164625858229222 ], [ 85.19294316, 28.163243263986963 ], [ 85.192550948, 28.163243263986963 ], [ 85.192550948, 28.162897615426399 ], [ 85.191766524, 28.162897615426399 ], [ 85.191766524, 28.162551966865834 ], [ 85.1909821, 28.162551966865834 ], [ 85.1909821, 28.162206318305266 ], [ 85.190197676, 28.162206318305266 ], [ 85.190197676, 28.162551966865834 ], [ 85.18902104, 28.162551966865834 ], [ 85.18902104, 28.162897615426399 ], [ 85.188628828, 28.162897615426399 ], [ 85.188628828, 28.163243263986963 ], [ 85.188236616, 28.163243263986963 ], [ 85.188236616, 28.164625858229222 ], [ 85.181961224, 28.164625858229222 ], [ 85.181961224, 28.16600845247148 ], [ 85.183922284, 28.16600845247148 ], [ 85.183922284, 28.166354101032045 ] ], [ [ 85.2596192, 28.156330292775664 ], [ 85.260403624, 28.156330292775664 ], [ 85.260403624, 28.155984644215099 ], [ 85.260795836, 28.155984644215099 ], [ 85.260795836, 28.155638995654535 ], [ 85.261188048, 28.155638995654535 ], [ 85.261188048, 28.15529334709397 ], [ 85.26158026, 28.15529334709397 ], [ 85.26158026, 28.154947698533405 ], [ 85.260403624, 28.154947698533405 ], [ 85.260403624, 28.154602049972841 ], [ 85.2596192, 28.154602049972841 ], [ 85.2596192, 28.154947698533405 ], [ 85.259226988, 28.154947698533405 ], [ 85.259226988, 28.155984644215099 ], [ 85.2596192, 28.155984644215099 ], [ 85.2596192, 28.156330292775664 ] ], [ [ 85.229811088, 28.153910752851711 ], [ 85.23216436, 28.153910752851711 ], [ 85.23216436, 28.153565104291143 ], [ 85.232556572, 28.153565104291143 ], [ 85.232556572, 28.153219455730579 ], [ 85.232948784, 28.153219455730579 ], [ 85.232948784, 28.152528158609449 ], [ 85.23334099600001, 28.152528158609449 ], [ 85.23334099600001, 28.148726024443235 ], [ 85.233733208, 28.148726024443235 ], [ 85.233733208, 28.146652133079847 ], [ 85.23334099600001, 28.146652133079847 ], [ 85.23334099600001, 28.146306484519283 ], [ 85.232948784, 28.146306484519283 ], [ 85.232948784, 28.145960835958718 ], [ 85.23216436, 28.145960835958718 ], [ 85.23216436, 28.145615187398153 ], [ 85.231772148, 28.145615187398153 ], [ 85.231772148, 28.145269538837589 ], [ 85.229811088, 28.145269538837589 ], [ 85.229811088, 28.148726024443235 ], [ 85.22824224, 28.148726024443235 ], [ 85.22824224, 28.1490716730038 ], [ 85.227850028, 28.1490716730038 ], [ 85.227850028, 28.150108618685497 ], [ 85.229811088, 28.150108618685497 ], [ 85.229811088, 28.153910752851711 ] ], [ [ 85.269032288, 28.133517487778381 ], [ 85.2694245, 28.133517487778381 ], [ 85.2694245, 28.133171839217816 ], [ 85.269816712, 28.133171839217816 ], [ 85.269816712, 28.132480542096687 ], [ 85.2694245, 28.132480542096687 ], [ 85.2694245, 28.132134893536122 ], [ 85.268640076, 28.132134893536122 ], [ 85.268640076, 28.133171839217816 ], [ 85.269032288, 28.133171839217816 ], [ 85.269032288, 28.133517487778381 ] ], [ [ 85.229811088, 28.128332759369908 ], [ 85.231379936, 28.128332759369908 ], [ 85.231379936, 28.127987110809343 ], [ 85.231772148, 28.127987110809343 ], [ 85.231772148, 28.126604516567081 ], [ 85.229811088, 28.126604516567081 ], [ 85.229811088, 28.128332759369908 ] ] ] } },
{ "type": "Feature", "properties": { "area_m2": 6689184.5645294962, "lat": 28.133926158296866, "lon": 85.393850836824541 }, "geometry": { "type": "Polygon", "coordinates": [ [ [ 85.387872524, 28.150799915806626 ], [ 85.387872524, 28.150454267246062 ], [ 85.387480312, 28.150454267246062 ], [ 85.387480312, 28.149762970124932 ], [ 85.3870881, 28.149762970124932 ], [ 85.3870881, 28.149417321564364 ], [ 85.386695888, 28.149417321564364 ], [ 85.386695888, 28.1490716730038 ], [ 85.385911464, 28.1490716730038 ], [ 85.385911464, 28.148726024443235 ], [ 85.38512704, 28.148726024443235 ], [ 85.38512704, 28.148034727322106 ], [ 85.384734828, 28.148034727322106 ], [ 85.384734828, 28.147343430200976 ], [ 85.384342616, 28.147343430200976 ], [ 85.384342616, 28.146306484519283 ], [ 85.383950404, 28.146306484519283 ], [ 85.383950404, 28.145960835958718 ], [ 85.38355819200001, 28.145960835958718 ], [ 85.38355819200001, 28.145269538837589 ], [ 85.38316598, 28.145269538837589 ], [ 85.38316598, 28.14492389027702 ], [ 85.382773768, 28.14492389027702 ], [ 85.382773768, 28.144578241716456 ], [ 85.381989344, 28.144578241716456 ], [ 85.381989344, 28.144232593155891 ], [ 85.380420496, 28.144232593155891 ], [ 85.380420496, 28.13420878489951 ], [ 85.381989344, 28.13420878489951 ], [ 85.381989344, 28.133863136338945 ], [ 85.382381556, 28.133863136338945 ], [ 85.382381556, 28.132480542096687 ], [ 85.382773768, 28.132480542096687 ], [ 85.382773768, 28.131789244975554 ], [ 85.38316598, 28.131789244975554 ], [ 85.38316598, 28.131097947854425 ], [ 85.38355819200001, 28.131097947854425 ], [ 85.38355819200001, 28.130406650733295 ], [ 85.383950404, 28.130406650733295 ], [ 85.383950404, 28.130061002172731 ], [ 85.384342616, 28.130061002172731 ], [ 85.384342616, 28.129369705051602 ], [ 85.383950404, 28.129369705051602 ], [ 85.383950404, 28.126604516567081 ], [ 85.38355819200001, 28.126604516567081 ], [ 85.38355819200001, 28.125567570885387 ], [ 85.38316598, 28.125567570885387 ], [ 85.38316598, 28.124184976643129 ], [ 85.38355819200001, 28.124184976643129 ], [ 85.38355819200001, 28.123493679521999 ], [ 85.383950404, 28.123493679521999 ], [ 85.383950404, 28.122111085279737 ], [ 85.384342616, 28.122111085279737 ], [ 85.384342616, 28.120382842476914 ], [ 85.392186856, 28.120382842476914 ], [ 85.392186856, 28.121765436719173 ], [ 85.392579068, 28.121765436719173 ], [ 85.392579068, 28.122111085279737 ], [ 85.393755704, 28.122111085279737 ], [ 85.393755704, 28.122456733840302 ], [ 85.396108976, 28.122456733840302 ], [ 85.396108976, 28.122111085279737 ], [ 85.39885446000001, 28.122111085279737 ], [ 85.39885446000001, 28.121765436719173 ], [ 85.400423308, 28.121765436719173 ], [ 85.400423308, 28.122111085279737 ], [ 85.401599944, 28.122111085279737 ], [ 85.401599944, 28.121765436719173 ], [ 85.403168792, 28.121765436719173 ], [ 85.403168792, 28.121419788158608 ], [ 85.40473764, 28.121419788158608 ], [ 85.40473764, 28.121765436719173 ], [ 85.4066987, 28.121765436719173 ], [ 85.4066987, 28.122111085279737 ], [ 85.40865976, 28.122111085279737 ], [ 85.40865976, 28.121765436719173 ], [ 85.409444184, 28.121765436719173 ], [ 85.409444184, 28.121419788158608 ], [ 85.410228608, 28.121419788158608 ], [ 85.410228608, 28.121765436719173 ], [ 85.41062082, 28.121765436719173 ], [ 85.41062082, 28.123148030961431 ], [ 85.410228608, 28.123148030961431 ], [ 85.410228608, 28.124184976643129 ], [ 85.409836396, 28.124184976643129 ], [ 85.409836396, 28.124876273764258 ], [ 85.409444184, 28.124876273764258 ], [ 85.409444184, 28.125221922324823 ], [ 85.409051972, 28.125221922324823 ], [ 85.409051972, 28.125913219445952 ], [ 85.40865976, 28.125913219445952 ], [ 85.40865976, 28.126604516567081 ], [ 85.408267548, 28.126604516567081 ], [ 85.408267548, 28.126950165127646 ], [ 85.407875336, 28.126950165127646 ], [ 85.407875336, 28.130061002172731 ], [ 85.407483124, 28.130061002172731 ], [ 85.407483124, 28.13075229929386 ], [ 85.407090912, 28.13075229929386 ], [ 85.407090912, 28.131097947854425 ], [ 85.4066987, 28.131097947854425 ], [ 85.4066987, 28.131443596414989 ], [ 85.406306488, 28.131443596414989 ], [ 85.406306488, 28.132134893536122 ], [ 85.405914276, 28.132134893536122 ], [ 85.405914276, 28.133171839217816 ], [ 85.40552206400001, 28.133171839217816 ], [ 85.40552206400001, 28.135245730581204 ], [ 85.405914276, 28.135245730581204 ], [ 85.405914276, 28.135591379141768 ], [ 85.40552206400001, 28.135591379141768 ], [ 85.40552206400001, 28.137319621944595 ], [ 85.405129852, 28.137319621944595 ], [ 85.405129852, 28.140430458989677 ], [ 85.40473764, 28.140430458989677 ], [ 85.40473764, 28.14112175611081 ], [ 85.404345428, 28.14112175611081 ], [ 85.404345428, 28.141813053231939 ], [ 85.403953216, 28.141813053231939 ], [ 85.403953216, 28.142158701792503 ], [ 85.403561004, 28.142158701792503 ], [ 85.403561004, 28.142504350353068 ], [ 85.40277658, 28.142504350353068 ], [ 85.40277658, 28.142849998913633 ], [ 85.402384368, 28.142849998913633 ], [ 85.402384368, 28.143195647474197 ], [ 85.401599944, 28.143195647474197 ], [ 85.401599944, 28.143541296034762 ], [ 85.40081552, 28.143541296034762 ], [ 85.40081552, 28.144232593155891 ], [ 85.400423308, 28.144232593155891 ], [ 85.400423308, 28.144578241716456 ], [ 85.400031096, 28.144578241716456 ], [ 85.400031096, 28.14492389027702 ], [ 85.399638884, 28.14492389027702 ], [ 85.399638884, 28.145269538837589 ], [ 85.399246672, 28.145269538837589 ], [ 85.399246672, 28.145615187398153 ], [ 85.398462248, 28.145615187398153 ], [ 85.398462248, 28.145960835958718 ], [ 85.397285612, 28.145960835958718 ], [ 85.397285612, 28.146306484519283 ], [ 85.394147916, 28.146306484519283 ], [ 85.394147916, 28.146652133079847 ], [ 85.393755704, 28.146652133079847 ], [ 85.393755704, 28.146997781640412 ], [ 85.393363492, 28.146997781640412 ], [ 85.393363492, 28.147343430200976 ], [ 85.39297128, 28.147343430200976 ], [ 85.39297128, 28.147689078761541 ], [ 85.392579068, 28.147689078761541 ], [ 85.392579068, 28.148034727322106 ], [ 85.392186856, 28.148034727322106 ], [ 85.392186856, 28.14838037588267 ], [ 85.391794644, 28.14838037588267 ], [ 85.391794644, 28.148726024443235 ], [ 85.391402432, 28.148726024443235 ], [ 85.391402432, 28.1490716730038 ], [ 85.390618008, 28.1490716730038 ], [ 85.390618008, 28.149417321564364 ], [ 85.389833584, 28.149417321564364 ], [ 85.389833584, 28.149762970124932 ], [ 85.389441372, 28.149762970124932 ], [ 85.389441372, 28.150108618685497 ], [ 85.38904916, 28.150108618685497 ], [ 85.38904916, 28.150454267246062 ], [ 85.388656948, 28.150454267246062 ], [ 85.388656948, 28.150799915806626 ], [ 85.387872524, 28.150799915806626 ] ] ] } },
{ "type": "Feature", "properties": { "area_m2": 31467748.888270687, "lat": 28.174005999762127, "lon": 85.14790248134895 }, "geometry": { "type": "Polygon", "coordinates": [ [ [ 85.158428504, 28.240668541553504 ], [ 85.158428504, 28.240322892992936 ], [ 85.157251868, 28.240322892992936 ], [ 85.157251868, 28.239631595871806 ], [ 85.156859656, 28.239631595871806 ], [ 85.156859656, 28.239285947311242 ], [ 85.154114172, 28.239285947311242 ], [ 85.154114172, 28.239631595871806 ], [ 85.153329748, 28.239631595871806 ], [ 85.153329748, 28.239977244432371 ], [ 85.152937536, 28.239977244432371 ], [ 85.152937536, 28.239631595871806 ], [ 85.152545324, 28.239631595871806 ], [ 85.152545324, 28.239285947311242 ], [ 85.152153112, 28.239285947311242 ], [ 85.152153112, 28.238940298750677 ], [ 85.1517609, 28.238940298750677 ], [ 85.1517609, 28.238594650190112 ], [ 85.150976476, 28.238594650190112 ], [ 85.150976476, 28.238249001629548 ], [ 85.149407628, 28.238249001629548 ], [ 85.149407628, 28.237903353068983 ], [ 85.149015416, 28.237903353068983 ], [ 85.149015416, 28.237212055947854 ], [ 85.148230992, 28.237212055947854 ], [ 85.148230992, 28.236866407387289 ], [ 85.144308872, 28.236866407387289 ], [ 85.144308872, 28.236520758826725 ], [ 85.143524448, 28.236520758826725 ], [ 85.143524448, 28.23617511026616 ], [ 85.143132236, 28.23617511026616 ], [ 85.143132236, 28.235138164584463 ], [ 85.142740024, 28.235138164584463 ], [ 85.142740024, 28.234446867463333 ], [ 85.142347812, 28.234446867463333 ], [ 85.142347812, 28.234101218902769 ], [ 85.1419556, 28.234101218902769 ], [ 85.1419556, 28.233409921781639 ], [ 85.141563388, 28.233409921781639 ], [ 85.141563388, 28.233064273221075 ], [ 85.141171176, 28.233064273221075 ], [ 85.141171176, 28.23271862466051 ], [ 85.140778964, 28.23271862466051 ], [ 85.140778964, 28.230990381857684 ], [ 85.141171176, 28.230990381857684 ], [ 85.141171176, 28.230299084736554 ], [ 85.142347812, 28.230299084736554 ], [ 85.142347812, 28.22995343617599 ], [ 85.14391666, 28.22995343617599 ], [ 85.14391666, 28.228916490494296 ], [ 85.143524448, 28.228916490494296 ], [ 85.143524448, 28.228570841933731 ], [ 85.143132236, 28.228570841933731 ], [ 85.143132236, 28.228225193373166 ], [ 85.142740024, 28.228225193373166 ], [ 85.142740024, 28.227879544812602 ], [ 85.142347812, 28.227879544812602 ], [ 85.142347812, 28.223731762085823 ], [ 85.1419556, 28.223731762085823 ], [ 85.1419556, 28.223040464964694 ], [ 85.141563388, 28.223040464964694 ], [ 85.141563388, 28.222694816404125 ], [ 85.141171176, 28.222694816404125 ], [ 85.141171176, 28.222349167843561 ], [ 85.140386752, 28.222349167843561 ], [ 85.140386752, 28.222003519282996 ], [ 85.13999454, 28.222003519282996 ], [ 85.13999454, 28.221657870722431 ], [ 85.139602328, 28.221657870722431 ], [ 85.139602328, 28.217855736556217 ], [ 85.139210116, 28.217855736556217 ], [ 85.139210116, 28.217164439435088 ], [ 85.138817904, 28.217164439435088 ], [ 85.138817904, 28.216818790874523 ], [ 85.138425692, 28.216818790874523 ], [ 85.138425692, 28.216127493753394 ], [ 85.13803348, 28.216127493753394 ], [ 85.13803348, 28.215436196632265 ], [ 85.137641268, 28.215436196632265 ], [ 85.137641268, 28.214399250950571 ], [ 85.137249056, 28.214399250950571 ], [ 85.137249056, 28.213707953829438 ], [ 85.136856844, 28.213707953829438 ], [ 85.136856844, 28.213016656708309 ], [ 85.136464632, 28.213016656708309 ], [ 85.136464632, 28.21163406246605 ], [ 85.136856844, 28.21163406246605 ], [ 85.136856844, 28.208523225420965 ], [ 85.137249056, 28.208523225420965 ], [ 85.137249056, 28.207831928299836 ], [ 85.137641268, 28.207831928299836 ], [ 85.137641268, 28.207486279739271 ], [ 85.13803348, 28.207486279739271 ], [ 85.13803348, 28.207140631178707 ], [ 85.138425692, 28.207140631178707 ], [ 85.138425692, 28.206794982618142 ], [ 85.138817904, 28.206794982618142 ], [ 85.138817904, 28.206449334057577 ], [ 85.139602328, 28.206449334057577 ], [ 85.139602328, 28.206103685497013 ], [ 85.13999454, 28.206103685497013 ], [ 85.13999454, 28.205758036936448 ], [ 85.140386752, 28.205758036936448 ], [ 85.140386752, 28.20541238837588 ], [ 85.140778964, 28.20541238837588 ], [ 85.140778964, 28.204375442694186 ], [ 85.141171176, 28.204375442694186 ], [ 85.141171176, 28.203338497012492 ], [ 85.141563388, 28.203338497012492 ], [ 85.141563388, 28.202301551330798 ], [ 85.1419556, 28.202301551330798 ], [ 85.1419556, 28.201264605649101 ], [ 85.142347812, 28.201264605649101 ], [ 85.142347812, 28.200227659967407 ], [ 85.142740024, 28.200227659967407 ], [ 85.142740024, 28.199536362846278 ], [ 85.143132236, 28.199536362846278 ], [ 85.143132236, 28.198845065725148 ], [ 85.143524448, 28.198845065725148 ], [ 85.143524448, 28.198153768604019 ], [ 85.14391666, 28.198153768604019 ], [ 85.14391666, 28.197116822922325 ], [ 85.144308872, 28.197116822922325 ], [ 85.144308872, 28.195042931558934 ], [ 85.14391666, 28.195042931558934 ], [ 85.14391666, 28.194697282998369 ], [ 85.143524448, 28.194697282998369 ], [ 85.143524448, 28.19400598587724 ], [ 85.143132236, 28.19400598587724 ], [ 85.143132236, 28.191932094513849 ], [ 85.143524448, 28.191932094513849 ], [ 85.143524448, 28.190895148832155 ], [ 85.143132236, 28.190895148832155 ], [ 85.143132236, 28.19054950027159 ], [ 85.142740024, 28.19054950027159 ], [ 85.142740024, 28.189858203150461 ], [ 85.142347812, 28.189858203150461 ], [ 85.142347812, 28.189166906029332 ], [ 85.1419556, 28.189166906029332 ], [ 85.1419556, 28.186056068984247 ], [ 85.142347812, 28.186056068984247 ], [ 85.142347812, 28.185019123302553 ], [ 85.1419556, 28.185019123302553 ], [ 85.1419556, 28.184673474741988 ], [ 85.141563388, 28.184673474741988 ], [ 85.141563388, 28.184327826181423 ], [ 85.141171176, 28.184327826181423 ], [ 85.141171176, 28.183982177620855 ], [ 85.140778964, 28.183982177620855 ], [ 85.140778964, 28.183636529060291 ], [ 85.13999454, 28.183636529060291 ], [ 85.13999454, 28.183290880499726 ], [ 85.139210116, 28.183290880499726 ], [ 85.139210116, 28.182945231939161 ], [ 85.138425692, 28.182945231939161 ], [ 85.138425692, 28.182599583378597 ], [ 85.13803348, 28.182599583378597 ], [ 85.13803348, 28.182253934818032 ], [ 85.137249056, 28.182253934818032 ], [ 85.137249056, 28.181562637696903 ], [ 85.136856844, 28.181562637696903 ], [ 85.136856844, 28.180871340575774 ], [ 85.136464632, 28.180871340575774 ], [ 85.136464632, 28.180180043454644 ], [ 85.13607242, 28.180180043454644 ], [ 85.13607242, 28.177760503530688 ], [ 85.135680208, 28.177760503530688 ], [ 85.135680208, 28.177069206409559 ], [ 85.135287996, 28.177069206409559 ], [ 85.135287996, 28.175340963606732 ], [ 85.134895784, 28.175340963606732 ], [ 85.134895784, 28.174304017925039 ], [ 85.134503572, 28.174304017925039 ], [ 85.134503572, 28.173958369364474 ], [ 85.13411136, 28.173958369364474 ], [ 85.13411136, 28.173612720803909 ], [ 85.132934724, 28.173612720803909 ], [ 85.132934724, 28.173267072243345 ], [ 85.1321503, 28.173267072243345 ], [ 85.1321503, 28.171538829440522 ], [ 85.131758088, 28.171538829440522 ], [ 85.131758088, 28.171193180879957 ], [ 85.131365876, 28.171193180879957 ], [ 85.131365876, 28.170501883758824 ], [ 85.129404816, 28.170501883758824 ], [ 85.129404816, 28.166354101032045 ], [ 85.13097366400001, 28.166354101032045 ], [ 85.13097366400001, 28.16600845247148 ], [ 85.131365876, 28.16600845247148 ], [ 85.131365876, 28.164625858229222 ], [ 85.133719148, 28.164625858229222 ], [ 85.133719148, 28.161169372623572 ], [ 85.133326936, 28.161169372623572 ], [ 85.133326936, 28.160478075502443 ], [ 85.133719148, 28.160478075502443 ], [ 85.133719148, 28.159786778381314 ], [ 85.13411136, 28.159786778381314 ], [ 85.13411136, 28.159441129820749 ], [ 85.134503572, 28.159441129820749 ], [ 85.134503572, 28.159095481260184 ], [ 85.135287996, 28.159095481260184 ], [ 85.135287996, 28.15874983269962 ], [ 85.13607242, 28.15874983269962 ], [ 85.13607242, 28.158404184139055 ], [ 85.136856844, 28.158404184139055 ], [ 85.136856844, 28.15805853557849 ], [ 85.139602328, 28.15805853557849 ], [ 85.139602328, 28.157712887017922 ], [ 85.140386752, 28.157712887017922 ], [ 85.140386752, 28.157367238457358 ], [ 85.141171176, 28.157367238457358 ], [ 85.141171176, 28.157021589896793 ], [ 85.141563388, 28.157021589896793 ], [ 85.141563388, 28.156675941336228 ], [ 85.1419556, 28.156675941336228 ], [ 85.1419556, 28.156330292775664 ], [ 85.142347812, 28.156330292775664 ], [ 85.142347812, 28.155984644215099 ], [ 85.143132236, 28.155984644215099 ], [ 85.143132236, 28.155638995654535 ], [ 85.143524448, 28.155638995654535 ], [ 85.143524448, 28.154947698533405 ], [ 85.142740024, 28.154947698533405 ], [ 85.142740024, 28.154602049972841 ], [ 85.140778964, 28.154602049972841 ], [ 85.140778964, 28.154256401412276 ], [ 85.13999454, 28.154256401412276 ], [ 85.13999454, 28.153910752851711 ], [ 85.139210116, 28.153910752851711 ], [ 85.139210116, 28.153565104291143 ], [ 85.138425692, 28.153565104291143 ], [ 85.138425692, 28.153219455730579 ], [ 85.137641268, 28.153219455730579 ], [ 85.137641268, 28.152873807170014 ], [ 85.133719148, 28.152873807170014 ], [ 85.133719148, 28.152182510048885 ], [ 85.133326936, 28.152182510048885 ], [ 85.133326936, 28.151145564367191 ], [ 85.132934724, 28.151145564367191 ], [ 85.132934724, 28.149762970124932 ], [ 85.132542512, 28.149762970124932 ], [ 85.132542512, 28.149417321564364 ], [ 85.1321503, 28.149417321564364 ], [ 85.1321503, 28.150108618685497 ], [ 85.131758088, 28.150108618685497 ], [ 85.131758088, 28.150799915806626 ], [ 85.131365876, 28.150799915806626 ], [ 85.131365876, 28.151491212927755 ], [ 85.13097366400001, 28.151491212927755 ], [ 85.13097366400001, 28.15183686148832 ], [ 85.130581452, 28.15183686148832 ], [ 85.130581452, 28.152873807170014 ], [ 85.13018924, 28.152873807170014 ], [ 85.13018924, 28.153219455730579 ], [ 85.129797028, 28.153219455730579 ], [ 85.129797028, 28.153910752851711 ], [ 85.129404816, 28.153910752851711 ], [ 85.129404816, 28.154256401412276 ], [ 85.128620392, 28.154256401412276 ], [ 85.128620392, 28.154602049972841 ], [ 85.12822818, 28.154602049972841 ], [ 85.12822818, 28.154947698533405 ], [ 85.127443756, 28.154947698533405 ], [ 85.127443756, 28.155638995654535 ], [ 85.127051544, 28.155638995654535 ], [ 85.127051544, 28.155984644215099 ], [ 85.126659332, 28.155984644215099 ], [ 85.126659332, 28.157021589896793 ], [ 85.12626712, 28.157021589896793 ], [ 85.12626712, 28.15805853557849 ], [ 85.125874908, 28.15805853557849 ], [ 85.125874908, 28.15874983269962 ], [ 85.125482696, 28.15874983269962 ], [ 85.125482696, 28.159441129820749 ], [ 85.125090484, 28.159441129820749 ], [ 85.125090484, 28.160478075502443 ], [ 85.123913848, 28.160478075502443 ], [ 85.123913848, 28.159441129820749 ], [ 85.123521636, 28.159441129820749 ], [ 85.123521636, 28.15805853557849 ], [ 85.123129424, 28.15805853557849 ], [ 85.123129424, 28.155984644215099 ], [ 85.122737212, 28.155984644215099 ], [ 85.122737212, 28.150454267246062 ], [ 85.123129424, 28.150454267246062 ], [ 85.123129424, 28.149417321564364 ], [ 85.123521636, 28.149417321564364 ], [ 85.123521636, 28.1490716730038 ], [ 85.123129424, 28.1490716730038 ], [ 85.123129424, 28.148034727322106 ], [ 85.122737212, 28.148034727322106 ], [ 85.122737212, 28.145269538837589 ], [ 85.123129424, 28.145269538837589 ], [ 85.123129424, 28.143195647474197 ], [ 85.123521636, 28.143195647474197 ], [ 85.123521636, 28.142158701792503 ], [ 85.123913848, 28.142158701792503 ], [ 85.123913848, 28.14112175611081 ], [ 85.12430606, 28.14112175611081 ], [ 85.12430606, 28.139393513307983 ], [ 85.124698272, 28.139393513307983 ], [ 85.124698272, 28.138010919065724 ], [ 85.125090484, 28.138010919065724 ], [ 85.125090484, 28.138356567626289 ], [ 85.125874908, 28.138356567626289 ], [ 85.125874908, 28.138702216186854 ], [ 85.129404816, 28.138702216186854 ], [ 85.129404816, 28.131789244975554 ], [ 85.131365876, 28.131789244975554 ], [ 85.131365876, 28.131443596414989 ], [ 85.131758088, 28.131443596414989 ], [ 85.131758088, 28.131097947854425 ], [ 85.1321503, 28.131097947854425 ], [ 85.1321503, 28.13075229929386 ], [ 85.132542512, 28.13075229929386 ], [ 85.132542512, 28.12729581368821 ], [ 85.1321503, 28.12729581368821 ], [ 85.1321503, 28.125913219445952 ], [ 85.131758088, 28.125913219445952 ], [ 85.131758088, 28.124530625203693 ], [ 85.131365876, 28.124530625203693 ], [ 85.131365876, 28.122456733840302 ], [ 85.13097366400001, 28.122456733840302 ], [ 85.13097366400001, 28.122111085279737 ], [ 85.13018924, 28.122111085279737 ], [ 85.13018924, 28.121419788158608 ], [ 85.130581452, 28.121419788158608 ], [ 85.130581452, 28.120382842476914 ], [ 85.150584264, 28.120382842476914 ], [ 85.150584264, 28.120728491037479 ], [ 85.150976476, 28.120728491037479 ], [ 85.150976476, 28.121074139598043 ], [ 85.151368688, 28.121074139598043 ], [ 85.151368688, 28.121419788158608 ], [ 85.1517609, 28.121419788158608 ], [ 85.1517609, 28.122111085279737 ], [ 85.151368688, 28.122111085279737 ], [ 85.151368688, 28.122456733840302 ], [ 85.150976476, 28.122456733840302 ], [ 85.150976476, 28.122802382400867 ], [ 85.152153112, 28.122802382400867 ], [ 85.152153112, 28.123148030961431 ], [ 85.152545324, 28.123148030961431 ], [ 85.152545324, 28.123493679521999 ], [ 85.152937536, 28.123493679521999 ], [ 85.152937536, 28.124184976643129 ], [ 85.153329748, 28.124184976643129 ], [ 85.153329748, 28.125567570885387 ], [ 85.15372196, 28.125567570885387 ], [ 85.15372196, 28.126258868006516 ], [ 85.154114172, 28.126258868006516 ], [ 85.154114172, 28.126604516567081 ], [ 85.154506384, 28.126604516567081 ], [ 85.154506384, 28.126950165127646 ], [ 85.156075232, 28.126950165127646 ], [ 85.156075232, 28.12729581368821 ], [ 85.156467444, 28.12729581368821 ], [ 85.156467444, 28.128332759369908 ], [ 85.156859656, 28.128332759369908 ], [ 85.156859656, 28.129369705051602 ], [ 85.157251868, 28.129369705051602 ], [ 85.157251868, 28.132826190657251 ], [ 85.156467444, 28.132826190657251 ], [ 85.156467444, 28.133171839217816 ], [ 85.155290808, 28.133171839217816 ], [ 85.155290808, 28.133517487778381 ], [ 85.154506384, 28.133517487778381 ], [ 85.154506384, 28.133863136338945 ], [ 85.154114172, 28.133863136338945 ], [ 85.154114172, 28.13420878489951 ], [ 85.15372196, 28.13420878489951 ], [ 85.15372196, 28.134900082020639 ], [ 85.153329748, 28.134900082020639 ], [ 85.153329748, 28.136282676262898 ], [ 85.15372196, 28.136282676262898 ], [ 85.15372196, 28.137319621944595 ], [ 85.154114172, 28.137319621944595 ], [ 85.154114172, 28.138010919065724 ], [ 85.154506384, 28.138010919065724 ], [ 85.154506384, 28.138702216186854 ], [ 85.15489859600001, 28.138702216186854 ], [ 85.15489859600001, 28.139393513307983 ], [ 85.155290808, 28.139393513307983 ], [ 85.155290808, 28.139739161868548 ], [ 85.156075232, 28.139739161868548 ], [ 85.156075232, 28.140084810429112 ], [ 85.156467444, 28.140084810429112 ], [ 85.156467444, 28.140430458989677 ], [ 85.157251868, 28.140430458989677 ], [ 85.157251868, 28.140776107550245 ], [ 85.15960514, 28.140776107550245 ], [ 85.15960514, 28.14112175611081 ], [ 85.16156620000001, 28.14112175611081 ], [ 85.16156620000001, 28.142158701792503 ], [ 85.161958412, 28.142158701792503 ], [ 85.161958412, 28.142504350353068 ], [ 85.163135048, 28.142504350353068 ], [ 85.163135048, 28.142158701792503 ], [ 85.16352726, 28.142158701792503 ], [ 85.16352726, 28.141813053231939 ], [ 85.163919472, 28.141813053231939 ], [ 85.163919472, 28.141467404671374 ], [ 85.164311684, 28.141467404671374 ], [ 85.164311684, 28.14112175611081 ], [ 85.165096108, 28.14112175611081 ], [ 85.165096108, 28.140776107550245 ], [ 85.165880532, 28.140776107550245 ], [ 85.165880532, 28.14112175611081 ], [ 85.166272744, 28.14112175611081 ], [ 85.166272744, 28.141467404671374 ], [ 85.166664956, 28.141467404671374 ], [ 85.166664956, 28.141813053231939 ], [ 85.167057168, 28.141813053231939 ], [ 85.167057168, 28.142158701792503 ], [ 85.16744938, 28.142158701792503 ], [ 85.16744938, 28.142504350353068 ], [ 85.168233804, 28.142504350353068 ], [ 85.168233804, 28.142849998913633 ], [ 85.169018228, 28.142849998913633 ], [ 85.169018228, 28.143195647474197 ], [ 85.16941044, 28.143195647474197 ], [ 85.16941044, 28.143886944595327 ], [ 85.169802652, 28.143886944595327 ], [ 85.169802652, 28.14492389027702 ], [ 85.16941044, 28.14492389027702 ], [ 85.16941044, 28.146997781640412 ], [ 85.169018228, 28.146997781640412 ], [ 85.169018228, 28.147689078761541 ], [ 85.168626016, 28.147689078761541 ], [ 85.168626016, 28.148034727322106 ], [ 85.168233804, 28.148034727322106 ], [ 85.168233804, 28.148726024443235 ], [ 85.167841592, 28.148726024443235 ], [ 85.167841592, 28.1490716730038 ], [ 85.16744938, 28.1490716730038 ], [ 85.16744938, 28.150108618685497 ], [ 85.167057168, 28.150108618685497 ], [ 85.167057168, 28.150799915806626 ], [ 85.166664956, 28.150799915806626 ], [ 85.166664956, 28.151145564367191 ], [ 85.166272744, 28.151145564367191 ], [ 85.166272744, 28.151491212927755 ], [ 85.16548832, 28.151491212927755 ], [ 85.16548832, 28.15183686148832 ], [ 85.165096108, 28.15183686148832 ], [ 85.165096108, 28.152182510048885 ], [ 85.164703896, 28.152182510048885 ], [ 85.164703896, 28.152528158609449 ], [ 85.164311684, 28.152528158609449 ], [ 85.164311684, 28.152873807170014 ], [ 85.163919472, 28.152873807170014 ], [ 85.163919472, 28.153219455730579 ], [ 85.16352726, 28.153219455730579 ], [ 85.16352726, 28.153565104291143 ], [ 85.162350624, 28.153565104291143 ], [ 85.162350624, 28.153910752851711 ], [ 85.161958412, 28.153910752851711 ], [ 85.161958412, 28.154256401412276 ], [ 85.161173988, 28.154256401412276 ], [ 85.161173988, 28.154602049972841 ], [ 85.160389564, 28.154602049972841 ], [ 85.160389564, 28.154947698533405 ], [ 85.159997352, 28.154947698533405 ], [ 85.159997352, 28.155638995654535 ], [ 85.160389564, 28.155638995654535 ], [ 85.160389564, 28.157367238457358 ], [ 85.160781776, 28.157367238457358 ], [ 85.160781776, 28.15805853557849 ], [ 85.16156620000001, 28.15805853557849 ], [ 85.16156620000001, 28.158404184139055 ], [ 85.161173988, 28.158404184139055 ], [ 85.161173988, 28.159095481260184 ], [ 85.160781776, 28.159095481260184 ], [ 85.160781776, 28.159441129820749 ], [ 85.160389564, 28.159441129820749 ], [ 85.160389564, 28.160132426941878 ], [ 85.159997352, 28.160132426941878 ], [ 85.159997352, 28.160823724063007 ], [ 85.159212928, 28.160823724063007 ], [ 85.159212928, 28.161169372623572 ], [ 85.158820716, 28.161169372623572 ], [ 85.158820716, 28.161515021184137 ], [ 85.158428504, 28.161515021184137 ], [ 85.158428504, 28.162206318305266 ], [ 85.158036292, 28.162206318305266 ], [ 85.158036292, 28.162551966865834 ], [ 85.15764408, 28.162551966865834 ], [ 85.15764408, 28.162897615426399 ], [ 85.157251868, 28.162897615426399 ], [ 85.157251868, 28.163934561108093 ], [ 85.156859656, 28.163934561108093 ], [ 85.156859656, 28.165317155350351 ], [ 85.156467444, 28.165317155350351 ], [ 85.156467444, 28.168773640956001 ], [ 85.156859656, 28.168773640956001 ], [ 85.156859656, 28.170847532319389 ], [ 85.157251868, 28.170847532319389 ], [ 85.157251868, 28.171884478001086 ], [ 85.15764408, 28.171884478001086 ], [ 85.15764408, 28.172230126561651 ], [ 85.158036292, 28.172230126561651 ], [ 85.158036292, 28.172575775122215 ], [ 85.158428504, 28.172575775122215 ], [ 85.158428504, 28.17292142368278 ], [ 85.158820716, 28.17292142368278 ], [ 85.158820716, 28.173267072243345 ], [ 85.159212928, 28.173267072243345 ], [ 85.159212928, 28.173612720803909 ], [ 85.160781776, 28.173612720803909 ], [ 85.160781776, 28.173958369364474 ], [ 85.162350624, 28.173958369364474 ], [ 85.162350624, 28.174304017925039 ], [ 85.162742836, 28.174304017925039 ], [ 85.162742836, 28.174649666485603 ], [ 85.163135048, 28.174649666485603 ], [ 85.163135048, 28.174995315046168 ], [ 85.16352726, 28.174995315046168 ], [ 85.16352726, 28.175340963606732 ], [ 85.163919472, 28.175340963606732 ], [ 85.163919472, 28.175686612167301 ], [ 85.164311684, 28.175686612167301 ], [ 85.164311684, 28.176032260727865 ], [ 85.164703896, 28.176032260727865 ], [ 85.164703896, 28.176723557848995 ], [ 85.165096108, 28.176723557848995 ], [ 85.165096108, 28.177414854970124 ], [ 85.168233804, 28.177414854970124 ], [ 85.168233804, 28.177760503530688 ], [ 85.169018228, 28.177760503530688 ], [ 85.169018228, 28.178106152091253 ], [ 85.16941044, 28.178106152091253 ], [ 85.16941044, 28.178451800651818 ], [ 85.169802652, 28.178451800651818 ], [ 85.169802652, 28.178797449212382 ], [ 85.17019486400001, 28.178797449212382 ], [ 85.17019486400001, 28.179488746333512 ], [ 85.170587076, 28.179488746333512 ], [ 85.170587076, 28.180180043454644 ], [ 85.17019486400001, 28.180180043454644 ], [ 85.17019486400001, 28.180871340575774 ], [ 85.169802652, 28.180871340575774 ], [ 85.169802652, 28.181908286257467 ], [ 85.16941044, 28.181908286257467 ], [ 85.16941044, 28.182945231939161 ], [ 85.169018228, 28.182945231939161 ], [ 85.169018228, 28.183636529060291 ], [ 85.168626016, 28.183636529060291 ], [ 85.168626016, 28.183982177620855 ], [ 85.168233804, 28.183982177620855 ], [ 85.168233804, 28.183290880499726 ], [ 85.167841592, 28.183290880499726 ], [ 85.167841592, 28.182599583378597 ], [ 85.16744938, 28.182599583378597 ], [ 85.16744938, 28.182253934818032 ], [ 85.167057168, 28.182253934818032 ], [ 85.167057168, 28.181908286257467 ], [ 85.166272744, 28.181908286257467 ], [ 85.166272744, 28.181562637696903 ], [ 85.16548832, 28.181562637696903 ], [ 85.16548832, 28.181216989136338 ], [ 85.165096108, 28.181216989136338 ], [ 85.165096108, 28.180871340575774 ], [ 85.164703896, 28.180871340575774 ], [ 85.164703896, 28.17983439489408 ], [ 85.164311684, 28.17983439489408 ], [ 85.164311684, 28.178451800651818 ], [ 85.163919472, 28.178451800651818 ], [ 85.163919472, 28.178106152091253 ], [ 85.160389564, 28.178106152091253 ], [ 85.160389564, 28.178451800651818 ], [ 85.15960514, 28.178451800651818 ], [ 85.15960514, 28.178797449212382 ], [ 85.159212928, 28.178797449212382 ], [ 85.159212928, 28.179143097772947 ], [ 85.158820716, 28.179143097772947 ], [ 85.158820716, 28.17983439489408 ], [ 85.158428504, 28.17983439489408 ], [ 85.158428504, 28.180525692015209 ], [ 85.158036292, 28.180525692015209 ], [ 85.158036292, 28.180871340575774 ], [ 85.15764408, 28.180871340575774 ], [ 85.15764408, 28.181216989136338 ], [ 85.157251868, 28.181216989136338 ], [ 85.157251868, 28.181562637696903 ], [ 85.156859656, 28.181562637696903 ], [ 85.156859656, 28.181908286257467 ], [ 85.156075232, 28.181908286257467 ], [ 85.156075232, 28.182253934818032 ], [ 85.15568302, 28.182253934818032 ], [ 85.15568302, 28.182599583378597 ], [ 85.155290808, 28.182599583378597 ], [ 85.155290808, 28.182945231939161 ], [ 85.15568302, 28.182945231939161 ], [ 85.15568302, 28.183290880499726 ], [ 85.156467444, 28.183290880499726 ], [ 85.156467444, 28.183636529060291 ], [ 85.156859656, 28.183636529060291 ], [ 85.156859656, 28.183982177620855 ], [ 85.157251868, 28.183982177620855 ], [ 85.157251868, 28.184327826181423 ], [ 85.15764408, 28.184327826181423 ], [ 85.15764408, 28.185019123302553 ], [ 85.158036292, 28.185019123302553 ], [ 85.158036292, 28.185364771863117 ], [ 85.158428504, 28.185364771863117 ], [ 85.158428504, 28.185710420423682 ], [ 85.159212928, 28.185710420423682 ], [ 85.159212928, 28.186056068984247 ], [ 85.15960514, 28.186056068984247 ], [ 85.15960514, 28.185710420423682 ], [ 85.160781776, 28.185710420423682 ], [ 85.160781776, 28.185364771863117 ], [ 85.16156620000001, 28.185364771863117 ], [ 85.16156620000001, 28.185019123302553 ], [ 85.163135048, 28.185019123302553 ], [ 85.163135048, 28.185364771863117 ], [ 85.163919472, 28.185364771863117 ], [ 85.163919472, 28.186747366105376 ], [ 85.164311684, 28.186747366105376 ], [ 85.164311684, 28.18709301466594 ], [ 85.165096108, 28.18709301466594 ], [ 85.165096108, 28.187438663226505 ], [ 85.165880532, 28.187438663226505 ], [ 85.165880532, 28.18778431178707 ], [ 85.166272744, 28.18778431178707 ], [ 85.166272744, 28.188475608908202 ], [ 85.165880532, 28.188475608908202 ], [ 85.165880532, 28.189166906029332 ], [ 85.16548832, 28.189166906029332 ], [ 85.16548832, 28.189512554589896 ], [ 85.165096108, 28.189512554589896 ], [ 85.165096108, 28.189858203150461 ], [ 85.164703896, 28.189858203150461 ], [ 85.164703896, 28.190203851711026 ], [ 85.164311684, 28.190203851711026 ], [ 85.164311684, 28.190895148832155 ], [ 85.163919472, 28.190895148832155 ], [ 85.163919472, 28.191240797392719 ], [ 85.16352726, 28.191240797392719 ], [ 85.16352726, 28.191932094513849 ], [ 85.163135048, 28.191932094513849 ], [ 85.163135048, 28.192277743074413 ], [ 85.162742836, 28.192277743074413 ], [ 85.162742836, 28.192623391634978 ], [ 85.162350624, 28.192623391634978 ], [ 85.162350624, 28.192969040195546 ], [ 85.161958412, 28.192969040195546 ], [ 85.161958412, 28.193314688756111 ], [ 85.16156620000001, 28.193314688756111 ], [ 85.16156620000001, 28.193660337316675 ], [ 85.161173988, 28.193660337316675 ], [ 85.161173988, 28.196425525801192 ], [ 85.16156620000001, 28.196425525801192 ], [ 85.16156620000001, 28.196771174361757 ], [ 85.161958412, 28.196771174361757 ], [ 85.161958412, 28.197116822922325 ], [ 85.162742836, 28.197116822922325 ], [ 85.162742836, 28.19746247148289 ], [ 85.163135048, 28.19746247148289 ], [ 85.163135048, 28.197808120043454 ], [ 85.163919472, 28.197808120043454 ], [ 85.163919472, 28.198153768604019 ], [ 85.164311684, 28.198153768604019 ], [ 85.164311684, 28.198499417164584 ], [ 85.164703896, 28.198499417164584 ], [ 85.164703896, 28.198845065725148 ], [ 85.165096108, 28.198845065725148 ], [ 85.165096108, 28.201264605649101 ], [ 85.16548832, 28.201264605649101 ], [ 85.16548832, 28.202647199891363 ], [ 85.165880532, 28.202647199891363 ], [ 85.165880532, 28.202992848451927 ], [ 85.166272744, 28.202992848451927 ], [ 85.166272744, 28.203684145573057 ], [ 85.166664956, 28.203684145573057 ], [ 85.166664956, 28.204721091254751 ], [ 85.167057168, 28.204721091254751 ], [ 85.167057168, 28.205066739815315 ], [ 85.16744938, 28.205066739815315 ], [ 85.16744938, 28.20541238837588 ], [ 85.167841592, 28.20541238837588 ], [ 85.167841592, 28.205758036936448 ], [ 85.169018228, 28.205758036936448 ], [ 85.169018228, 28.206103685497013 ], [ 85.169802652, 28.206103685497013 ], [ 85.169802652, 28.206449334057577 ], [ 85.17019486400001, 28.206449334057577 ], [ 85.17019486400001, 28.206794982618142 ], [ 85.170587076, 28.206794982618142 ], [ 85.170587076, 28.20886887398153 ], [ 85.167057168, 28.20886887398153 ], [ 85.167057168, 28.207140631178707 ], [ 85.166664956, 28.207140631178707 ], [ 85.166664956, 28.206449334057577 ], [ 85.166272744, 28.206449334057577 ], [ 85.166272744, 28.206103685497013 ], [ 85.163135048, 28.206103685497013 ], [ 85.163135048, 28.206449334057577 ], [ 85.161958412, 28.206449334057577 ], [ 85.161958412, 28.206794982618142 ], [ 85.16156620000001, 28.206794982618142 ], [ 85.16156620000001, 28.207140631178707 ], [ 85.160781776, 28.207140631178707 ], [ 85.160781776, 28.207486279739271 ], [ 85.160389564, 28.207486279739271 ], [ 85.160389564, 28.20886887398153 ], [ 85.150584264, 28.20886887398153 ], [ 85.150584264, 28.210597116784356 ], [ 85.150976476, 28.210597116784356 ], [ 85.150976476, 28.210942765344921 ], [ 85.151368688, 28.210942765344921 ], [ 85.151368688, 28.211288413905486 ], [ 85.152153112, 28.211288413905486 ], [ 85.152153112, 28.21163406246605 ], [ 85.15372196, 28.21163406246605 ], [ 85.15372196, 28.211979711026615 ], [ 85.160781776, 28.211979711026615 ], [ 85.160781776, 28.212325359587179 ], [ 85.16156620000001, 28.212325359587179 ], [ 85.16156620000001, 28.212671008147744 ], [ 85.161958412, 28.212671008147744 ], [ 85.161958412, 28.213016656708309 ], [ 85.162350624, 28.213016656708309 ], [ 85.162350624, 28.213707953829438 ], [ 85.162742836, 28.213707953829438 ], [ 85.162742836, 28.216127493753394 ], [ 85.163135048, 28.216127493753394 ], [ 85.163135048, 28.216818790874523 ], [ 85.162350624, 28.216818790874523 ], [ 85.162350624, 28.217164439435088 ], [ 85.160781776, 28.217164439435088 ], [ 85.160781776, 28.217510087995652 ], [ 85.160389564, 28.217510087995652 ], [ 85.160389564, 28.218547033677346 ], [ 85.160781776, 28.218547033677346 ], [ 85.160781776, 28.218892682237914 ], [ 85.161173988, 28.218892682237914 ], [ 85.161173988, 28.219238330798479 ], [ 85.161958412, 28.219238330798479 ], [ 85.161958412, 28.219583979359044 ], [ 85.165880532, 28.219583979359044 ], [ 85.165880532, 28.219929627919608 ], [ 85.166272744, 28.219929627919608 ], [ 85.166272744, 28.220620925040738 ], [ 85.166664956, 28.220620925040738 ], [ 85.166664956, 28.221657870722431 ], [ 85.166272744, 28.221657870722431 ], [ 85.166272744, 28.222003519282996 ], [ 85.165880532, 28.222003519282996 ], [ 85.165880532, 28.222349167843561 ], [ 85.16548832, 28.222349167843561 ], [ 85.16548832, 28.222694816404125 ], [ 85.165096108, 28.222694816404125 ], [ 85.165096108, 28.223040464964694 ], [ 85.164703896, 28.223040464964694 ], [ 85.164703896, 28.223386113525258 ], [ 85.164311684, 28.223386113525258 ], [ 85.164311684, 28.224077410646387 ], [ 85.163919472, 28.224077410646387 ], [ 85.163919472, 28.225114356328081 ], [ 85.16352726, 28.225114356328081 ], [ 85.16352726, 28.226151302009775 ], [ 85.163135048, 28.226151302009775 ], [ 85.163135048, 28.227188247691469 ], [ 85.162742836, 28.227188247691469 ], [ 85.162742836, 28.227533896252037 ], [ 85.162350624, 28.227533896252037 ], [ 85.162350624, 28.228225193373166 ], [ 85.161958412, 28.228225193373166 ], [ 85.161958412, 28.228570841933731 ], [ 85.161173988, 28.228570841933731 ], [ 85.161173988, 28.228916490494296 ], [ 85.160781776, 28.228916490494296 ], [ 85.160781776, 28.22926213905486 ], [ 85.159997352, 28.22926213905486 ], [ 85.159997352, 28.229607787615425 ], [ 85.15960514, 28.229607787615425 ], [ 85.15960514, 28.22995343617599 ], [ 85.159997352, 28.22995343617599 ], [ 85.159997352, 28.230299084736554 ], [ 85.160389564, 28.230299084736554 ], [ 85.160389564, 28.230644733297119 ], [ 85.160781776, 28.230644733297119 ], [ 85.160781776, 28.230990381857684 ], [ 85.161173988, 28.230990381857684 ], [ 85.161173988, 28.231336030418248 ], [ 85.16156620000001, 28.231336030418248 ], [ 85.16156620000001, 28.231681678978816 ], [ 85.162350624, 28.231681678978816 ], [ 85.162350624, 28.232372976099946 ], [ 85.162742836, 28.232372976099946 ], [ 85.162742836, 28.23271862466051 ], [ 85.162350624, 28.23271862466051 ], [ 85.162350624, 28.233755570342204 ], [ 85.161958412, 28.233755570342204 ], [ 85.161958412, 28.234792516023898 ], [ 85.16156620000001, 28.234792516023898 ], [ 85.16156620000001, 28.235483813145027 ], [ 85.161173988, 28.235483813145027 ], [ 85.161173988, 28.23617511026616 ], [ 85.160781776, 28.23617511026616 ], [ 85.160781776, 28.236866407387289 ], [ 85.160389564, 28.236866407387289 ], [ 85.160389564, 28.237212055947854 ], [ 85.159997352, 28.237212055947854 ], [ 85.159997352, 28.237557704508419 ], [ 85.15960514, 28.237557704508419 ], [ 85.15960514, 28.237903353068983 ], [ 85.159212928, 28.237903353068983 ], [ 85.159212928, 28.240668541553504 ], [ 85.158428504, 28.240668541553504 ] ], [ [ 85.152153112, 28.219929627919608 ], [ 85.153329748, 28.219929627919608 ], [ 85.153329748, 28.219583979359044 ], [ 85.15372196, 28.219583979359044 ], [ 85.15372196, 28.219238330798479 ], [ 85.154506384, 28.219238330798479 ], [ 85.154506384, 28.218892682237914 ], [ 85.155290808, 28.218892682237914 ], [ 85.155290808, 28.218547033677346 ], [ 85.15568302, 28.218547033677346 ], [ 85.15568302, 28.215436196632265 ], [ 85.156859656, 28.215436196632265 ], [ 85.156859656, 28.216127493753394 ], [ 85.157251868, 28.216127493753394 ], [ 85.157251868, 28.216473142313959 ], [ 85.158036292, 28.216473142313959 ], [ 85.158036292, 28.216818790874523 ], [ 85.160389564, 28.216818790874523 ], [ 85.160389564, 28.215781845192829 ], [ 85.159997352, 28.215781845192829 ], [ 85.159997352, 28.2150905480717 ], [ 85.15960514, 28.2150905480717 ], [ 85.15960514, 28.214744899511135 ], [ 85.159212928, 28.214744899511135 ], [ 85.159212928, 28.214399250950571 ], [ 85.158820716, 28.214399250950571 ], [ 85.158820716, 28.214053602390003 ], [ 85.158428504, 28.214053602390003 ], [ 85.158428504, 28.213362305268873 ], [ 85.158036292, 28.213362305268873 ], [ 85.158036292, 28.213016656708309 ], [ 85.15764408, 28.213016656708309 ], [ 85.15764408, 28.212671008147744 ], [ 85.156859656, 28.212671008147744 ], [ 85.156859656, 28.212325359587179 ], [ 85.15568302, 28.212325359587179 ], [ 85.15568302, 28.212671008147744 ], [ 85.155290808, 28.212671008147744 ], [ 85.155290808, 28.213016656708309 ], [ 85.15489859600001, 28.213016656708309 ], [ 85.15489859600001, 28.214053602390003 ], [ 85.154506384, 28.214053602390003 ], [ 85.154506384, 28.214399250950571 ], [ 85.15372196, 28.214399250950571 ], [ 85.15372196, 28.214744899511135 ], [ 85.152153112, 28.214744899511135 ], [ 85.152153112, 28.2150905480717 ], [ 85.151368688, 28.2150905480717 ], [ 85.151368688, 28.215436196632265 ], [ 85.150976476, 28.215436196632265 ], [ 85.150976476, 28.215781845192829 ], [ 85.150584264, 28.215781845192829 ], [ 85.150584264, 28.216473142313959 ], [ 85.150192052, 28.216473142313959 ], [ 85.150192052, 28.216818790874523 ], [ 85.14979984, 28.216818790874523 ], [ 85.14979984, 28.217164439435088 ], [ 85.149407628, 28.217164439435088 ], [ 85.149407628, 28.217510087995652 ], [ 85.149015416, 28.217510087995652 ], [ 85.149015416, 28.217855736556217 ], [ 85.148230992, 28.217855736556217 ], [ 85.148230992, 28.218201385116782 ], [ 85.147446568, 28.218201385116782 ], [ 85.147446568, 28.218547033677346 ], [ 85.147054356, 28.218547033677346 ], [ 85.147054356, 28.218892682237914 ], [ 85.14783878, 28.218892682237914 ], [ 85.14783878, 28.219238330798479 ], [ 85.149407628, 28.219238330798479 ], [ 85.149407628, 28.219583979359044 ], [ 85.152153112, 28.219583979359044 ], [ 85.152153112, 28.219929627919608 ] ], [ [ 85.139602328, 28.211979711026615 ], [ 85.143524448, 28.211979711026615 ], [ 85.143524448, 28.21163406246605 ], [ 85.145093296, 28.21163406246605 ], [ 85.145093296, 28.211288413905486 ], [ 85.14626993200001, 28.211288413905486 ], [ 85.14626993200001, 28.210942765344921 ], [ 85.146662144, 28.210942765344921 ], [ 85.146662144, 28.210597116784356 ], [ 85.147054356, 28.210597116784356 ], [ 85.147054356, 28.210251468223792 ], [ 85.147446568, 28.210251468223792 ], [ 85.147446568, 28.20886887398153 ], [ 85.13803348, 28.20886887398153 ], [ 85.13803348, 28.210597116784356 ], [ 85.138425692, 28.210597116784356 ], [ 85.138425692, 28.211288413905486 ], [ 85.138817904, 28.211288413905486 ], [ 85.138817904, 28.21163406246605 ], [ 85.139602328, 28.21163406246605 ], [ 85.139602328, 28.211979711026615 ] ], [ [ 85.149015416, 28.190895148832155 ], [ 85.150192052, 28.190895148832155 ], [ 85.150192052, 28.19054950027159 ], [ 85.150584264, 28.19054950027159 ], [ 85.150584264, 28.189858203150461 ], [ 85.150976476, 28.189858203150461 ], [ 85.150976476, 28.189512554589896 ], [ 85.151368688, 28.189512554589896 ], [ 85.151368688, 28.188821257468767 ], [ 85.1517609, 28.188821257468767 ], [ 85.1517609, 28.188129960347634 ], [ 85.152153112, 28.188129960347634 ], [ 85.152153112, 28.18778431178707 ], [ 85.1517609, 28.18778431178707 ], [ 85.1517609, 28.18709301466594 ], [ 85.151368688, 28.18709301466594 ], [ 85.151368688, 28.186747366105376 ], [ 85.150976476, 28.186747366105376 ], [ 85.150976476, 28.186401717544811 ], [ 85.150584264, 28.186401717544811 ], [ 85.150584264, 28.186056068984247 ], [ 85.14979984, 28.186056068984247 ], [ 85.14979984, 28.185710420423682 ], [ 85.149015416, 28.185710420423682 ], [ 85.149015416, 28.186056068984247 ], [ 85.147054356, 28.186056068984247 ], [ 85.147054356, 28.186401717544811 ], [ 85.14626993200001, 28.186401717544811 ], [ 85.14626993200001, 28.186747366105376 ], [ 85.14587772, 28.186747366105376 ], [ 85.14587772, 28.187438663226505 ], [ 85.145485508, 28.187438663226505 ], [ 85.145485508, 28.188475608908202 ], [ 85.14587772, 28.188475608908202 ], [ 85.14587772, 28.188821257468767 ], [ 85.14626993200001, 28.188821257468767 ], [ 85.14626993200001, 28.189166906029332 ], [ 85.147054356, 28.189166906029332 ], [ 85.147054356, 28.189512554589896 ], [ 85.147446568, 28.189512554589896 ], [ 85.147446568, 28.189858203150461 ], [ 85.148230992, 28.189858203150461 ], [ 85.148230992, 28.190203851711026 ], [ 85.148623204, 28.190203851711026 ], [ 85.148623204, 28.19054950027159 ], [ 85.149015416, 28.19054950027159 ], [ 85.149015416, 28.190895148832155 ] ], [ [ 85.136464632, 28.164625858229222 ], [ 85.139210116, 28.164625858229222 ], [ 85.139210116, 28.163243263986963 ], [ 85.138425692, 28.163243263986963 ], [ 85.138425692, 28.162897615426399 ], [ 85.136856844, 28.162897615426399 ], [ 85.136856844, 28.163243263986963 ], [ 85.136464632, 28.163243263986963 ], [ 85.136464632, 28.164625858229222 ] ], [ [ 85.141171176, 28.164625858229222 ], [ 85.14391666, 28.164625858229222 ], [ 85.14391666, 28.162897615426399 ], [ 85.141563388, 28.162897615426399 ], [ 85.141563388, 28.163243263986963 ], [ 85.141171176, 28.163243263986963 ], [ 85.141171176, 28.164625858229222 ] ], [ [ 85.143132236, 28.147343430200976 ], [ 85.143524448, 28.147343430200976 ], [ 85.143524448, 28.146997781640412 ], [ 85.14391666, 28.146997781640412 ], [ 85.14391666, 28.146652133079847 ], [ 85.143132236, 28.146652133079847 ], [ 85.143132236, 28.147343430200976 ] ], [ [ 85.14626993200001, 28.145615187398153 ], [ 85.146662144, 28.145615187398153 ], [ 85.146662144, 28.145269538837589 ], [ 85.147446568, 28.145269538837589 ], [ 85.147446568, 28.14492389027702 ], [ 85.14783878, 28.14492389027702 ], [ 85.14783878, 28.144578241716456 ], [ 85.148230992, 28.144578241716456 ], [ 85.148230992, 28.144232593155891 ], [ 85.148623204, 28.144232593155891 ], [ 85.148623204, 28.143541296034762 ], [ 85.148230992, 28.143541296034762 ], [ 85.148230992, 28.143195647474197 ], [ 85.14783878, 28.143195647474197 ], [ 85.14783878, 28.142849998913633 ], [ 85.147054356, 28.142849998913633 ], [ 85.147054356, 28.142504350353068 ], [ 85.14626993200001, 28.142504350353068 ], [ 85.14626993200001, 28.142849998913633 ], [ 85.14587772, 28.142849998913633 ], [ 85.14587772, 28.143195647474197 ], [ 85.145485508, 28.143195647474197 ], [ 85.145485508, 28.143541296034762 ], [ 85.145093296, 28.143541296034762 ], [ 85.145093296, 28.144578241716456 ], [ 85.145485508, 28.144578241716456 ], [ 85.145485508, 28.145269538837589 ], [ 85.14626993200001, 28.145269538837589 ], [ 85.14626993200001, 28.145615187398153 ] ], [ [ 85.140386752, 28.141813053231939 ], [ 85.140778964, 28.141813053231939 ], [ 85.140778964, 28.141467404671374 ], [ 85.141171176, 28.141467404671374 ], [ 85.141171176, 28.14112175611081 ], [ 85.13999454, 28.14112175611081 ], [ 85.13999454, 28.141467404671374 ], [ 85.140386752, 28.141467404671374 ], [ 85.140386752, 28.141813053231939 ] ] ] } },
{ "type": "Feature", "properties": { "area_m2": 11808.731375094943, "lat": 28.116105441539926, "lon": 85.237508248499992 }, "geometry": { "type": "Polygon", "coordinates": [ [ [ 85.236870904, 28.1165807083107 ], [ 85.236870904, 28.115889411189571 ], [ 85.237263116, 28.115889411189571 ], [ 85.237263116, 28.115543762629006 ], [ 85.23804754, 28.115543762629006 ], [ 85.23804754, 28.1165807083107 ], [ 85.236870904, 28.1165807083107 ] ] ] } },
{ "type": "Feature", "properties": { "area_m2": 135821.7158493514, "lat": 28.100196215130012, "lon": 85.20005413408694 }, "geometry": { "type": "Polygon", "coordinates": [ [ [ 85.199610764, 28.101717820206407 ], [ 85.199610764, 28.101372171645842 ], [ 85.19882634, 28.101372171645842 ], [ 85.19882634, 28.101026523085277 ], [ 85.198434128, 28.101026523085277 ], [ 85.198434128, 28.100680874524713 ], [ 85.197649704, 28.100680874524713 ], [ 85.197649704, 28.100335225964148 ], [ 85.196473068, 28.100335225964148 ], [ 85.196473068, 28.099989577403583 ], [ 85.195688644, 28.099989577403583 ], [ 85.195688644, 28.099643928843019 ], [ 85.196080856, 28.099643928843019 ], [ 85.196080856, 28.099298280282454 ], [ 85.203532884, 28.099298280282454 ], [ 85.203532884, 28.100335225964148 ], [ 85.203140672, 28.100335225964148 ], [ 85.203140672, 28.101026523085277 ], [ 85.201571824, 28.101026523085277 ], [ 85.201571824, 28.101372171645842 ], [ 85.200395188, 28.101372171645842 ], [ 85.200395188, 28.101717820206407 ], [ 85.199610764, 28.101717820206407 ] ] ] } },
{ "type": "Feature", "properties": { "area_m2": 473964.23507656471, "lat": 28.102632550587089, "lon": 85.044503136442344 }, "geometry": { "type": "Polygon", "coordinates": [ [ [ 85.04194154, 28.108285142857142 ], [ 85.04194154, 28.107939494296577 ], [ 85.041549328, 28.107939494296577 ], [ 85.041549328, 28.104137360130363 ], [ 85.04194154, 28.104137360130363 ], [ 85.04194154, 28.103100414448669 ], [ 85.042333752, 28.103100414448669 ], [ 85.042333752, 28.102409117327539 ], [ 85.042725964, 28.102409117327539 ], [ 85.042725964, 28.09826133460076 ], [ 85.043118176, 28.09826133460076 ], [ 85.043118176, 28.097570037479631 ], [ 85.043510388, 28.097570037479631 ], [ 85.043510388, 28.097915686040196 ], [ 85.046648084, 28.097915686040196 ], [ 85.046648084, 28.09826133460076 ], [ 85.047040296, 28.09826133460076 ], [ 85.047040296, 28.09895263172189 ], [ 85.047432508, 28.09895263172189 ], [ 85.047432508, 28.101372171645842 ], [ 85.047040296, 28.101372171645842 ], [ 85.047040296, 28.105519954372621 ], [ 85.046648084, 28.105519954372621 ], [ 85.046648084, 28.105865602933186 ], [ 85.04586366, 28.105865602933186 ], [ 85.04586366, 28.106211251493754 ], [ 85.045079236, 28.106211251493754 ], [ 85.045079236, 28.106556900054319 ], [ 85.044294812, 28.106556900054319 ], [ 85.044294812, 28.106902548614883 ], [ 85.043510388, 28.106902548614883 ], [ 85.043510388, 28.107248197175448 ], [ 85.043118176, 28.107248197175448 ], [ 85.043118176, 28.107593845736012 ], [ 85.042725964, 28.107593845736012 ], [ 85.042725964, 28.107939494296577 ], [ 85.042333752, 28.107939494296577 ], [ 85.042333752, 28.108285142857142 ], [ 85.04194154, 28.108285142857142 ] ] ] } },
{ "type": "Feature", "properties": { "area_m2": 3196017.7411929253, "lat": 28.109365434305218, "lon": 85.206388241708197 }, "geometry": { "type": "Polygon", "coordinates": [ [ [ 85.20274846, 28.118308951113523 ], [ 85.20274846, 28.117963302552958 ], [ 85.19882634, 28.117963302552958 ], [ 85.19882634, 28.117617653992394 ], [ 85.198434128, 28.117617653992394 ], [ 85.198434128, 28.117272005431829 ], [ 85.198041916, 28.117272005431829 ], [ 85.198041916, 28.116926356871264 ], [ 85.197649704, 28.116926356871264 ], [ 85.197649704, 28.115198114068441 ], [ 85.198041916, 28.115198114068441 ], [ 85.198041916, 28.114161168386744 ], [ 85.198434128, 28.114161168386744 ], [ 85.198434128, 28.113815519826179 ], [ 85.199218552, 28.113815519826179 ], [ 85.199218552, 28.11312422270505 ], [ 85.19882634, 28.11312422270505 ], [ 85.19882634, 28.112778574144485 ], [ 85.198041916, 28.112778574144485 ], [ 85.198041916, 28.112087277023356 ], [ 85.197649704, 28.112087277023356 ], [ 85.197649704, 28.111395979902227 ], [ 85.197257492, 28.111395979902227 ], [ 85.197257492, 28.108976439978271 ], [ 85.19686528, 28.108976439978271 ], [ 85.19686528, 28.107939494296577 ], [ 85.196473068, 28.107939494296577 ], [ 85.196473068, 28.108285142857142 ], [ 85.196080856, 28.108285142857142 ], [ 85.196080856, 28.108976439978271 ], [ 85.195296432, 28.108976439978271 ], [ 85.195296432, 28.109322088538836 ], [ 85.193335372, 28.109322088538836 ], [ 85.193335372, 28.1096677370994 ], [ 85.192550948, 28.1096677370994 ], [ 85.192550948, 28.110013385659965 ], [ 85.191766524, 28.110013385659965 ], [ 85.191766524, 28.110359034220529 ], [ 85.191374312, 28.110359034220529 ], [ 85.191374312, 28.110704682781098 ], [ 85.190197676, 28.110704682781098 ], [ 85.190197676, 28.110359034220529 ], [ 85.189805464, 28.110359034220529 ], [ 85.189805464, 28.110013385659965 ], [ 85.190197676, 28.110013385659965 ], [ 85.190197676, 28.109322088538836 ], [ 85.190589888, 28.109322088538836 ], [ 85.190589888, 28.108285142857142 ], [ 85.1909821, 28.108285142857142 ], [ 85.1909821, 28.107593845736012 ], [ 85.191374312, 28.107593845736012 ], [ 85.191374312, 28.107248197175448 ], [ 85.191766524, 28.107248197175448 ], [ 85.191766524, 28.106556900054319 ], [ 85.192158736, 28.106556900054319 ], [ 85.192158736, 28.106211251493754 ], [ 85.192550948, 28.106211251493754 ], [ 85.192550948, 28.105865602933186 ], [ 85.19294316, 28.105865602933186 ], [ 85.19294316, 28.105519954372621 ], [ 85.193727584, 28.105519954372621 ], [ 85.193727584, 28.105174305812056 ], [ 85.194512008, 28.105174305812056 ], [ 85.194512008, 28.104828657251492 ], [ 85.195688644, 28.104828657251492 ], [ 85.195688644, 28.104483008690927 ], [ 85.197257492, 28.104483008690927 ], [ 85.197257492, 28.104828657251492 ], [ 85.197649704, 28.104828657251492 ], [ 85.197649704, 28.105519954372621 ], [ 85.198041916, 28.105519954372621 ], [ 85.198041916, 28.105865602933186 ], [ 85.198434128, 28.105865602933186 ], [ 85.198434128, 28.106211251493754 ], [ 85.199218552, 28.106211251493754 ], [ 85.199218552, 28.106556900054319 ], [ 85.200395188, 28.106556900054319 ], [ 85.200395188, 28.106211251493754 ], [ 85.201179612, 28.106211251493754 ], [ 85.201179612, 28.105865602933186 ], [ 85.201964036, 28.105865602933186 ], [ 85.201964036, 28.105519954372621 ], [ 85.20274846, 28.105519954372621 ], [ 85.20274846, 28.105174305812056 ], [ 85.203532884, 28.105174305812056 ], [ 85.203532884, 28.104137360130363 ], [ 85.203925096, 28.104137360130363 ], [ 85.203925096, 28.103791711569798 ], [ 85.20470952, 28.103791711569798 ], [ 85.20470952, 28.103446063009233 ], [ 85.206278368, 28.103446063009233 ], [ 85.206278368, 28.103100414448669 ], [ 85.20667058, 28.103100414448669 ], [ 85.20667058, 28.102754765888104 ], [ 85.207062792, 28.102754765888104 ], [ 85.207062792, 28.102063468766975 ], [ 85.207847216, 28.102063468766975 ], [ 85.207847216, 28.101717820206407 ], [ 85.20941606400001, 28.101717820206407 ], [ 85.20941606400001, 28.101372171645842 ], [ 85.211769336, 28.101372171645842 ], [ 85.211769336, 28.099298280282454 ], [ 85.212161548, 28.099298280282454 ], [ 85.212161548, 28.097570037479631 ], [ 85.21255376, 28.097570037479631 ], [ 85.21255376, 28.09895263172189 ], [ 85.212945972, 28.09895263172189 ], [ 85.212945972, 28.099298280282454 ], [ 85.213730396, 28.099298280282454 ], [ 85.213730396, 28.099643928843019 ], [ 85.216083668, 28.099643928843019 ], [ 85.216083668, 28.099989577403583 ], [ 85.21647588, 28.099989577403583 ], [ 85.21647588, 28.100335225964148 ], [ 85.216868092, 28.100335225964148 ], [ 85.216868092, 28.100680874524713 ], [ 85.217260304, 28.100680874524713 ], [ 85.217260304, 28.102063468766975 ], [ 85.217652516, 28.102063468766975 ], [ 85.217652516, 28.103791711569798 ], [ 85.217260304, 28.103791711569798 ], [ 85.217260304, 28.105174305812056 ], [ 85.216868092, 28.105174305812056 ], [ 85.216868092, 28.107248197175448 ], [ 85.21647588, 28.107248197175448 ], [ 85.21647588, 28.108285142857142 ], [ 85.216868092, 28.108285142857142 ], [ 85.216868092, 28.110359034220529 ], [ 85.217260304, 28.110359034220529 ], [ 85.217260304, 28.110704682781098 ], [ 85.216868092, 28.110704682781098 ], [ 85.216868092, 28.111395979902227 ], [ 85.21647588, 28.111395979902227 ], [ 85.21647588, 28.111741628462791 ], [ 85.216083668, 28.111741628462791 ], [ 85.216083668, 28.112087277023356 ], [ 85.215691456, 28.112087277023356 ], [ 85.215691456, 28.112432925583921 ], [ 85.213730396, 28.112432925583921 ], [ 85.213730396, 28.112778574144485 ], [ 85.21255376, 28.112778574144485 ], [ 85.21255376, 28.11312422270505 ], [ 85.212161548, 28.11312422270505 ], [ 85.212161548, 28.113469871265615 ], [ 85.211769336, 28.113469871265615 ], [ 85.211769336, 28.114161168386744 ], [ 85.212161548, 28.114161168386744 ], [ 85.212161548, 28.115198114068441 ], [ 85.21255376, 28.115198114068441 ], [ 85.21255376, 28.115889411189571 ], [ 85.212945972, 28.115889411189571 ], [ 85.212945972, 28.1165807083107 ], [ 85.21255376, 28.1165807083107 ], [ 85.21255376, 28.117272005431829 ], [ 85.212161548, 28.117272005431829 ], [ 85.212161548, 28.117617653992394 ], [ 85.211769336, 28.117617653992394 ], [ 85.211769336, 28.117963302552958 ], [ 85.210984912, 28.117963302552958 ], [ 85.210984912, 28.118308951113523 ], [ 85.20863164, 28.118308951113523 ], [ 85.20863164, 28.117963302552958 ], [ 85.207847216, 28.117963302552958 ], [ 85.207847216, 28.117617653992394 ], [ 85.204317308, 28.117617653992394 ], [ 85.204317308, 28.117963302552958 ], [ 85.203140672, 28.117963302552958 ], [ 85.203140672, 28.118308951113523 ], [ 85.20274846, 28.118308951113523 ] ], [ [ 85.212161548, 28.103100414448669 ], [ 85.213338184, 28.103100414448669 ], [ 85.213338184, 28.102754765888104 ], [ 85.213730396, 28.102754765888104 ], [ 85.213730396, 28.102063468766975 ], [ 85.212945972, 28.102063468766975 ], [ 85.212945972, 28.101717820206407 ], [ 85.212161548, 28.101717820206407 ], [ 85.212161548, 28.102063468766975 ], [ 85.211769336, 28.102063468766975 ], [ 85.211769336, 28.102409117327539 ], [ 85.212161548, 28.102409117327539 ], [ 85.212161548, 28.103100414448669 ] ] ] } },
{ "type": "Feature", "properties": { "area_m2": 862024.44611072703, "lat": 28.104526214760998, "lon": 85.387066608931491 }, "geometry": { "type": "Polygon", "coordinates": [ [ [ 85.384734828, 28.112432925583921 ], [ 85.384734828, 28.111741628462791 ], [ 85.384342616, 28.111741628462791 ], [ 85.384342616, 28.110359034220529 ], [ 85.383950404, 28.110359034220529 ], [ 85.383950404, 28.108976439978271 ], [ 85.38355819200001, 28.108976439978271 ], [ 85.38355819200001, 28.106556900054319 ], [ 85.383950404, 28.106556900054319 ], [ 85.383950404, 28.104828657251492 ], [ 85.384342616, 28.104828657251492 ], [ 85.384342616, 28.099643928843019 ], [ 85.384734828, 28.099643928843019 ], [ 85.384734828, 28.099298280282454 ], [ 85.38512704, 28.099298280282454 ], [ 85.38512704, 28.09895263172189 ], [ 85.385519252, 28.09895263172189 ], [ 85.385519252, 28.098606983161325 ], [ 85.385911464, 28.098606983161325 ], [ 85.385911464, 28.09826133460076 ], [ 85.386303676, 28.09826133460076 ], [ 85.386303676, 28.097915686040196 ], [ 85.3870881, 28.097915686040196 ], [ 85.3870881, 28.097570037479631 ], [ 85.388264736, 28.097570037479631 ], [ 85.388264736, 28.097224388919063 ], [ 85.389441372, 28.097224388919063 ], [ 85.389441372, 28.097570037479631 ], [ 85.391402432, 28.097570037479631 ], [ 85.391402432, 28.100335225964148 ], [ 85.39101022, 28.100335225964148 ], [ 85.39101022, 28.100680874524713 ], [ 85.390618008, 28.100680874524713 ], [ 85.390618008, 28.101026523085277 ], [ 85.39022579600001, 28.101026523085277 ], [ 85.39022579600001, 28.101372171645842 ], [ 85.389833584, 28.101372171645842 ], [ 85.389833584, 28.102063468766975 ], [ 85.389441372, 28.102063468766975 ], [ 85.389441372, 28.102409117327539 ], [ 85.38904916, 28.102409117327539 ], [ 85.38904916, 28.102754765888104 ], [ 85.389441372, 28.102754765888104 ], [ 85.389441372, 28.108630791417706 ], [ 85.38904916, 28.108630791417706 ], [ 85.38904916, 28.1096677370994 ], [ 85.388656948, 28.1096677370994 ], [ 85.388656948, 28.111050331341662 ], [ 85.388264736, 28.111050331341662 ], [ 85.388264736, 28.111741628462791 ], [ 85.387872524, 28.111741628462791 ], [ 85.387872524, 28.112087277023356 ], [ 85.3870881, 28.112087277023356 ], [ 85.3870881, 28.112432925583921 ], [ 85.384734828, 28.112432925583921 ] ] ] } },
{ "type": "Feature", "properties": { "area_m2": 304189.42309567146, "lat": 28.093566554637345, "lon": 85.043893080291269 }, "geometry": { "type": "Polygon", "coordinates": [ [ [ 85.042333752, 28.095841794676804 ], [ 85.042333752, 28.09549614611624 ], [ 85.041549328, 28.09549614611624 ], [ 85.041549328, 28.095150497555675 ], [ 85.040764904, 28.095150497555675 ], [ 85.040764904, 28.094804848995111 ], [ 85.040372692, 28.094804848995111 ], [ 85.040372692, 28.094459200434546 ], [ 85.039196056, 28.094459200434546 ], [ 85.039196056, 28.094113551873981 ], [ 85.038803844, 28.094113551873981 ], [ 85.038803844, 28.093422254752852 ], [ 85.03998048, 28.093422254752852 ], [ 85.03998048, 28.093076606192284 ], [ 85.040764904, 28.093076606192284 ], [ 85.040764904, 28.092730957631719 ], [ 85.041157116, 28.092730957631719 ], [ 85.041157116, 28.092385309071155 ], [ 85.041549328, 28.092385309071155 ], [ 85.041549328, 28.09203966051059 ], [ 85.042333752, 28.09203966051059 ], [ 85.042333752, 28.091694011950025 ], [ 85.042725964, 28.091694011950025 ], [ 85.042725964, 28.091348363389461 ], [ 85.045079236, 28.091348363389461 ], [ 85.045079236, 28.091694011950025 ], [ 85.047040296, 28.091694011950025 ], [ 85.047040296, 28.09203966051059 ], [ 85.04782472, 28.09203966051059 ], [ 85.04782472, 28.092385309071155 ], [ 85.048216932, 28.092385309071155 ], [ 85.048216932, 28.092730957631719 ], [ 85.048609144, 28.092730957631719 ], [ 85.048609144, 28.093076606192284 ], [ 85.048216932, 28.093076606192284 ], [ 85.048216932, 28.093422254752852 ], [ 85.04782472, 28.093422254752852 ], [ 85.04782472, 28.093767903313417 ], [ 85.047432508, 28.093767903313417 ], [ 85.047432508, 28.094113551873981 ], [ 85.047040296, 28.094113551873981 ], [ 85.047040296, 28.094804848995111 ], [ 85.046648084, 28.094804848995111 ], [ 85.046648084, 28.095150497555675 ], [ 85.04586366, 28.095150497555675 ], [ 85.04586366, 28.09549614611624 ], [ 85.044294812, 28.09549614611624 ], [ 85.044294812, 28.095841794676804 ], [ 85.042333752, 28.095841794676804 ] ] ] } },
{ "type": "Feature", "properties": { "area_m2": 4428.6847558774271, "lat": 28.091405971482889, "lon": 85.403626372666679 }, "geometry": { "type": "Polygon", "coordinates": [ [ [ 85.403168792, 28.091694011950025 ], [ 85.403168792, 28.091348363389461 ], [ 85.403561004, 28.091348363389461 ], [ 85.403561004, 28.091002714828896 ], [ 85.403953216, 28.091002714828896 ], [ 85.403953216, 28.091694011950025 ], [ 85.403168792, 28.091694011950025 ] ] ] } },
{ "type": "Feature", "properties": { "area_m2": 54636.949178651819, "lat": 28.088298248388799, "lon": 85.07791374059461 }, "geometry": { "type": "Polygon", "coordinates": [ [ [ 85.076848408, 28.089274472026073 ], [ 85.076848408, 28.088928823465508 ], [ 85.076456196, 28.088928823465508 ], [ 85.076456196, 28.087891877783811 ], [ 85.076848408, 28.087891877783811 ], [ 85.076848408, 28.087546229223246 ], [ 85.07724062, 28.087546229223246 ], [ 85.07724062, 28.087200580662682 ], [ 85.078809468, 28.087200580662682 ], [ 85.078809468, 28.087546229223246 ], [ 85.07920168, 28.087546229223246 ], [ 85.07920168, 28.089274472026073 ], [ 85.076848408, 28.089274472026073 ] ] ] } },
{ "type": "Feature", "properties": { "area_m2": 7070120.1462750044, "lat": 28.097526912607048, "lon": 85.249717628292913 }, "geometry": { "type": "Polygon", "coordinates": [ [ [ 85.252951596, 28.114852465507877 ], [ 85.252951596, 28.114506816947308 ], [ 85.252167172, 28.114506816947308 ], [ 85.252167172, 28.114161168386744 ], [ 85.25177496, 28.114161168386744 ], [ 85.25177496, 28.113815519826179 ], [ 85.251382748, 28.113815519826179 ], [ 85.251382748, 28.111741628462791 ], [ 85.250990536, 28.111741628462791 ], [ 85.250990536, 28.110359034220529 ], [ 85.250598324, 28.110359034220529 ], [ 85.250598324, 28.110013385659965 ], [ 85.250206112, 28.110013385659965 ], [ 85.250206112, 28.1096677370994 ], [ 85.2498139, 28.1096677370994 ], [ 85.2498139, 28.109322088538836 ], [ 85.24863726400001, 28.109322088538836 ], [ 85.24863726400001, 28.108976439978271 ], [ 85.247460628, 28.108976439978271 ], [ 85.247460628, 28.108630791417706 ], [ 85.246676204, 28.108630791417706 ], [ 85.246676204, 28.108285142857142 ], [ 85.246283992, 28.108285142857142 ], [ 85.246283992, 28.107939494296577 ], [ 85.24589178, 28.107939494296577 ], [ 85.24589178, 28.107593845736012 ], [ 85.245499568, 28.107593845736012 ], [ 85.245499568, 28.107248197175448 ], [ 85.245107356, 28.107248197175448 ], [ 85.245107356, 28.106902548614883 ], [ 85.244322932, 28.106902548614883 ], [ 85.244322932, 28.106556900054319 ], [ 85.243146296, 28.106556900054319 ], [ 85.243146296, 28.106902548614883 ], [ 85.242361872, 28.106902548614883 ], [ 85.242361872, 28.107248197175448 ], [ 85.241577448, 28.107248197175448 ], [ 85.241577448, 28.107593845736012 ], [ 85.241185236, 28.107593845736012 ], [ 85.241185236, 28.107939494296577 ], [ 85.240793024, 28.107939494296577 ], [ 85.240793024, 28.108285142857142 ], [ 85.24000860000001, 28.108285142857142 ], [ 85.24000860000001, 28.108630791417706 ], [ 85.239224176, 28.108630791417706 ], [ 85.239224176, 28.108976439978271 ], [ 85.238439752, 28.108976439978271 ], [ 85.238439752, 28.109322088538836 ], [ 85.236870904, 28.109322088538836 ], [ 85.236870904, 28.108976439978271 ], [ 85.235694268, 28.108976439978271 ], [ 85.235694268, 28.108630791417706 ], [ 85.234909844, 28.108630791417706 ], [ 85.234909844, 28.108285142857142 ], [ 85.234517632, 28.108285142857142 ], [ 85.234517632, 28.107939494296577 ], [ 85.23412542, 28.107939494296577 ], [ 85.23412542, 28.107593845736012 ], [ 85.233733208, 28.107593845736012 ], [ 85.233733208, 28.106902548614883 ], [ 85.23334099600001, 28.106902548614883 ], [ 85.23334099600001, 28.106556900054319 ], [ 85.232948784, 28.106556900054319 ], [ 85.232948784, 28.106211251493754 ], [ 85.232556572, 28.106211251493754 ], [ 85.232556572, 28.105865602933186 ], [ 85.23216436, 28.105865602933186 ], [ 85.23216436, 28.105519954372621 ], [ 85.231772148, 28.105519954372621 ], [ 85.231772148, 28.104828657251492 ], [ 85.23216436, 28.104828657251492 ], [ 85.23216436, 28.104483008690927 ], [ 85.232556572, 28.104483008690927 ], [ 85.232556572, 28.104137360130363 ], [ 85.232948784, 28.104137360130363 ], [ 85.232948784, 28.103791711569798 ], [ 85.23334099600001, 28.103791711569798 ], [ 85.23334099600001, 28.103100414448669 ], [ 85.233733208, 28.103100414448669 ], [ 85.233733208, 28.102409117327539 ], [ 85.23412542, 28.102409117327539 ], [ 85.23412542, 28.101026523085277 ], [ 85.234517632, 28.101026523085277 ], [ 85.234517632, 28.09895263172189 ], [ 85.23412542, 28.09895263172189 ], [ 85.23412542, 28.096533091797934 ], [ 85.234517632, 28.096533091797934 ], [ 85.234517632, 28.094113551873981 ], [ 85.234909844, 28.094113551873981 ], [ 85.234909844, 28.093767903313417 ], [ 85.235302056, 28.093767903313417 ], [ 85.235302056, 28.093076606192284 ], [ 85.235694268, 28.093076606192284 ], [ 85.235694268, 28.092730957631719 ], [ 85.23608648, 28.092730957631719 ], [ 85.23608648, 28.092385309071155 ], [ 85.236870904, 28.092385309071155 ], [ 85.236870904, 28.09203966051059 ], [ 85.237263116, 28.09203966051059 ], [ 85.237263116, 28.091694011950025 ], [ 85.243538508, 28.091694011950025 ], [ 85.243538508, 28.091348363389461 ], [ 85.242361872, 28.091348363389461 ], [ 85.242361872, 28.091002714828896 ], [ 85.24000860000001, 28.091002714828896 ], [ 85.24000860000001, 28.090657066268331 ], [ 85.239616388, 28.090657066268331 ], [ 85.239616388, 28.089274472026073 ], [ 85.239224176, 28.089274472026073 ], [ 85.239224176, 28.086854932102117 ], [ 85.238831964, 28.086854932102117 ], [ 85.238831964, 28.086163634980988 ], [ 85.238439752, 28.086163634980988 ], [ 85.238439752, 28.085817986420423 ], [ 85.23804754, 28.085817986420423 ], [ 85.23804754, 28.084781040738729 ], [ 85.237655328, 28.084781040738729 ], [ 85.237655328, 28.084089743617596 ], [ 85.237263116, 28.084089743617596 ], [ 85.237263116, 28.082361500814773 ], [ 85.23804754, 28.082361500814773 ], [ 85.23804754, 28.082707149375338 ], [ 85.238831964, 28.082707149375338 ], [ 85.238831964, 28.083052797935903 ], [ 85.239224176, 28.083052797935903 ], [ 85.239224176, 28.083398446496467 ], [ 85.24785284, 28.083398446496467 ], [ 85.24785284, 28.083052797935903 ], [ 85.24863726400001, 28.083052797935903 ], [ 85.24863726400001, 28.082707149375338 ], [ 85.249029476, 28.082707149375338 ], [ 85.249029476, 28.082361500814773 ], [ 85.2498139, 28.082361500814773 ], [ 85.2498139, 28.082015852254209 ], [ 85.250206112, 28.082015852254209 ], [ 85.250206112, 28.082361500814773 ], [ 85.250990536, 28.082361500814773 ], [ 85.250990536, 28.083052797935903 ], [ 85.251382748, 28.083052797935903 ], [ 85.251382748, 28.084089743617596 ], [ 85.25177496, 28.084089743617596 ], [ 85.25177496, 28.084781040738729 ], [ 85.252167172, 28.084781040738729 ], [ 85.252167172, 28.085472337859859 ], [ 85.252559384, 28.085472337859859 ], [ 85.252559384, 28.086163634980988 ], [ 85.252951596, 28.086163634980988 ], [ 85.252951596, 28.086509283541552 ], [ 85.254520444, 28.086509283541552 ], [ 85.254520444, 28.086163634980988 ], [ 85.255304868, 28.086163634980988 ], [ 85.255304868, 28.085817986420423 ], [ 85.256089292, 28.085817986420423 ], [ 85.256089292, 28.085472337859859 ], [ 85.256481504, 28.085472337859859 ], [ 85.256481504, 28.085126689299294 ], [ 85.256873716, 28.085126689299294 ], [ 85.256873716, 28.085472337859859 ], [ 85.258834776, 28.085472337859859 ], [ 85.258834776, 28.085817986420423 ], [ 85.260011412, 28.085817986420423 ], [ 85.260011412, 28.085472337859859 ], [ 85.260403624, 28.085472337859859 ], [ 85.260403624, 28.085126689299294 ], [ 85.261188048, 28.085126689299294 ], [ 85.261188048, 28.084781040738729 ], [ 85.26158026, 28.084781040738729 ], [ 85.26158026, 28.084435392178161 ], [ 85.262364684, 28.084435392178161 ], [ 85.262364684, 28.084089743617596 ], [ 85.26354132, 28.084089743617596 ], [ 85.26354132, 28.084435392178161 ], [ 85.264717956, 28.084435392178161 ], [ 85.264717956, 28.084781040738729 ], [ 85.26550238, 28.084781040738729 ], [ 85.26550238, 28.085126689299294 ], [ 85.265894592, 28.085126689299294 ], [ 85.265894592, 28.085472337859859 ], [ 85.266286804, 28.085472337859859 ], [ 85.266286804, 28.085817986420423 ], [ 85.266679016, 28.085817986420423 ], [ 85.266679016, 28.086509283541552 ], [ 85.267071228, 28.086509283541552 ], [ 85.267071228, 28.091348363389461 ], [ 85.266679016, 28.091348363389461 ], [ 85.266679016, 28.091694011950025 ], [ 85.266286804, 28.091694011950025 ], [ 85.266286804, 28.09203966051059 ], [ 85.264717956, 28.09203966051059 ], [ 85.264717956, 28.091694011950025 ], [ 85.26354132, 28.091694011950025 ], [ 85.26354132, 28.091348363389461 ], [ 85.263149108, 28.091348363389461 ], [ 85.263149108, 28.091002714828896 ], [ 85.261188048, 28.091002714828896 ], [ 85.261188048, 28.091348363389461 ], [ 85.260795836, 28.091348363389461 ], [ 85.260795836, 28.094113551873981 ], [ 85.261188048, 28.094113551873981 ], [ 85.261188048, 28.094459200434546 ], [ 85.26158026, 28.094459200434546 ], [ 85.26158026, 28.09549614611624 ], [ 85.261972472, 28.09549614611624 ], [ 85.261972472, 28.097224388919063 ], [ 85.26158026, 28.097224388919063 ], [ 85.26158026, 28.097915686040196 ], [ 85.261972472, 28.097915686040196 ], [ 85.261972472, 28.098606983161325 ], [ 85.262364684, 28.098606983161325 ], [ 85.262364684, 28.09895263172189 ], [ 85.262756896, 28.09895263172189 ], [ 85.262756896, 28.099298280282454 ], [ 85.263149108, 28.099298280282454 ], [ 85.263149108, 28.099643928843019 ], [ 85.26354132, 28.099643928843019 ], [ 85.26354132, 28.100335225964148 ], [ 85.263149108, 28.100335225964148 ], [ 85.263149108, 28.102754765888104 ], [ 85.26354132, 28.102754765888104 ], [ 85.26354132, 28.103100414448669 ], [ 85.26393353200001, 28.103100414448669 ], [ 85.26393353200001, 28.103446063009233 ], [ 85.264325744, 28.103446063009233 ], [ 85.264325744, 28.104137360130363 ], [ 85.264717956, 28.104137360130363 ], [ 85.264717956, 28.108285142857142 ], [ 85.264325744, 28.108285142857142 ], [ 85.264325744, 28.108630791417706 ], [ 85.263149108, 28.108630791417706 ], [ 85.263149108, 28.108976439978271 ], [ 85.26158026, 28.108976439978271 ], [ 85.26158026, 28.109322088538836 ], [ 85.2596192, 28.109322088538836 ], [ 85.2596192, 28.1096677370994 ], [ 85.259226988, 28.1096677370994 ], [ 85.259226988, 28.110013385659965 ], [ 85.258834776, 28.110013385659965 ], [ 85.258834776, 28.110359034220529 ], [ 85.258442564, 28.110359034220529 ], [ 85.258442564, 28.110704682781098 ], [ 85.258050352, 28.110704682781098 ], [ 85.258050352, 28.111395979902227 ], [ 85.25765814, 28.111395979902227 ], [ 85.25765814, 28.112087277023356 ], [ 85.25726592800001, 28.112087277023356 ], [ 85.25726592800001, 28.113469871265615 ], [ 85.256873716, 28.113469871265615 ], [ 85.256873716, 28.114161168386744 ], [ 85.256089292, 28.114161168386744 ], [ 85.256089292, 28.114506816947308 ], [ 85.254128232, 28.114506816947308 ], [ 85.254128232, 28.114852465507877 ], [ 85.252951596, 28.114852465507877 ] ], [ [ 85.246676204, 28.104137360130363 ], [ 85.247068416, 28.104137360130363 ], [ 85.247068416, 28.103791711569798 ], [ 85.24785284, 28.103791711569798 ], [ 85.24785284, 28.103446063009233 ], [ 85.24863726400001, 28.103446063009233 ], [ 85.24863726400001, 28.103100414448669 ], [ 85.2498139, 28.103100414448669 ], [ 85.2498139, 28.102754765888104 ], [ 85.250206112, 28.102754765888104 ], [ 85.250206112, 28.102409117327539 ], [ 85.250598324, 28.102409117327539 ], [ 85.250598324, 28.102063468766975 ], [ 85.250990536, 28.102063468766975 ], [ 85.250990536, 28.101372171645842 ], [ 85.251382748, 28.101372171645842 ], [ 85.251382748, 28.100680874524713 ], [ 85.25177496, 28.100680874524713 ], [ 85.25177496, 28.100335225964148 ], [ 85.252167172, 28.100335225964148 ], [ 85.252167172, 28.099643928843019 ], [ 85.252559384, 28.099643928843019 ], [ 85.252559384, 28.09895263172189 ], [ 85.252951596, 28.09895263172189 ], [ 85.252951596, 28.098606983161325 ], [ 85.253343808, 28.098606983161325 ], [ 85.253343808, 28.09826133460076 ], [ 85.254520444, 28.09826133460076 ], [ 85.254520444, 28.098606983161325 ], [ 85.256873716, 28.098606983161325 ], [ 85.256873716, 28.09826133460076 ], [ 85.25765814, 28.09826133460076 ], [ 85.25765814, 28.097570037479631 ], [ 85.258050352, 28.097570037479631 ], [ 85.258050352, 28.09549614611624 ], [ 85.258442564, 28.09549614611624 ], [ 85.258442564, 28.094459200434546 ], [ 85.258834776, 28.094459200434546 ], [ 85.258834776, 28.092730957631719 ], [ 85.258442564, 28.092730957631719 ], [ 85.258442564, 28.09203966051059 ], [ 85.25765814, 28.09203966051059 ], [ 85.25765814, 28.091694011950025 ], [ 85.256481504, 28.091694011950025 ], [ 85.256481504, 28.09203966051059 ], [ 85.256089292, 28.09203966051059 ], [ 85.256089292, 28.092385309071155 ], [ 85.25569708, 28.092385309071155 ], [ 85.25569708, 28.092730957631719 ], [ 85.255304868, 28.092730957631719 ], [ 85.255304868, 28.093076606192284 ], [ 85.254520444, 28.093076606192284 ], [ 85.254520444, 28.093422254752852 ], [ 85.253343808, 28.093422254752852 ], [ 85.253343808, 28.093767903313417 ], [ 85.252559384, 28.093767903313417 ], [ 85.252559384, 28.094459200434546 ], [ 85.252167172, 28.094459200434546 ], [ 85.252167172, 28.094804848995111 ], [ 85.25177496, 28.094804848995111 ], [ 85.25177496, 28.095150497555675 ], [ 85.251382748, 28.095150497555675 ], [ 85.251382748, 28.09549614611624 ], [ 85.2498139, 28.09549614611624 ], [ 85.2498139, 28.095841794676804 ], [ 85.249029476, 28.095841794676804 ], [ 85.249029476, 28.096187443237369 ], [ 85.248245052, 28.096187443237369 ], [ 85.248245052, 28.096878740358498 ], [ 85.24785284, 28.096878740358498 ], [ 85.24785284, 28.097224388919063 ], [ 85.247460628, 28.097224388919063 ], [ 85.247460628, 28.097915686040196 ], [ 85.246676204, 28.097915686040196 ], [ 85.246676204, 28.09826133460076 ], [ 85.246283992, 28.09826133460076 ], [ 85.246283992, 28.098606983161325 ], [ 85.24589178, 28.098606983161325 ], [ 85.24589178, 28.09895263172189 ], [ 85.245499568, 28.09895263172189 ], [ 85.245499568, 28.099643928843019 ], [ 85.245107356, 28.099643928843019 ], [ 85.245107356, 28.102409117327539 ], [ 85.245499568, 28.102409117327539 ], [ 85.245499568, 28.102754765888104 ], [ 85.24589178, 28.102754765888104 ], [ 85.24589178, 28.103100414448669 ], [ 85.246283992, 28.103100414448669 ], [ 85.246283992, 28.103446063009233 ], [ 85.246676204, 28.103446063009233 ], [ 85.246676204, 28.104137360130363 ] ], [ [ 85.246676204, 28.092385309071155 ], [ 85.247068416, 28.092385309071155 ], [ 85.247068416, 28.09203966051059 ], [ 85.247460628, 28.09203966051059 ], [ 85.247460628, 28.091694011950025 ], [ 85.24785284, 28.091694011950025 ], [ 85.24785284, 28.091002714828896 ], [ 85.247460628, 28.091002714828896 ], [ 85.247460628, 28.090657066268331 ], [ 85.246676204, 28.090657066268331 ], [ 85.246676204, 28.091002714828896 ], [ 85.245499568, 28.091002714828896 ], [ 85.245499568, 28.091348363389461 ], [ 85.244322932, 28.091348363389461 ], [ 85.244322932, 28.091694011950025 ], [ 85.24589178, 28.091694011950025 ], [ 85.24589178, 28.09203966051059 ], [ 85.246676204, 28.09203966051059 ], [ 85.246676204, 28.092385309071155 ] ] ] } },
{ "type": "Feature", "properties": { "area_m2": 14760.707400644955, "lat": 28.080356739163495, "lon": 85.701759787599983 }, "geometry": { "type": "Polygon", "coordinates": [ [ [ 85.701642124, 28.080978906572515 ], [ 85.701642124, 28.08063325801195 ], [ 85.7008577, 28.08063325801195 ], [ 85.7008577, 28.079941960890817 ], [ 85.702426548, 28.079941960890817 ], [ 85.702426548, 28.080287609451386 ], [ 85.70281876, 28.080287609451386 ], [ 85.70281876, 28.08063325801195 ], [ 85.702034336, 28.08063325801195 ], [ 85.702034336, 28.080978906572515 ], [ 85.701642124, 28.080978906572515 ] ] ] } },
{ "type": "Feature", "properties": { "area_m2": 1476.1113078330206, "lat": 28.077695245247149, "lon": 85.698700534000011 }, "geometry": { "type": "Polygon", "coordinates": [ [ [ 85.698504428, 28.07786806952743 ], [ 85.698504428, 28.077522420966865 ], [ 85.69889664, 28.077522420966865 ], [ 85.69889664, 28.07786806952743 ], [ 85.698504428, 28.07786806952743 ] ] ] } },
{ "type": "Feature", "properties": { "area_m2": 23625.848800519689, "lat": 28.074908453727591, "lon": 85.262683356249994 }, "geometry": { "type": "Polygon", "coordinates": [ [ [ 85.262364684, 28.076139826724607 ], [ 85.262364684, 28.075102881042909 ], [ 85.261972472, 28.075102881042909 ], [ 85.261972472, 28.07441158392178 ], [ 85.262364684, 28.07441158392178 ], [ 85.262364684, 28.073720286800651 ], [ 85.263149108, 28.073720286800651 ], [ 85.263149108, 28.076139826724607 ], [ 85.262364684, 28.076139826724607 ] ] ] } },
{ "type": "Feature", "properties": { "area_m2": 11809.984836197789, "lat": 28.06646166702879, "lon": 85.71458512 }, "geometry": { "type": "Polygon", "coordinates": [ [ [ 85.714192908, 28.067152964149919 ], [ 85.714192908, 28.065770369907657 ], [ 85.714977332, 28.065770369907657 ], [ 85.714977332, 28.067152964149919 ], [ 85.714192908, 28.067152964149919 ] ] ] } },
{ "type": "Feature", "properties": { "area_m2": 11813.489823624308, "lat": 28.066332048818577, "lon": 85.300262168500012 }, "geometry": { "type": "Polygon", "coordinates": [ [ [ 85.299624824, 28.066807315589351 ], [ 85.299624824, 28.066116018468222 ], [ 85.300017036, 28.066116018468222 ], [ 85.300017036, 28.065770369907657 ], [ 85.30080146, 28.065770369907657 ], [ 85.30080146, 28.066807315589351 ], [ 85.299624824, 28.066807315589351 ] ] ] } },
{ "type": "Feature", "properties": { "area_m2": 2953.8429194211726, "lat": 28.063696478544273, "lon": 85.140190646000008 }, "geometry": { "type": "Polygon", "coordinates": [ [ [ 85.13999454, 28.064042127104834 ], [ 85.13999454, 28.063350829983705 ], [ 85.140386752, 28.063350829983705 ], [ 85.140386752, 28.064042127104834 ], [ 85.13999454, 28.064042127104834 ] ] ] } },
{ "type": "Feature", "properties": { "area_m2": 23637.448172416825, "lat": 28.061082511304999, "lon": 84.867309147 }, "geometry": { "type": "Polygon", "coordinates": [ [ [ 84.867014988, 28.061968235741443 ], [ 84.867014988, 28.061622587180878 ], [ 84.866622776, 28.061622587180878 ], [ 84.866622776, 28.061276938620313 ], [ 84.866230564, 28.061276938620313 ], [ 84.866230564, 28.060931290059749 ], [ 84.866622776, 28.060931290059749 ], [ 84.866622776, 28.060585641499184 ], [ 84.867014988, 28.060585641499184 ], [ 84.867014988, 28.060239992938619 ], [ 84.867799412, 28.060239992938619 ], [ 84.867799412, 28.060585641499184 ], [ 84.868191624, 28.060585641499184 ], [ 84.868191624, 28.061276938620313 ], [ 84.867799412, 28.061276938620313 ], [ 84.867799412, 28.061968235741443 ], [ 84.867014988, 28.061968235741443 ] ] ] } },
{ "type": "Feature", "properties": { "area_m2": 19198.495734775224, "lat": 28.058392102557143, "lon": 85.287783038615402 }, "geometry": { "type": "Polygon", "coordinates": [ [ [ 85.28785846400001, 28.05954869581749 ], [ 85.28785846400001, 28.059203047256926 ], [ 85.287466252, 28.059203047256926 ], [ 85.287466252, 28.058511750135793 ], [ 85.28707404, 28.058511750135793 ], [ 85.28707404, 28.057820453014664 ], [ 85.287466252, 28.057820453014664 ], [ 85.287466252, 28.057474804454099 ], [ 85.288250676, 28.057474804454099 ], [ 85.288250676, 28.05954869581749 ], [ 85.28785846400001, 28.05954869581749 ] ] ] } },
{ "type": "Feature", "properties": { "area_m2": 2497168.1275078645, "lat": 28.064645632353244, "lon": 85.273167909564791 }, "geometry": { "type": "Polygon", "coordinates": [ [ [ 85.274915468, 28.075794178164038 ], [ 85.274915468, 28.075102881042909 ], [ 85.274523256, 28.075102881042909 ], [ 85.274523256, 28.074065935361215 ], [ 85.274131044, 28.074065935361215 ], [ 85.274131044, 28.072683341118957 ], [ 85.273738832, 28.072683341118957 ], [ 85.273738832, 28.071646395437263 ], [ 85.27334662, 28.071646395437263 ], [ 85.27334662, 28.070609449755565 ], [ 85.272954408, 28.070609449755565 ], [ 85.272954408, 28.069572504073871 ], [ 85.27256219600001, 28.069572504073871 ], [ 85.27256219600001, 28.068881206952742 ], [ 85.272169984, 28.068881206952742 ], [ 85.272169984, 28.068535558392178 ], [ 85.27138556, 28.068535558392178 ], [ 85.27138556, 28.068881206952742 ], [ 85.266679016, 28.068881206952742 ], [ 85.266679016, 28.068535558392178 ], [ 85.265110168, 28.068535558392178 ], [ 85.265110168, 28.068189909831613 ], [ 85.264325744, 28.068189909831613 ], [ 85.264325744, 28.067844261271048 ], [ 85.26393353200001, 28.067844261271048 ], [ 85.26393353200001, 28.067152964149919 ], [ 85.26354132, 28.067152964149919 ], [ 85.26354132, 28.066461667028786 ], [ 85.263149108, 28.066461667028786 ], [ 85.263149108, 28.065770369907657 ], [ 85.262756896, 28.065770369907657 ], [ 85.262756896, 28.064733424225963 ], [ 85.262364684, 28.064733424225963 ], [ 85.262364684, 28.064042127104834 ], [ 85.261972472, 28.064042127104834 ], [ 85.261972472, 28.063350829983705 ], [ 85.26158026, 28.063350829983705 ], [ 85.26158026, 28.062659532862572 ], [ 85.261188048, 28.062659532862572 ], [ 85.261188048, 28.061968235741443 ], [ 85.260795836, 28.061968235741443 ], [ 85.260795836, 28.060239992938619 ], [ 85.261188048, 28.060239992938619 ], [ 85.261188048, 28.05954869581749 ], [ 85.261972472, 28.05954869581749 ], [ 85.261972472, 28.059203047256926 ], [ 85.265894592, 28.059203047256926 ], [ 85.265894592, 28.05954869581749 ], [ 85.270601136, 28.05954869581749 ], [ 85.270601136, 28.059894344378055 ], [ 85.27256219600001, 28.059894344378055 ], [ 85.27256219600001, 28.05954869581749 ], [ 85.272954408, 28.05954869581749 ], [ 85.272954408, 28.059203047256926 ], [ 85.27334662, 28.059203047256926 ], [ 85.27334662, 28.058857398696361 ], [ 85.273738832, 28.058857398696361 ], [ 85.273738832, 28.058166101575228 ], [ 85.274131044, 28.058166101575228 ], [ 85.274131044, 28.057820453014664 ], [ 85.274523256, 28.057820453014664 ], [ 85.274523256, 28.057474804454099 ], [ 85.274915468, 28.057474804454099 ], [ 85.274915468, 28.057129155893534 ], [ 85.275699892, 28.057129155893534 ], [ 85.275699892, 28.057474804454099 ], [ 85.276092104, 28.057474804454099 ], [ 85.276092104, 28.057820453014664 ], [ 85.276484316, 28.057820453014664 ], [ 85.276484316, 28.058166101575228 ], [ 85.276876528, 28.058166101575228 ], [ 85.276876528, 28.058511750135793 ], [ 85.27726874, 28.058511750135793 ], [ 85.27726874, 28.058857398696361 ], [ 85.278053164, 28.058857398696361 ], [ 85.278053164, 28.059203047256926 ], [ 85.280014224, 28.059203047256926 ], [ 85.280014224, 28.057129155893534 ], [ 85.280406436, 28.057129155893534 ], [ 85.280406436, 28.05678350733297 ], [ 85.280798648, 28.05678350733297 ], [ 85.280798648, 28.056437858772405 ], [ 85.28119086, 28.056437858772405 ], [ 85.28119086, 28.05609221021184 ], [ 85.281583072, 28.05609221021184 ], [ 85.281583072, 28.055746561651276 ], [ 85.282759708, 28.055746561651276 ], [ 85.282759708, 28.05609221021184 ], [ 85.283936344, 28.05609221021184 ], [ 85.283936344, 28.056437858772405 ], [ 85.284328556, 28.056437858772405 ], [ 85.284328556, 28.057129155893534 ], [ 85.284720768, 28.057129155893534 ], [ 85.284720768, 28.058857398696361 ], [ 85.284328556, 28.058857398696361 ], [ 85.284328556, 28.05954869581749 ], [ 85.283936344, 28.05954869581749 ], [ 85.283936344, 28.059894344378055 ], [ 85.283544132, 28.059894344378055 ], [ 85.283544132, 28.060239992938619 ], [ 85.28315192, 28.060239992938619 ], [ 85.28315192, 28.060585641499184 ], [ 85.282759708, 28.060585641499184 ], [ 85.282759708, 28.060931290059749 ], [ 85.282367496, 28.060931290059749 ], [ 85.282367496, 28.061276938620313 ], [ 85.281975284, 28.061276938620313 ], [ 85.281975284, 28.062659532862572 ], [ 85.281583072, 28.062659532862572 ], [ 85.281583072, 28.062313884302007 ], [ 85.280014224, 28.062313884302007 ], [ 85.280014224, 28.063696478544269 ], [ 85.278445376, 28.063696478544269 ], [ 85.278445376, 28.064387775665399 ], [ 85.278053164, 28.064387775665399 ], [ 85.278053164, 28.066116018468222 ], [ 85.277660952, 28.066116018468222 ], [ 85.277660952, 28.066461667028786 ], [ 85.278053164, 28.066461667028786 ], [ 85.278053164, 28.067152964149919 ], [ 85.278445376, 28.067152964149919 ], [ 85.278445376, 28.067844261271048 ], [ 85.2792298, 28.067844261271048 ], [ 85.2792298, 28.068189909831613 ], [ 85.279622012, 28.068189909831613 ], [ 85.279622012, 28.068535558392178 ], [ 85.280014224, 28.068535558392178 ], [ 85.280014224, 28.069918152634436 ], [ 85.28119086, 28.069918152634436 ], [ 85.28119086, 28.07095509831613 ], [ 85.281583072, 28.07095509831613 ], [ 85.281583072, 28.072683341118957 ], [ 85.28119086, 28.072683341118957 ], [ 85.28119086, 28.073028989679521 ], [ 85.280798648, 28.073028989679521 ], [ 85.280798648, 28.073374638240086 ], [ 85.280014224, 28.073374638240086 ], [ 85.280014224, 28.073720286800651 ], [ 85.278445376, 28.073720286800651 ], [ 85.278445376, 28.074065935361215 ], [ 85.278053164, 28.074065935361215 ], [ 85.278053164, 28.074757232482344 ], [ 85.27726874, 28.074757232482344 ], [ 85.27726874, 28.075102881042909 ], [ 85.276484316, 28.075102881042909 ], [ 85.276484316, 28.075448529603474 ], [ 85.276092104, 28.075448529603474 ], [ 85.276092104, 28.075794178164038 ], [ 85.274915468, 28.075794178164038 ] ] ] } },
{ "type": "Feature", "properties": { "area_m2": 165375.25712680584, "lat": 28.057922295894105, "lon": 85.507423644249982 }, "geometry": { "type": "Polygon", "coordinates": [ [ [ 85.507104972, 28.060585641499184 ], [ 85.507104972, 28.060239992938619 ], [ 85.50671276, 28.060239992938619 ], [ 85.50671276, 28.059894344378055 ], [ 85.506320548, 28.059894344378055 ], [ 85.506320548, 28.05954869581749 ], [ 85.505928336, 28.05954869581749 ], [ 85.505928336, 28.058857398696361 ], [ 85.505536124, 28.058857398696361 ], [ 85.505536124, 28.055746561651276 ], [ 85.50788939600001, 28.055746561651276 ], [ 85.50788939600001, 28.05609221021184 ], [ 85.509066032, 28.05609221021184 ], [ 85.509066032, 28.05678350733297 ], [ 85.509458244, 28.05678350733297 ], [ 85.509458244, 28.058857398696361 ], [ 85.509066032, 28.058857398696361 ], [ 85.509066032, 28.05954869581749 ], [ 85.50867382, 28.05954869581749 ], [ 85.50867382, 28.059894344378055 ], [ 85.508281608, 28.059894344378055 ], [ 85.508281608, 28.060239992938619 ], [ 85.50788939600001, 28.060239992938619 ], [ 85.50788939600001, 28.060585641499184 ], [ 85.507104972, 28.060585641499184 ] ] ] } },
{ "type": "Feature", "properties": { "area_m2": 11812.789670869231, "lat": 28.055271294880498, "lon": 85.510781959500008 }, "geometry": { "type": "Polygon", "coordinates": [ [ [ 85.510242668, 28.055746561651276 ], [ 85.510242668, 28.054709615969582 ], [ 85.511027092, 28.054709615969582 ], [ 85.511027092, 28.055055264530147 ], [ 85.511419304, 28.055055264530147 ], [ 85.511419304, 28.055746561651276 ], [ 85.510242668, 28.055746561651276 ] ] ] } },
{ "type": "Feature", "properties": { "area_m2": 248119.74094745266, "lat": 28.055269237448591, "lon": 85.242602335309513 }, "geometry": { "type": "Polygon", "coordinates": [ [ [ 85.240793024, 28.058166101575228 ], [ 85.240793024, 28.057474804454099 ], [ 85.240400812, 28.057474804454099 ], [ 85.240400812, 28.056437858772405 ], [ 85.24000860000001, 28.056437858772405 ], [ 85.24000860000001, 28.053672670287884 ], [ 85.240400812, 28.053672670287884 ], [ 85.240400812, 28.052981373166755 ], [ 85.243538508, 28.052981373166755 ], [ 85.243538508, 28.05332702172732 ], [ 85.245499568, 28.05332702172732 ], [ 85.245499568, 28.05609221021184 ], [ 85.245107356, 28.05609221021184 ], [ 85.245107356, 28.056437858772405 ], [ 85.244715144, 28.056437858772405 ], [ 85.244715144, 28.05678350733297 ], [ 85.244322932, 28.05678350733297 ], [ 85.244322932, 28.057129155893534 ], [ 85.24393072, 28.057129155893534 ], [ 85.24393072, 28.057474804454099 ], [ 85.242361872, 28.057474804454099 ], [ 85.242361872, 28.057820453014664 ], [ 85.241577448, 28.057820453014664 ], [ 85.241577448, 28.058166101575228 ], [ 85.240793024, 28.058166101575228 ] ] ] } },
{ "type": "Feature", "properties": { "area_m2": 5907.6540101391365, "lat": 28.050216184682242, "lon": 85.29099616 }, "geometry": { "type": "Polygon", "coordinates": [ [ [ 85.290603948, 28.050561833242803 ], [ 85.290603948, 28.049870536121674 ], [ 85.291388372, 28.049870536121674 ], [ 85.291388372, 28.050561833242803 ], [ 85.290603948, 28.050561833242803 ] ] ] } },
{ "type": "Feature", "properties": { "area_m2": 172799.0055794857, "lat": 28.052690378438406, "lon": 85.262158521282061 }, "geometry": { "type": "Polygon", "coordinates": [ [ [ 85.262364684, 28.056437858772405 ], [ 85.262364684, 28.05609221021184 ], [ 85.26158026, 28.05609221021184 ], [ 85.26158026, 28.055746561651276 ], [ 85.261188048, 28.055746561651276 ], [ 85.261188048, 28.054018318848449 ], [ 85.260795836, 28.054018318848449 ], [ 85.260795836, 28.049870536121674 ], [ 85.261188048, 28.049870536121674 ], [ 85.261188048, 28.049524887561105 ], [ 85.263149108, 28.049524887561105 ], [ 85.263149108, 28.049870536121674 ], [ 85.26354132, 28.049870536121674 ], [ 85.26354132, 28.051944427485061 ], [ 85.263149108, 28.051944427485061 ], [ 85.263149108, 28.054018318848449 ], [ 85.26354132, 28.054018318848449 ], [ 85.26354132, 28.055400913090711 ], [ 85.263149108, 28.055400913090711 ], [ 85.263149108, 28.05609221021184 ], [ 85.262756896, 28.05609221021184 ], [ 85.262756896, 28.056437858772405 ], [ 85.262364684, 28.056437858772405 ] ] ] } },
{ "type": "Feature", "properties": { "area_m2": 54381801.368823692, "lat": 28.101195678837097, "lon": 85.337720682175146 }, "geometry": { "type": "Polygon", "coordinates": [ [ [ 85.352965656, 28.161860669744701 ], [ 85.352965656, 28.161515021184137 ], [ 85.350612384, 28.161515021184137 ], [ 85.350612384, 28.161169372623572 ], [ 85.34982796, 28.161169372623572 ], [ 85.34982796, 28.160823724063007 ], [ 85.349435748, 28.160823724063007 ], [ 85.349435748, 28.160132426941878 ], [ 85.349043536, 28.160132426941878 ], [ 85.349043536, 28.159441129820749 ], [ 85.348651324, 28.159441129820749 ], [ 85.348651324, 28.159095481260184 ], [ 85.348259112, 28.159095481260184 ], [ 85.348259112, 28.15874983269962 ], [ 85.347474688, 28.15874983269962 ], [ 85.347474688, 28.158404184139055 ], [ 85.347082476, 28.158404184139055 ], [ 85.347082476, 28.15805853557849 ], [ 85.346690264, 28.15805853557849 ], [ 85.346690264, 28.155638995654535 ], [ 85.346298052, 28.155638995654535 ], [ 85.346298052, 28.154947698533405 ], [ 85.346690264, 28.154947698533405 ], [ 85.346690264, 28.154602049972841 ], [ 85.347082476, 28.154602049972841 ], [ 85.347082476, 28.153910752851711 ], [ 85.347474688, 28.153910752851711 ], [ 85.347474688, 28.153565104291143 ], [ 85.349043536, 28.153565104291143 ], [ 85.349043536, 28.153219455730579 ], [ 85.35100459600001, 28.153219455730579 ], [ 85.35100459600001, 28.152873807170014 ], [ 85.351396808, 28.152873807170014 ], [ 85.351396808, 28.152528158609449 ], [ 85.35178902, 28.152528158609449 ], [ 85.35178902, 28.1490716730038 ], [ 85.351396808, 28.1490716730038 ], [ 85.351396808, 28.147689078761541 ], [ 85.35100459600001, 28.147689078761541 ], [ 85.35100459600001, 28.146652133079847 ], [ 85.350612384, 28.146652133079847 ], [ 85.350612384, 28.146306484519283 ], [ 85.34982796, 28.146306484519283 ], [ 85.34982796, 28.145960835958718 ], [ 85.349043536, 28.145960835958718 ], [ 85.349043536, 28.145615187398153 ], [ 85.347474688, 28.145615187398153 ], [ 85.347474688, 28.145269538837589 ], [ 85.346690264, 28.145269538837589 ], [ 85.346690264, 28.14492389027702 ], [ 85.346298052, 28.14492389027702 ], [ 85.346298052, 28.144578241716456 ], [ 85.34590584, 28.144578241716456 ], [ 85.34590584, 28.144232593155891 ], [ 85.345513628, 28.144232593155891 ], [ 85.345513628, 28.143886944595327 ], [ 85.345121416, 28.143886944595327 ], [ 85.345121416, 28.143541296034762 ], [ 85.344729204, 28.143541296034762 ], [ 85.344729204, 28.143195647474197 ], [ 85.344336992, 28.143195647474197 ], [ 85.344336992, 28.142849998913633 ], [ 85.343552568, 28.142849998913633 ], [ 85.343552568, 28.142504350353068 ], [ 85.343160356, 28.142504350353068 ], [ 85.343160356, 28.142158701792503 ], [ 85.34237593200001, 28.142158701792503 ], [ 85.34237593200001, 28.141813053231939 ], [ 85.341199296, 28.141813053231939 ], [ 85.341199296, 28.141467404671374 ], [ 85.340807084, 28.141467404671374 ], [ 85.340807084, 28.14112175611081 ], [ 85.34002266, 28.14112175611081 ], [ 85.34002266, 28.140776107550245 ], [ 85.339630448, 28.140776107550245 ], [ 85.339630448, 28.140430458989677 ], [ 85.338846024, 28.140430458989677 ], [ 85.338846024, 28.140084810429112 ], [ 85.3380616, 28.140084810429112 ], [ 85.3380616, 28.139739161868548 ], [ 85.337277176, 28.139739161868548 ], [ 85.337277176, 28.139393513307983 ], [ 85.336884964, 28.139393513307983 ], [ 85.336884964, 28.139047864747418 ], [ 85.336492752, 28.139047864747418 ], [ 85.336492752, 28.138702216186854 ], [ 85.33610054, 28.138702216186854 ], [ 85.33610054, 28.138356567626289 ], [ 85.33570832800001, 28.138356567626289 ], [ 85.33570832800001, 28.13766527050516 ], [ 85.335316116, 28.13766527050516 ], [ 85.335316116, 28.136973973384031 ], [ 85.334923904, 28.136973973384031 ], [ 85.334923904, 28.136282676262898 ], [ 85.334531692, 28.136282676262898 ], [ 85.334531692, 28.135937027702333 ], [ 85.33413948, 28.135937027702333 ], [ 85.33413948, 28.132134893536122 ], [ 85.334531692, 28.132134893536122 ], [ 85.334531692, 28.130406650733295 ], [ 85.334923904, 28.130406650733295 ], [ 85.334923904, 28.129715353612166 ], [ 85.33570832800001, 28.129715353612166 ], [ 85.33570832800001, 28.129024056491037 ], [ 85.33610054, 28.129024056491037 ], [ 85.33610054, 28.127641462248775 ], [ 85.336492752, 28.127641462248775 ], [ 85.336492752, 28.126258868006516 ], [ 85.33610054, 28.126258868006516 ], [ 85.33610054, 28.121765436719173 ], [ 85.33570832800001, 28.121765436719173 ], [ 85.33570832800001, 28.121419788158608 ], [ 85.335316116, 28.121419788158608 ], [ 85.335316116, 28.120728491037479 ], [ 85.334923904, 28.120728491037479 ], [ 85.334923904, 28.120382842476914 ], [ 85.360809896, 28.120382842476914 ], [ 85.360809896, 28.118654599674088 ], [ 85.360417684, 28.118654599674088 ], [ 85.360417684, 28.117963302552958 ], [ 85.360025472, 28.117963302552958 ], [ 85.360025472, 28.117617653992394 ], [ 85.35963326000001, 28.117617653992394 ], [ 85.35963326000001, 28.117272005431829 ], [ 85.359241048, 28.117272005431829 ], [ 85.359241048, 28.116926356871264 ], [ 85.358848836, 28.116926356871264 ], [ 85.358848836, 28.1165807083107 ], [ 85.357279988, 28.1165807083107 ], [ 85.357279988, 28.116235059750135 ], [ 85.355318928, 28.116235059750135 ], [ 85.355318928, 28.115543762629006 ], [ 85.35571114, 28.115543762629006 ], [ 85.35571114, 28.115198114068441 ], [ 85.356495564, 28.115198114068441 ], [ 85.356495564, 28.114852465507877 ], [ 85.356887776, 28.114852465507877 ], [ 85.356887776, 28.114506816947308 ], [ 85.357279988, 28.114506816947308 ], [ 85.357279988, 28.11312422270505 ], [ 85.354926716, 28.11312422270505 ], [ 85.354926716, 28.113469871265615 ], [ 85.354142292, 28.113469871265615 ], [ 85.354142292, 28.113815519826179 ], [ 85.35375008, 28.113815519826179 ], [ 85.35375008, 28.114161168386744 ], [ 85.353357868, 28.114161168386744 ], [ 85.353357868, 28.114852465507877 ], [ 85.352965656, 28.114852465507877 ], [ 85.352965656, 28.115889411189571 ], [ 85.352573444, 28.115889411189571 ], [ 85.352573444, 28.116235059750135 ], [ 85.352181232, 28.116235059750135 ], [ 85.352181232, 28.1165807083107 ], [ 85.351396808, 28.1165807083107 ], [ 85.351396808, 28.116926356871264 ], [ 85.350220172, 28.116926356871264 ], [ 85.350220172, 28.1165807083107 ], [ 85.349043536, 28.1165807083107 ], [ 85.349043536, 28.116235059750135 ], [ 85.348651324, 28.116235059750135 ], [ 85.348651324, 28.115889411189571 ], [ 85.348259112, 28.115889411189571 ], [ 85.348259112, 28.115543762629006 ], [ 85.3478669, 28.115543762629006 ], [ 85.3478669, 28.115198114068441 ], [ 85.347474688, 28.115198114068441 ], [ 85.347474688, 28.114852465507877 ], [ 85.347082476, 28.114852465507877 ], [ 85.347082476, 28.114161168386744 ], [ 85.346690264, 28.114161168386744 ], [ 85.346690264, 28.113469871265615 ], [ 85.346298052, 28.113469871265615 ], [ 85.346298052, 28.11312422270505 ], [ 85.34590584, 28.11312422270505 ], [ 85.34590584, 28.112432925583921 ], [ 85.345513628, 28.112432925583921 ], [ 85.345513628, 28.112087277023356 ], [ 85.345121416, 28.112087277023356 ], [ 85.345121416, 28.111395979902227 ], [ 85.344729204, 28.111395979902227 ], [ 85.344729204, 28.110704682781098 ], [ 85.34394478, 28.110704682781098 ], [ 85.34394478, 28.110359034220529 ], [ 85.343160356, 28.110359034220529 ], [ 85.343160356, 28.110013385659965 ], [ 85.34198372, 28.110013385659965 ], [ 85.34198372, 28.1096677370994 ], [ 85.340414872, 28.1096677370994 ], [ 85.340414872, 28.110013385659965 ], [ 85.339238236, 28.110013385659965 ], [ 85.339238236, 28.110359034220529 ], [ 85.338453812, 28.110359034220529 ], [ 85.338453812, 28.110704682781098 ], [ 85.337669388, 28.110704682781098 ], [ 85.337669388, 28.110359034220529 ], [ 85.335316116, 28.110359034220529 ], [ 85.335316116, 28.110013385659965 ], [ 85.334531692, 28.110013385659965 ], [ 85.334531692, 28.1096677370994 ], [ 85.33413948, 28.1096677370994 ], [ 85.33413948, 28.109322088538836 ], [ 85.333747268, 28.109322088538836 ], [ 85.333747268, 28.108630791417706 ], [ 85.333355056, 28.108630791417706 ], [ 85.333355056, 28.107939494296577 ], [ 85.332962844, 28.107939494296577 ], [ 85.332962844, 28.107593845736012 ], [ 85.331001784, 28.107593845736012 ], [ 85.331001784, 28.107939494296577 ], [ 85.330609572, 28.107939494296577 ], [ 85.330609572, 28.108285142857142 ], [ 85.33021736, 28.108285142857142 ], [ 85.33021736, 28.107248197175448 ], [ 85.3282563, 28.107248197175448 ], [ 85.3282563, 28.107593845736012 ], [ 85.327864088, 28.107593845736012 ], [ 85.327864088, 28.107939494296577 ], [ 85.327471876, 28.107939494296577 ], [ 85.327471876, 28.108285142857142 ], [ 85.32707966400001, 28.108285142857142 ], [ 85.32707966400001, 28.108630791417706 ], [ 85.326687452, 28.108630791417706 ], [ 85.326687452, 28.108976439978271 ], [ 85.325903028, 28.108976439978271 ], [ 85.325903028, 28.109322088538836 ], [ 85.32433418, 28.109322088538836 ], [ 85.32433418, 28.1096677370994 ], [ 85.323549756, 28.1096677370994 ], [ 85.323549756, 28.110013385659965 ], [ 85.322765332, 28.110013385659965 ], [ 85.322765332, 28.110359034220529 ], [ 85.321980908, 28.110359034220529 ], [ 85.321980908, 28.110704682781098 ], [ 85.321588696, 28.110704682781098 ], [ 85.321588696, 28.111050331341662 ], [ 85.321196484, 28.111050331341662 ], [ 85.321196484, 28.111395979902227 ], [ 85.320804272, 28.111395979902227 ], [ 85.320804272, 28.111741628462791 ], [ 85.32041206000001, 28.111741628462791 ], [ 85.32041206000001, 28.112087277023356 ], [ 85.320019848, 28.112087277023356 ], [ 85.320019848, 28.112432925583921 ], [ 85.319235424, 28.112432925583921 ], [ 85.319235424, 28.112778574144485 ], [ 85.318058788, 28.112778574144485 ], [ 85.318058788, 28.11312422270505 ], [ 85.317274364, 28.11312422270505 ], [ 85.317274364, 28.113469871265615 ], [ 85.31452888, 28.113469871265615 ], [ 85.31452888, 28.11312422270505 ], [ 85.314136668, 28.11312422270505 ], [ 85.314136668, 28.112778574144485 ], [ 85.313744456, 28.112778574144485 ], [ 85.313744456, 28.112432925583921 ], [ 85.312960032, 28.112432925583921 ], [ 85.312960032, 28.112087277023356 ], [ 85.311391184, 28.112087277023356 ], [ 85.311391184, 28.111741628462791 ], [ 85.30668464, 28.111741628462791 ], [ 85.30668464, 28.112087277023356 ], [ 85.305900216, 28.112087277023356 ], [ 85.305900216, 28.112432925583921 ], [ 85.305115792, 28.112432925583921 ], [ 85.305115792, 28.112778574144485 ], [ 85.30276252, 28.112778574144485 ], [ 85.30276252, 28.112432925583921 ], [ 85.302370308, 28.112432925583921 ], [ 85.302370308, 28.112087277023356 ], [ 85.301978096, 28.112087277023356 ], [ 85.301978096, 28.111050331341662 ], [ 85.301585884, 28.111050331341662 ], [ 85.301585884, 28.110013385659965 ], [ 85.301193672, 28.110013385659965 ], [ 85.301193672, 28.1096677370994 ], [ 85.30080146, 28.1096677370994 ], [ 85.30080146, 28.109322088538836 ], [ 85.300409248, 28.109322088538836 ], [ 85.300409248, 28.108976439978271 ], [ 85.299624824, 28.108976439978271 ], [ 85.299624824, 28.108630791417706 ], [ 85.2988404, 28.108630791417706 ], [ 85.2988404, 28.108285142857142 ], [ 85.298448188, 28.108285142857142 ], [ 85.298448188, 28.107939494296577 ], [ 85.297663764, 28.107939494296577 ], [ 85.297663764, 28.107248197175448 ], [ 85.297271552, 28.107248197175448 ], [ 85.297271552, 28.106556900054319 ], [ 85.29687934, 28.106556900054319 ], [ 85.29687934, 28.105519954372621 ], [ 85.29648712800001, 28.105519954372621 ], [ 85.29648712800001, 28.104137360130363 ], [ 85.29687934, 28.104137360130363 ], [ 85.29687934, 28.101717820206407 ], [ 85.29648712800001, 28.101717820206407 ], [ 85.29648712800001, 28.100335225964148 ], [ 85.296094916, 28.100335225964148 ], [ 85.296094916, 28.099298280282454 ], [ 85.295702704, 28.099298280282454 ], [ 85.295702704, 28.09895263172189 ], [ 85.295310492, 28.09895263172189 ], [ 85.295310492, 28.098606983161325 ], [ 85.29491828, 28.098606983161325 ], [ 85.29491828, 28.09826133460076 ], [ 85.294526068, 28.09826133460076 ], [ 85.294526068, 28.097915686040196 ], [ 85.294133856, 28.097915686040196 ], [ 85.294133856, 28.097570037479631 ], [ 85.293741644, 28.097570037479631 ], [ 85.293741644, 28.097224388919063 ], [ 85.29295722, 28.097224388919063 ], [ 85.29295722, 28.096878740358498 ], [ 85.292565008, 28.096878740358498 ], [ 85.292565008, 28.096533091797934 ], [ 85.292172796, 28.096533091797934 ], [ 85.292172796, 28.096187443237369 ], [ 85.291780584, 28.096187443237369 ], [ 85.291780584, 28.095841794676804 ], [ 85.291388372, 28.095841794676804 ], [ 85.291388372, 28.09549614611624 ], [ 85.29099616, 28.09549614611624 ], [ 85.29099616, 28.095150497555675 ], [ 85.290603948, 28.095150497555675 ], [ 85.290603948, 28.094804848995111 ], [ 85.289819524, 28.094804848995111 ], [ 85.289819524, 28.094459200434546 ], [ 85.289427312, 28.094459200434546 ], [ 85.289427312, 28.094113551873981 ], [ 85.288642888, 28.094113551873981 ], [ 85.288642888, 28.093422254752852 ], [ 85.288250676, 28.093422254752852 ], [ 85.288250676, 28.091694011950025 ], [ 85.28785846400001, 28.091694011950025 ], [ 85.28785846400001, 28.091002714828896 ], [ 85.28707404, 28.091002714828896 ], [ 85.28707404, 28.090657066268331 ], [ 85.286289616, 28.090657066268331 ], [ 85.286289616, 28.089965769147202 ], [ 85.285897404, 28.089965769147202 ], [ 85.285897404, 28.087891877783811 ], [ 85.285505192, 28.087891877783811 ], [ 85.285505192, 28.086163634980988 ], [ 85.28511298, 28.086163634980988 ], [ 85.28511298, 28.084089743617596 ], [ 85.284720768, 28.084089743617596 ], [ 85.284720768, 28.083052797935903 ], [ 85.284328556, 28.083052797935903 ], [ 85.284328556, 28.083398446496467 ], [ 85.283544132, 28.083398446496467 ], [ 85.283544132, 28.083744095057032 ], [ 85.282759708, 28.083744095057032 ], [ 85.282759708, 28.083052797935903 ], [ 85.282367496, 28.083052797935903 ], [ 85.282367496, 28.082361500814773 ], [ 85.281975284, 28.082361500814773 ], [ 85.281975284, 28.080978906572515 ], [ 85.281583072, 28.080978906572515 ], [ 85.281583072, 28.078213718087994 ], [ 85.281975284, 28.078213718087994 ], [ 85.281975284, 28.076139826724607 ], [ 85.31178339600001, 28.076139826724607 ], [ 85.31178339600001, 28.074757232482344 ], [ 85.310998972, 28.074757232482344 ], [ 85.310998972, 28.07441158392178 ], [ 85.310214548, 28.07441158392178 ], [ 85.310214548, 28.074065935361215 ], [ 85.309037912, 28.074065935361215 ], [ 85.309037912, 28.073720286800651 ], [ 85.307861276, 28.073720286800651 ], [ 85.307861276, 28.073374638240086 ], [ 85.307076852, 28.073374638240086 ], [ 85.307076852, 28.073028989679521 ], [ 85.30668464, 28.073028989679521 ], [ 85.30668464, 28.072683341118957 ], [ 85.306292428, 28.072683341118957 ], [ 85.306292428, 28.072337692558392 ], [ 85.305900216, 28.072337692558392 ], [ 85.305900216, 28.071646395437263 ], [ 85.305508004, 28.071646395437263 ], [ 85.305508004, 28.070609449755565 ], [ 85.305115792, 28.070609449755565 ], [ 85.305115792, 28.069572504073871 ], [ 85.30472358, 28.069572504073871 ], [ 85.30472358, 28.066116018468222 ], [ 85.304331368, 28.066116018468222 ], [ 85.304331368, 28.065770369907657 ], [ 85.303939156, 28.065770369907657 ], [ 85.303939156, 28.065424721347092 ], [ 85.303546944, 28.065424721347092 ], [ 85.303546944, 28.065079072786528 ], [ 85.301585884, 28.065079072786528 ], [ 85.301585884, 28.064733424225963 ], [ 85.301193672, 28.064733424225963 ], [ 85.301193672, 28.063350829983705 ], [ 85.30080146, 28.063350829983705 ], [ 85.30080146, 28.062659532862572 ], [ 85.300409248, 28.062659532862572 ], [ 85.300409248, 28.061622587180878 ], [ 85.300017036, 28.061622587180878 ], [ 85.300017036, 28.058857398696361 ], [ 85.300409248, 28.058857398696361 ], [ 85.300409248, 28.058511750135793 ], [ 85.303546944, 28.058511750135793 ], [ 85.303546944, 28.058166101575228 ], [ 85.303939156, 28.058166101575228 ], [ 85.303939156, 28.056437858772405 ], [ 85.304331368, 28.056437858772405 ], [ 85.304331368, 28.055055264530147 ], [ 85.303939156, 28.055055264530147 ], [ 85.303939156, 28.054363967409017 ], [ 85.303546944, 28.054363967409017 ], [ 85.303546944, 28.054018318848449 ], [ 85.302370308, 28.054018318848449 ], [ 85.302370308, 28.054363967409017 ], [ 85.301978096, 28.054363967409017 ], [ 85.301978096, 28.055055264530147 ], [ 85.301585884, 28.055055264530147 ], [ 85.301585884, 28.05678350733297 ], [ 85.301193672, 28.05678350733297 ], [ 85.301193672, 28.057474804454099 ], [ 85.30080146, 28.057474804454099 ], [ 85.30080146, 28.057820453014664 ], [ 85.300409248, 28.057820453014664 ], [ 85.300409248, 28.057474804454099 ], [ 85.300017036, 28.057474804454099 ], [ 85.300017036, 28.053672670287884 ], [ 85.300409248, 28.053672670287884 ], [ 85.300409248, 28.052290076045626 ], [ 85.30080146, 28.052290076045626 ], [ 85.30080146, 28.051944427485061 ], [ 85.301193672, 28.051944427485061 ], [ 85.301193672, 28.051598778924497 ], [ 85.301585884, 28.051598778924497 ], [ 85.301585884, 28.050907481803367 ], [ 85.301978096, 28.050907481803367 ], [ 85.301978096, 28.050216184682238 ], [ 85.302370308, 28.050216184682238 ], [ 85.302370308, 28.049870536121674 ], [ 85.303939156, 28.049870536121674 ], [ 85.303939156, 28.050907481803367 ], [ 85.304331368, 28.050907481803367 ], [ 85.304331368, 28.051253130363932 ], [ 85.30472358, 28.051253130363932 ], [ 85.30472358, 28.051598778924497 ], [ 85.307076852, 28.051598778924497 ], [ 85.307076852, 28.051944427485061 ], [ 85.308253488, 28.051944427485061 ], [ 85.308253488, 28.052290076045626 ], [ 85.3086457, 28.052290076045626 ], [ 85.3086457, 28.052635724606191 ], [ 85.309037912, 28.052635724606191 ], [ 85.309037912, 28.052981373166755 ], [ 85.309430124, 28.052981373166755 ], [ 85.309430124, 28.05332702172732 ], [ 85.309822336, 28.05332702172732 ], [ 85.309822336, 28.053672670287884 ], [ 85.31060676, 28.053672670287884 ], [ 85.31060676, 28.054018318848449 ], [ 85.310998972, 28.054018318848449 ], [ 85.310998972, 28.054363967409017 ], [ 85.312175608, 28.054363967409017 ], [ 85.312175608, 28.054709615969582 ], [ 85.31452888, 28.054709615969582 ], [ 85.31452888, 28.054363967409017 ], [ 85.314921092, 28.054363967409017 ], [ 85.314921092, 28.054018318848449 ], [ 85.315313304, 28.054018318848449 ], [ 85.315313304, 28.052981373166755 ], [ 85.315705516, 28.052981373166755 ], [ 85.315705516, 28.052290076045626 ], [ 85.315313304, 28.052290076045626 ], [ 85.315313304, 28.051598778924497 ], [ 85.314921092, 28.051598778924497 ], [ 85.314921092, 28.051253130363932 ], [ 85.313744456, 28.051253130363932 ], [ 85.313744456, 28.050907481803367 ], [ 85.31060676, 28.050907481803367 ], [ 85.31060676, 28.050561833242803 ], [ 85.310214548, 28.050561833242803 ], [ 85.310214548, 28.049179239000541 ], [ 85.31060676, 28.049179239000541 ], [ 85.31060676, 28.048833590439976 ], [ 85.310998972, 28.048833590439976 ], [ 85.310998972, 28.048142293318847 ], [ 85.311391184, 28.048142293318847 ], [ 85.311391184, 28.047796644758282 ], [ 85.31178339600001, 28.047796644758282 ], [ 85.31178339600001, 28.047450996197718 ], [ 85.31256782, 28.047450996197718 ], [ 85.31256782, 28.046068401955459 ], [ 85.312175608, 28.046068401955459 ], [ 85.312175608, 28.043994510592068 ], [ 85.31256782, 28.043994510592068 ], [ 85.31256782, 28.043648862031503 ], [ 85.312960032, 28.043648862031503 ], [ 85.312960032, 28.043303213470939 ], [ 85.313352244, 28.043303213470939 ], [ 85.313352244, 28.043648862031503 ], [ 85.313744456, 28.043648862031503 ], [ 85.313744456, 28.043994510592068 ], [ 85.314136668, 28.043994510592068 ], [ 85.314136668, 28.044340159152632 ], [ 85.31452888, 28.044340159152632 ], [ 85.31452888, 28.044685807713197 ], [ 85.314921092, 28.044685807713197 ], [ 85.314921092, 28.045031456273762 ], [ 85.315313304, 28.045031456273762 ], [ 85.315313304, 28.045377104834326 ], [ 85.31648994, 28.045377104834326 ], [ 85.31648994, 28.045722753394895 ], [ 85.317274364, 28.045722753394895 ], [ 85.317274364, 28.046068401955459 ], [ 85.317666576, 28.046068401955459 ], [ 85.317666576, 28.046414050516024 ], [ 85.318058788, 28.046414050516024 ], [ 85.318058788, 28.046759699076588 ], [ 85.318451, 28.046759699076588 ], [ 85.318451, 28.047450996197718 ], [ 85.318843212, 28.047450996197718 ], [ 85.318843212, 28.048142293318847 ], [ 85.319235424, 28.048142293318847 ], [ 85.319235424, 28.048487941879412 ], [ 85.320019848, 28.048487941879412 ], [ 85.320019848, 28.048833590439976 ], [ 85.321196484, 28.048833590439976 ], [ 85.321196484, 28.049179239000541 ], [ 85.321980908, 28.049179239000541 ], [ 85.321980908, 28.049524887561105 ], [ 85.32237312, 28.049524887561105 ], [ 85.32237312, 28.049179239000541 ], [ 85.322765332, 28.049179239000541 ], [ 85.322765332, 28.048833590439976 ], [ 85.323157544, 28.048833590439976 ], [ 85.323157544, 28.048487941879412 ], [ 85.323549756, 28.048487941879412 ], [ 85.323549756, 28.048142293318847 ], [ 85.323941968, 28.048142293318847 ], [ 85.323941968, 28.047796644758282 ], [ 85.324726392, 28.047796644758282 ], [ 85.324726392, 28.047450996197718 ], [ 85.325118604, 28.047450996197718 ], [ 85.325118604, 28.046414050516024 ], [ 85.324726392, 28.046414050516024 ], [ 85.324726392, 28.045722753394895 ], [ 85.32433418, 28.045722753394895 ], [ 85.32433418, 28.045377104834326 ], [ 85.323941968, 28.045377104834326 ], [ 85.323941968, 28.045031456273762 ], [ 85.323549756, 28.045031456273762 ], [ 85.323549756, 28.044685807713197 ], [ 85.322765332, 28.044685807713197 ], [ 85.322765332, 28.044340159152632 ], [ 85.323157544, 28.044340159152632 ], [ 85.323157544, 28.043994510592068 ], [ 85.324726392, 28.043994510592068 ], [ 85.324726392, 28.043648862031503 ], [ 85.325510816, 28.043648862031503 ], [ 85.325510816, 28.043994510592068 ], [ 85.325903028, 28.043994510592068 ], [ 85.325903028, 28.045722753394895 ], [ 85.325510816, 28.045722753394895 ], [ 85.325510816, 28.047450996197718 ], [ 85.325903028, 28.047450996197718 ], [ 85.325903028, 28.048142293318847 ], [ 85.32629524, 28.048142293318847 ], [ 85.32629524, 28.048833590439976 ], [ 85.326687452, 28.048833590439976 ], [ 85.326687452, 28.049524887561105 ], [ 85.32707966400001, 28.049524887561105 ], [ 85.32707966400001, 28.050907481803367 ], [ 85.327471876, 28.050907481803367 ], [ 85.327471876, 28.052981373166755 ], [ 85.32707966400001, 28.052981373166755 ], [ 85.32707966400001, 28.054018318848449 ], [ 85.326687452, 28.054018318848449 ], [ 85.326687452, 28.05609221021184 ], [ 85.32707966400001, 28.05609221021184 ], [ 85.32707966400001, 28.057129155893534 ], [ 85.327471876, 28.057129155893534 ], [ 85.327471876, 28.057820453014664 ], [ 85.327864088, 28.057820453014664 ], [ 85.327864088, 28.058511750135793 ], [ 85.3282563, 28.058511750135793 ], [ 85.3282563, 28.059203047256926 ], [ 85.328648512, 28.059203047256926 ], [ 85.328648512, 28.05954869581749 ], [ 85.33021736, 28.05954869581749 ], [ 85.33021736, 28.062659532862572 ], [ 85.331786208, 28.062659532862572 ], [ 85.331786208, 28.062313884302007 ], [ 85.33217842, 28.062313884302007 ], [ 85.33217842, 28.061968235741443 ], [ 85.332570632, 28.061968235741443 ], [ 85.332570632, 28.061276938620313 ], [ 85.332962844, 28.061276938620313 ], [ 85.332962844, 28.062659532862572 ], [ 85.333355056, 28.062659532862572 ], [ 85.333355056, 28.065424721347092 ], [ 85.332962844, 28.065424721347092 ], [ 85.332962844, 28.067152964149919 ], [ 85.332570632, 28.067152964149919 ], [ 85.332570632, 28.067498612710484 ], [ 85.33217842, 28.067498612710484 ], [ 85.33217842, 28.066807315589351 ], [ 85.33021736, 28.066807315589351 ], [ 85.33021736, 28.065770369907657 ], [ 85.3282563, 28.065770369907657 ], [ 85.3282563, 28.066116018468222 ], [ 85.327864088, 28.066116018468222 ], [ 85.327864088, 28.067498612710484 ], [ 85.3282563, 28.067498612710484 ], [ 85.3282563, 28.069572504073871 ], [ 85.328648512, 28.069572504073871 ], [ 85.328648512, 28.070263801195001 ], [ 85.33021736, 28.070263801195001 ], [ 85.33021736, 28.073374638240086 ], [ 85.329825148, 28.073374638240086 ], [ 85.329825148, 28.074065935361215 ], [ 85.329432936, 28.074065935361215 ], [ 85.329432936, 28.075794178164038 ], [ 85.328648512, 28.075794178164038 ], [ 85.328648512, 28.076139826724607 ], [ 85.32707966400001, 28.076139826724607 ], [ 85.32707966400001, 28.078213718087994 ], [ 85.327471876, 28.078213718087994 ], [ 85.327471876, 28.080287609451386 ], [ 85.327864088, 28.080287609451386 ], [ 85.327864088, 28.080978906572515 ], [ 85.3282563, 28.080978906572515 ], [ 85.3282563, 28.081670203693644 ], [ 85.33021736, 28.081670203693644 ], [ 85.33021736, 28.087891877783811 ], [ 85.331786208, 28.087891877783811 ], [ 85.331786208, 28.087546229223246 ], [ 85.332570632, 28.087546229223246 ], [ 85.332570632, 28.087200580662682 ], [ 85.332962844, 28.087200580662682 ], [ 85.332962844, 28.086509283541552 ], [ 85.333355056, 28.086509283541552 ], [ 85.333355056, 28.086163634980988 ], [ 85.333747268, 28.086163634980988 ], [ 85.333747268, 28.085472337859859 ], [ 85.333355056, 28.085472337859859 ], [ 85.333355056, 28.084435392178161 ], [ 85.332962844, 28.084435392178161 ], [ 85.332962844, 28.083744095057032 ], [ 85.332570632, 28.083744095057032 ], [ 85.332570632, 28.082015852254209 ], [ 85.332962844, 28.082015852254209 ], [ 85.332962844, 28.080978906572515 ], [ 85.333355056, 28.080978906572515 ], [ 85.333355056, 28.079941960890817 ], [ 85.333747268, 28.079941960890817 ], [ 85.333747268, 28.07786806952743 ], [ 85.33413948, 28.07786806952743 ], [ 85.33413948, 28.077522420966865 ], [ 85.334531692, 28.077522420966865 ], [ 85.334531692, 28.076139826724607 ], [ 85.354142292, 28.076139826724607 ], [ 85.354142292, 28.076485475285171 ], [ 85.354534504, 28.076485475285171 ], [ 85.354534504, 28.0771767724063 ], [ 85.354926716, 28.0771767724063 ], [ 85.354926716, 28.077522420966865 ], [ 85.355318928, 28.077522420966865 ], [ 85.355318928, 28.078905015209124 ], [ 85.35571114, 28.078905015209124 ], [ 85.35571114, 28.079941960890817 ], [ 85.356103352, 28.079941960890817 ], [ 85.356103352, 28.08063325801195 ], [ 85.356495564, 28.08063325801195 ], [ 85.356495564, 28.081670203693644 ], [ 85.358456624, 28.081670203693644 ], [ 85.358456624, 28.081324555133079 ], [ 85.358848836, 28.081324555133079 ], [ 85.358848836, 28.077522420966865 ], [ 85.359241048, 28.077522420966865 ], [ 85.359241048, 28.076139826724607 ], [ 85.364732016, 28.076139826724607 ], [ 85.364732016, 28.076485475285171 ], [ 85.364339804, 28.076485475285171 ], [ 85.364339804, 28.076831123845736 ], [ 85.36355538, 28.076831123845736 ], [ 85.36355538, 28.077522420966865 ], [ 85.363163168, 28.077522420966865 ], [ 85.363163168, 28.07786806952743 ], [ 85.362770956, 28.07786806952743 ], [ 85.362770956, 28.078559366648559 ], [ 85.362378744, 28.078559366648559 ], [ 85.362378744, 28.078905015209124 ], [ 85.361986532, 28.078905015209124 ], [ 85.361986532, 28.079250663769688 ], [ 85.36159432, 28.079250663769688 ], [ 85.36159432, 28.079596312330253 ], [ 85.361202108, 28.079596312330253 ], [ 85.361202108, 28.079941960890817 ], [ 85.360809896, 28.079941960890817 ], [ 85.360809896, 28.080978906572515 ], [ 85.361202108, 28.080978906572515 ], [ 85.361202108, 28.081324555133079 ], [ 85.362378744, 28.081324555133079 ], [ 85.362378744, 28.081670203693644 ], [ 85.363947592, 28.081670203693644 ], [ 85.363947592, 28.082015852254209 ], [ 85.3674775, 28.082015852254209 ], [ 85.3674775, 28.082361500814773 ], [ 85.369830772, 28.082361500814773 ], [ 85.369830772, 28.082707149375338 ], [ 85.370222984, 28.082707149375338 ], [ 85.370222984, 28.083052797935903 ], [ 85.370615196, 28.083052797935903 ], [ 85.370615196, 28.083398446496467 ], [ 85.371007408, 28.083398446496467 ], [ 85.371007408, 28.083744095057032 ], [ 85.371791832, 28.083744095057032 ], [ 85.371791832, 28.084089743617596 ], [ 85.37336068, 28.084089743617596 ], [ 85.37336068, 28.085472337859859 ], [ 85.373752892, 28.085472337859859 ], [ 85.373752892, 28.085817986420423 ], [ 85.37336068, 28.085817986420423 ], [ 85.37336068, 28.086854932102117 ], [ 85.372968468, 28.086854932102117 ], [ 85.372968468, 28.087891877783811 ], [ 85.372576256, 28.087891877783811 ], [ 85.372576256, 28.090657066268331 ], [ 85.372968468, 28.090657066268331 ], [ 85.372968468, 28.09203966051059 ], [ 85.37336068, 28.09203966051059 ], [ 85.37336068, 28.092730957631719 ], [ 85.373752892, 28.092730957631719 ], [ 85.373752892, 28.093076606192284 ], [ 85.374537316, 28.093076606192284 ], [ 85.374537316, 28.093422254752852 ], [ 85.375713952, 28.093422254752852 ], [ 85.375713952, 28.093767903313417 ], [ 85.376106164, 28.093767903313417 ], [ 85.376106164, 28.094113551873981 ], [ 85.376498376, 28.094113551873981 ], [ 85.376498376, 28.096533091797934 ], [ 85.376890588, 28.096533091797934 ], [ 85.376890588, 28.096878740358498 ], [ 85.378067224, 28.096878740358498 ], [ 85.378067224, 28.097224388919063 ], [ 85.378459436, 28.097224388919063 ], [ 85.378459436, 28.097570037479631 ], [ 85.378851648, 28.097570037479631 ], [ 85.378851648, 28.098606983161325 ], [ 85.380420496, 28.098606983161325 ], [ 85.380420496, 28.100680874524713 ], [ 85.378851648, 28.100680874524713 ], [ 85.378851648, 28.101717820206407 ], [ 85.378459436, 28.101717820206407 ], [ 85.378459436, 28.102409117327539 ], [ 85.378851648, 28.102409117327539 ], [ 85.378851648, 28.102754765888104 ], [ 85.380420496, 28.102754765888104 ], [ 85.380420496, 28.112432925583921 ], [ 85.379636072, 28.112432925583921 ], [ 85.379636072, 28.112778574144485 ], [ 85.378851648, 28.112778574144485 ], [ 85.378851648, 28.11312422270505 ], [ 85.378459436, 28.11312422270505 ], [ 85.378459436, 28.114506816947308 ], [ 85.378851648, 28.114506816947308 ], [ 85.378851648, 28.115198114068441 ], [ 85.37924386, 28.115198114068441 ], [ 85.37924386, 28.115543762629006 ], [ 85.379636072, 28.115543762629006 ], [ 85.379636072, 28.116926356871264 ], [ 85.37924386, 28.116926356871264 ], [ 85.37924386, 28.117617653992394 ], [ 85.378851648, 28.117617653992394 ], [ 85.378851648, 28.118308951113523 ], [ 85.378459436, 28.118308951113523 ], [ 85.378459436, 28.121074139598043 ], [ 85.378067224, 28.121074139598043 ], [ 85.378067224, 28.121419788158608 ], [ 85.377675012, 28.121419788158608 ], [ 85.377675012, 28.122111085279737 ], [ 85.3772828, 28.122111085279737 ], [ 85.3772828, 28.122802382400867 ], [ 85.376890588, 28.122802382400867 ], [ 85.376890588, 28.123493679521999 ], [ 85.376498376, 28.123493679521999 ], [ 85.376498376, 28.124184976643129 ], [ 85.376106164, 28.124184976643129 ], [ 85.376106164, 28.125221922324823 ], [ 85.375713952, 28.125221922324823 ], [ 85.375713952, 28.126950165127646 ], [ 85.37532174, 28.126950165127646 ], [ 85.37532174, 28.12729581368821 ], [ 85.375713952, 28.12729581368821 ], [ 85.375713952, 28.127641462248775 ], [ 85.376106164, 28.127641462248775 ], [ 85.376106164, 28.128678407930472 ], [ 85.376498376, 28.128678407930472 ], [ 85.376498376, 28.130406650733295 ], [ 85.376890588, 28.130406650733295 ], [ 85.376890588, 28.132826190657251 ], [ 85.3772828, 28.132826190657251 ], [ 85.3772828, 28.133517487778381 ], [ 85.377675012, 28.133517487778381 ], [ 85.377675012, 28.13420878489951 ], [ 85.378067224, 28.13420878489951 ], [ 85.378067224, 28.134900082020639 ], [ 85.378459436, 28.134900082020639 ], [ 85.378459436, 28.139393513307983 ], [ 85.378067224, 28.139393513307983 ], [ 85.378067224, 28.140430458989677 ], [ 85.377675012, 28.140430458989677 ], [ 85.377675012, 28.141813053231939 ], [ 85.3772828, 28.141813053231939 ], [ 85.3772828, 28.143195647474197 ], [ 85.376890588, 28.143195647474197 ], [ 85.376890588, 28.143541296034762 ], [ 85.376498376, 28.143541296034762 ], [ 85.376498376, 28.143886944595327 ], [ 85.376106164, 28.143886944595327 ], [ 85.376106164, 28.14492389027702 ], [ 85.375713952, 28.14492389027702 ], [ 85.375713952, 28.145269538837589 ], [ 85.37532174, 28.145269538837589 ], [ 85.37532174, 28.145615187398153 ], [ 85.37492952800001, 28.145615187398153 ], [ 85.37492952800001, 28.146306484519283 ], [ 85.374537316, 28.146306484519283 ], [ 85.374537316, 28.146997781640412 ], [ 85.372184044, 28.146997781640412 ], [ 85.372184044, 28.147343430200976 ], [ 85.37139962, 28.147343430200976 ], [ 85.37139962, 28.148034727322106 ], [ 85.371007408, 28.148034727322106 ], [ 85.371007408, 28.149762970124932 ], [ 85.370615196, 28.149762970124932 ], [ 85.370615196, 28.150454267246062 ], [ 85.370222984, 28.150454267246062 ], [ 85.370222984, 28.150799915806626 ], [ 85.36943856, 28.150799915806626 ], [ 85.36943856, 28.151145564367191 ], [ 85.369046348, 28.151145564367191 ], [ 85.369046348, 28.151491212927755 ], [ 85.368654136, 28.151491212927755 ], [ 85.368654136, 28.15183686148832 ], [ 85.368261924, 28.15183686148832 ], [ 85.368261924, 28.152182510048885 ], [ 85.367869712, 28.152182510048885 ], [ 85.367869712, 28.152873807170014 ], [ 85.3674775, 28.152873807170014 ], [ 85.3674775, 28.153219455730579 ], [ 85.367085288, 28.153219455730579 ], [ 85.367085288, 28.153910752851711 ], [ 85.366693076, 28.153910752851711 ], [ 85.366693076, 28.154602049972841 ], [ 85.36630086400001, 28.154602049972841 ], [ 85.36630086400001, 28.154947698533405 ], [ 85.365908652, 28.154947698533405 ], [ 85.365908652, 28.15529334709397 ], [ 85.36551644, 28.15529334709397 ], [ 85.36551644, 28.155638995654535 ], [ 85.365124228, 28.155638995654535 ], [ 85.365124228, 28.155984644215099 ], [ 85.364339804, 28.155984644215099 ], [ 85.364339804, 28.156330292775664 ], [ 85.363947592, 28.156330292775664 ], [ 85.363947592, 28.156675941336228 ], [ 85.36355538, 28.156675941336228 ], [ 85.36355538, 28.157021589896793 ], [ 85.362378744, 28.157021589896793 ], [ 85.362378744, 28.156675941336228 ], [ 85.359241048, 28.156675941336228 ], [ 85.359241048, 28.157021589896793 ], [ 85.358456624, 28.157021589896793 ], [ 85.358456624, 28.157367238457358 ], [ 85.358064412, 28.157367238457358 ], [ 85.358064412, 28.157712887017922 ], [ 85.3576722, 28.157712887017922 ], [ 85.3576722, 28.15805853557849 ], [ 85.357279988, 28.15805853557849 ], [ 85.357279988, 28.15874983269962 ], [ 85.356887776, 28.15874983269962 ], [ 85.356887776, 28.159441129820749 ], [ 85.356495564, 28.159441129820749 ], [ 85.356495564, 28.160132426941878 ], [ 85.356103352, 28.160132426941878 ], [ 85.356103352, 28.160478075502443 ], [ 85.35571114, 28.160478075502443 ], [ 85.35571114, 28.160823724063007 ], [ 85.354926716, 28.160823724063007 ], [ 85.354926716, 28.161169372623572 ], [ 85.354534504, 28.161169372623572 ], [ 85.354534504, 28.161515021184137 ], [ 85.35375008, 28.161515021184137 ], [ 85.35375008, 28.161860669744701 ], [ 85.352965656, 28.161860669744701 ] ], [ [ 85.353357868, 28.15529334709397 ], [ 85.354142292, 28.15529334709397 ], [ 85.354142292, 28.154256401412276 ], [ 85.35375008, 28.154256401412276 ], [ 85.35375008, 28.153910752851711 ], [ 85.352965656, 28.153910752851711 ], [ 85.352965656, 28.154602049972841 ], [ 85.352573444, 28.154602049972841 ], [ 85.352573444, 28.154947698533405 ], [ 85.353357868, 28.154947698533405 ], [ 85.353357868, 28.15529334709397 ] ], [ [ 85.372576256, 28.131443596414989 ], [ 85.372968468, 28.131443596414989 ], [ 85.372968468, 28.131097947854425 ], [ 85.37336068, 28.131097947854425 ], [ 85.37336068, 28.13075229929386 ], [ 85.373752892, 28.13075229929386 ], [ 85.373752892, 28.130406650733295 ], [ 85.374145104, 28.130406650733295 ], [ 85.374145104, 28.127987110809343 ], [ 85.373752892, 28.127987110809343 ], [ 85.373752892, 28.127641462248775 ], [ 85.372576256, 28.127641462248775 ], [ 85.372576256, 28.127987110809343 ], [ 85.372184044, 28.127987110809343 ], [ 85.372184044, 28.129024056491037 ], [ 85.371791832, 28.129024056491037 ], [ 85.371791832, 28.13075229929386 ], [ 85.372184044, 28.13075229929386 ], [ 85.372184044, 28.131097947854425 ], [ 85.372576256, 28.131097947854425 ], [ 85.372576256, 28.131443596414989 ] ], [ [ 85.362378744, 28.115198114068441 ], [ 85.363947592, 28.115198114068441 ], [ 85.363947592, 28.114852465507877 ], [ 85.364339804, 28.114852465507877 ], [ 85.364339804, 28.114506816947308 ], [ 85.364732016, 28.114506816947308 ], [ 85.364732016, 28.114161168386744 ], [ 85.365124228, 28.114161168386744 ], [ 85.365124228, 28.113815519826179 ], [ 85.36551644, 28.113815519826179 ], [ 85.36551644, 28.11312422270505 ], [ 85.365124228, 28.11312422270505 ], [ 85.365124228, 28.112432925583921 ], [ 85.364339804, 28.112432925583921 ], [ 85.364339804, 28.112087277023356 ], [ 85.362378744, 28.112087277023356 ], [ 85.362378744, 28.112432925583921 ], [ 85.361986532, 28.112432925583921 ], [ 85.361986532, 28.112778574144485 ], [ 85.36159432, 28.112778574144485 ], [ 85.36159432, 28.11312422270505 ], [ 85.361202108, 28.11312422270505 ], [ 85.361202108, 28.114161168386744 ], [ 85.36159432, 28.114161168386744 ], [ 85.36159432, 28.114506816947308 ], [ 85.361986532, 28.114506816947308 ], [ 85.361986532, 28.114852465507877 ], [ 85.362378744, 28.114852465507877 ], [ 85.362378744, 28.115198114068441 ] ], [ [ 85.3282563, 28.103791711569798 ], [ 85.33021736, 28.103791711569798 ], [ 85.33021736, 28.096187443237369 ], [ 85.328648512, 28.096187443237369 ], [ 85.328648512, 28.096533091797934 ], [ 85.3282563, 28.096533091797934 ], [ 85.3282563, 28.09826133460076 ], [ 85.327864088, 28.09826133460076 ], [ 85.327864088, 28.099298280282454 ], [ 85.327471876, 28.099298280282454 ], [ 85.327471876, 28.101026523085277 ], [ 85.32707966400001, 28.101026523085277 ], [ 85.32707966400001, 28.102754765888104 ], [ 85.327471876, 28.102754765888104 ], [ 85.327471876, 28.103100414448669 ], [ 85.327864088, 28.103100414448669 ], [ 85.327864088, 28.103446063009233 ], [ 85.3282563, 28.103446063009233 ], [ 85.3282563, 28.103791711569798 ] ], [ [ 85.369046348, 28.086163634980988 ], [ 85.370222984, 28.086163634980988 ], [ 85.370222984, 28.085817986420423 ], [ 85.370615196, 28.085817986420423 ], [ 85.370615196, 28.085472337859859 ], [ 85.370222984, 28.085472337859859 ], [ 85.370222984, 28.084781040738729 ], [ 85.369830772, 28.084781040738729 ], [ 85.369830772, 28.084435392178161 ], [ 85.36943856, 28.084435392178161 ], [ 85.36943856, 28.084781040738729 ], [ 85.369046348, 28.084781040738729 ], [ 85.369046348, 28.086163634980988 ] ], [ [ 85.309822336, 28.083744095057032 ], [ 85.310214548, 28.083744095057032 ], [ 85.310214548, 28.082707149375338 ], [ 85.309822336, 28.082707149375338 ], [ 85.309822336, 28.083052797935903 ], [ 85.309430124, 28.083052797935903 ], [ 85.309430124, 28.083398446496467 ], [ 85.309822336, 28.083398446496467 ], [ 85.309822336, 28.083744095057032 ] ], [ [ 85.35963326000001, 28.083052797935903 ], [ 85.360025472, 28.083052797935903 ], [ 85.360025472, 28.082707149375338 ], [ 85.35963326000001, 28.082707149375338 ], [ 85.35963326000001, 28.083052797935903 ] ], [ [ 85.316097728, 28.066807315589351 ], [ 85.31648994, 28.066807315589351 ], [ 85.31648994, 28.066461667028786 ], [ 85.316097728, 28.066461667028786 ], [ 85.316097728, 28.066807315589351 ] ], [ [ 85.316097728, 28.060931290059749 ], [ 85.31648994, 28.060931290059749 ], [ 85.31648994, 28.059894344378055 ], [ 85.316882152, 28.059894344378055 ], [ 85.316882152, 28.058511750135793 ], [ 85.317274364, 28.058511750135793 ], [ 85.317274364, 28.058857398696361 ], [ 85.318451, 28.058857398696361 ], [ 85.318451, 28.059203047256926 ], [ 85.318843212, 28.059203047256926 ], [ 85.318843212, 28.05954869581749 ], [ 85.319235424, 28.05954869581749 ], [ 85.319235424, 28.059203047256926 ], [ 85.319627636, 28.059203047256926 ], [ 85.319627636, 28.055055264530147 ], [ 85.318451, 28.055055264530147 ], [ 85.318451, 28.055400913090711 ], [ 85.318058788, 28.055400913090711 ], [ 85.318058788, 28.056437858772405 ], [ 85.317666576, 28.056437858772405 ], [ 85.317666576, 28.05678350733297 ], [ 85.317274364, 28.05678350733297 ], [ 85.317274364, 28.057129155893534 ], [ 85.316882152, 28.057129155893534 ], [ 85.316882152, 28.057474804454099 ], [ 85.31648994, 28.057474804454099 ], [ 85.31648994, 28.057129155893534 ], [ 85.315705516, 28.057129155893534 ], [ 85.315705516, 28.060239992938619 ], [ 85.316097728, 28.060239992938619 ], [ 85.316097728, 28.060931290059749 ] ], [ [ 85.321980908, 28.05332702172732 ], [ 85.322765332, 28.05332702172732 ], [ 85.322765332, 28.052981373166755 ], [ 85.323157544, 28.052981373166755 ], [ 85.323157544, 28.051944427485061 ], [ 85.322765332, 28.051944427485061 ], [ 85.322765332, 28.050907481803367 ], [ 85.32237312, 28.050907481803367 ], [ 85.32237312, 28.050561833242803 ], [ 85.321980908, 28.050561833242803 ], [ 85.321980908, 28.051253130363932 ], [ 85.321588696, 28.051253130363932 ], [ 85.321588696, 28.052981373166755 ], [ 85.321980908, 28.052981373166755 ], [ 85.321980908, 28.05332702172732 ] ] ] } },
{ "type": "Feature", "properties": { "area_m2": 3365256.5204699566, "lat": 28.052573465398602, "lon": 85.507859192750246 }, "geometry": { "type": "Polygon", "coordinates": [ [ [ 85.525538936, 28.063696478544269 ], [ 85.525538936, 28.063350829983705 ], [ 85.52514672400001, 28.063350829983705 ], [ 85.52514672400001, 28.06300518142314 ], [ 85.524754512, 28.06300518142314 ], [ 85.524754512, 28.062659532862572 ], [ 85.523970088, 28.062659532862572 ], [ 85.523970088, 28.062313884302007 ], [ 85.523577876, 28.062313884302007 ], [ 85.523577876, 28.061968235741443 ], [ 85.52318566400001, 28.061968235741443 ], [ 85.52318566400001, 28.061622587180878 ], [ 85.52240124, 28.061622587180878 ], [ 85.52240124, 28.061276938620313 ], [ 85.521224604, 28.061276938620313 ], [ 85.521224604, 28.060931290059749 ], [ 85.520832392, 28.060931290059749 ], [ 85.520832392, 28.060239992938619 ], [ 85.52044018, 28.060239992938619 ], [ 85.52044018, 28.059894344378055 ], [ 85.520047968, 28.059894344378055 ], [ 85.520047968, 28.060239992938619 ], [ 85.519655756, 28.060239992938619 ], [ 85.519655756, 28.05954869581749 ], [ 85.519263544, 28.05954869581749 ], [ 85.519263544, 28.059203047256926 ], [ 85.518871332, 28.059203047256926 ], [ 85.518871332, 28.057820453014664 ], [ 85.51847912, 28.057820453014664 ], [ 85.51847912, 28.057474804454099 ], [ 85.517694696, 28.057474804454099 ], [ 85.517694696, 28.057129155893534 ], [ 85.516910272, 28.057129155893534 ], [ 85.516910272, 28.05678350733297 ], [ 85.51651806000001, 28.05678350733297 ], [ 85.51651806000001, 28.056437858772405 ], [ 85.516125848, 28.056437858772405 ], [ 85.516125848, 28.055746561651276 ], [ 85.515733636, 28.055746561651276 ], [ 85.515733636, 28.055400913090711 ], [ 85.515341424, 28.055400913090711 ], [ 85.515341424, 28.055055264530147 ], [ 85.514949212, 28.055055264530147 ], [ 85.514949212, 28.054709615969582 ], [ 85.514557, 28.054709615969582 ], [ 85.514557, 28.054363967409017 ], [ 85.514164788, 28.054363967409017 ], [ 85.514164788, 28.053672670287884 ], [ 85.513772576, 28.053672670287884 ], [ 85.513772576, 28.05332702172732 ], [ 85.513380364, 28.05332702172732 ], [ 85.513380364, 28.052981373166755 ], [ 85.512988152, 28.052981373166755 ], [ 85.512988152, 28.052290076045626 ], [ 85.51259594, 28.052290076045626 ], [ 85.51259594, 28.051944427485061 ], [ 85.512203728, 28.051944427485061 ], [ 85.512203728, 28.051598778924497 ], [ 85.511811516, 28.051598778924497 ], [ 85.511811516, 28.051253130363932 ], [ 85.511419304, 28.051253130363932 ], [ 85.511419304, 28.050907481803367 ], [ 85.511027092, 28.050907481803367 ], [ 85.511027092, 28.050561833242803 ], [ 85.51063488, 28.050561833242803 ], [ 85.51063488, 28.050216184682238 ], [ 85.50867382, 28.050216184682238 ], [ 85.50867382, 28.049870536121674 ], [ 85.508281608, 28.049870536121674 ], [ 85.508281608, 28.052981373166755 ], [ 85.50788939600001, 28.052981373166755 ], [ 85.50788939600001, 28.053672670287884 ], [ 85.507497184, 28.053672670287884 ], [ 85.507497184, 28.054018318848449 ], [ 85.50671276, 28.054018318848449 ], [ 85.50671276, 28.054363967409017 ], [ 85.506320548, 28.054363967409017 ], [ 85.506320548, 28.054709615969582 ], [ 85.505928336, 28.054709615969582 ], [ 85.505928336, 28.055055264530147 ], [ 85.505536124, 28.055055264530147 ], [ 85.505536124, 28.055746561651276 ], [ 85.500045156, 28.055746561651276 ], [ 85.500045156, 28.05609221021184 ], [ 85.499652944, 28.05609221021184 ], [ 85.499652944, 28.056437858772405 ], [ 85.49926073200001, 28.056437858772405 ], [ 85.49926073200001, 28.058166101575228 ], [ 85.49886852, 28.058166101575228 ], [ 85.49886852, 28.058511750135793 ], [ 85.498476308, 28.058511750135793 ], [ 85.498476308, 28.058857398696361 ], [ 85.497299672, 28.058857398696361 ], [ 85.497299672, 28.058511750135793 ], [ 85.49690746, 28.058511750135793 ], [ 85.49690746, 28.057129155893534 ], [ 85.496515248, 28.057129155893534 ], [ 85.496515248, 28.05609221021184 ], [ 85.495730824, 28.05609221021184 ], [ 85.495730824, 28.055746561651276 ], [ 85.4949464, 28.055746561651276 ], [ 85.4949464, 28.055400913090711 ], [ 85.494554188, 28.055400913090711 ], [ 85.494554188, 28.055055264530147 ], [ 85.494161976, 28.055055264530147 ], [ 85.494161976, 28.054363967409017 ], [ 85.493769764, 28.054363967409017 ], [ 85.493769764, 28.054018318848449 ], [ 85.493377552, 28.054018318848449 ], [ 85.493377552, 28.053672670287884 ], [ 85.49298534, 28.053672670287884 ], [ 85.49298534, 28.05332702172732 ], [ 85.49259312800001, 28.05332702172732 ], [ 85.49259312800001, 28.052981373166755 ], [ 85.492200916, 28.052981373166755 ], [ 85.492200916, 28.052635724606191 ], [ 85.491808704, 28.052635724606191 ], [ 85.491808704, 28.052290076045626 ], [ 85.490632068, 28.052290076045626 ], [ 85.490632068, 28.051944427485061 ], [ 85.490239856, 28.051944427485061 ], [ 85.490239856, 28.051598778924497 ], [ 85.489847644, 28.051598778924497 ], [ 85.489847644, 28.050907481803367 ], [ 85.489455432, 28.050907481803367 ], [ 85.489455432, 28.050561833242803 ], [ 85.48906322, 28.050561833242803 ], [ 85.48906322, 28.050216184682238 ], [ 85.488671008, 28.050216184682238 ], [ 85.488671008, 28.049870536121674 ], [ 85.487886584, 28.049870536121674 ], [ 85.487886584, 28.049524887561105 ], [ 85.487494372, 28.049524887561105 ], [ 85.487494372, 28.049179239000541 ], [ 85.48710216, 28.049179239000541 ], [ 85.48710216, 28.048142293318847 ], [ 85.486709948, 28.048142293318847 ], [ 85.486709948, 28.047105347637153 ], [ 85.48710216, 28.047105347637153 ], [ 85.48710216, 28.046414050516024 ], [ 85.487494372, 28.046414050516024 ], [ 85.487494372, 28.046068401955459 ], [ 85.488278796, 28.046068401955459 ], [ 85.488278796, 28.045722753394895 ], [ 85.48906322, 28.045722753394895 ], [ 85.48906322, 28.045377104834326 ], [ 85.489847644, 28.045377104834326 ], [ 85.489847644, 28.045031456273762 ], [ 85.490239856, 28.045031456273762 ], [ 85.490239856, 28.044685807713197 ], [ 85.490632068, 28.044685807713197 ], [ 85.490632068, 28.043994510592068 ], [ 85.49102428, 28.043994510592068 ], [ 85.49102428, 28.043303213470939 ], [ 85.491416492, 28.043303213470939 ], [ 85.491416492, 28.042957564910374 ], [ 85.491808704, 28.042957564910374 ], [ 85.491808704, 28.042611916349809 ], [ 85.492200916, 28.042611916349809 ], [ 85.492200916, 28.042957564910374 ], [ 85.49259312800001, 28.042957564910374 ], [ 85.49259312800001, 28.043303213470939 ], [ 85.49298534, 28.043303213470939 ], [ 85.49298534, 28.043648862031503 ], [ 85.493377552, 28.043648862031503 ], [ 85.493377552, 28.043994510592068 ], [ 85.493769764, 28.043994510592068 ], [ 85.493769764, 28.045377104834326 ], [ 85.493377552, 28.045377104834326 ], [ 85.493377552, 28.046759699076588 ], [ 85.49298534, 28.046759699076588 ], [ 85.49298534, 28.047450996197718 ], [ 85.493377552, 28.047450996197718 ], [ 85.493377552, 28.047796644758282 ], [ 85.494161976, 28.047796644758282 ], [ 85.494161976, 28.048142293318847 ], [ 85.495338612, 28.048142293318847 ], [ 85.495338612, 28.047450996197718 ], [ 85.495730824, 28.047450996197718 ], [ 85.495730824, 28.047105347637153 ], [ 85.498476308, 28.047105347637153 ], [ 85.498476308, 28.047450996197718 ], [ 85.49926073200001, 28.047450996197718 ], [ 85.49926073200001, 28.047796644758282 ], [ 85.499652944, 28.047796644758282 ], [ 85.499652944, 28.048142293318847 ], [ 85.500045156, 28.048142293318847 ], [ 85.500045156, 28.048487941879412 ], [ 85.500437368, 28.048487941879412 ], [ 85.500437368, 28.048833590439976 ], [ 85.50082958, 28.048833590439976 ], [ 85.50082958, 28.049524887561105 ], [ 85.501614004, 28.049524887561105 ], [ 85.501614004, 28.049179239000541 ], [ 85.502006216, 28.049179239000541 ], [ 85.502006216, 28.048833590439976 ], [ 85.502398428, 28.048833590439976 ], [ 85.502398428, 28.048487941879412 ], [ 85.50279064, 28.048487941879412 ], [ 85.50279064, 28.047796644758282 ], [ 85.503182852, 28.047796644758282 ], [ 85.503182852, 28.047105347637153 ], [ 85.503575064, 28.047105347637153 ], [ 85.503575064, 28.046414050516024 ], [ 85.503967276, 28.046414050516024 ], [ 85.503967276, 28.045377104834326 ], [ 85.504359488, 28.045377104834326 ], [ 85.504359488, 28.045031456273762 ], [ 85.505143912, 28.045031456273762 ], [ 85.505143912, 28.045377104834326 ], [ 85.50671276, 28.045377104834326 ], [ 85.50671276, 28.045722753394895 ], [ 85.508281608, 28.045722753394895 ], [ 85.508281608, 28.046068401955459 ], [ 85.509066032, 28.046068401955459 ], [ 85.509066032, 28.046414050516024 ], [ 85.509458244, 28.046414050516024 ], [ 85.509458244, 28.046759699076588 ], [ 85.509850456, 28.046759699076588 ], [ 85.509850456, 28.047796644758282 ], [ 85.510242668, 28.047796644758282 ], [ 85.510242668, 28.048833590439976 ], [ 85.51063488, 28.048833590439976 ], [ 85.51063488, 28.049179239000541 ], [ 85.511027092, 28.049179239000541 ], [ 85.511027092, 28.048833590439976 ], [ 85.512203728, 28.048833590439976 ], [ 85.512203728, 28.048487941879412 ], [ 85.517302484, 28.048487941879412 ], [ 85.517302484, 28.048833590439976 ], [ 85.517694696, 28.048833590439976 ], [ 85.517694696, 28.049179239000541 ], [ 85.518086908, 28.049179239000541 ], [ 85.518086908, 28.049524887561105 ], [ 85.518871332, 28.049524887561105 ], [ 85.518871332, 28.050216184682238 ], [ 85.519263544, 28.050216184682238 ], [ 85.519263544, 28.051253130363932 ], [ 85.519655756, 28.051253130363932 ], [ 85.519655756, 28.051944427485061 ], [ 85.520047968, 28.051944427485061 ], [ 85.520047968, 28.052635724606191 ], [ 85.52044018, 28.052635724606191 ], [ 85.52044018, 28.052981373166755 ], [ 85.521224604, 28.052981373166755 ], [ 85.521224604, 28.05332702172732 ], [ 85.522009028, 28.05332702172732 ], [ 85.522009028, 28.053672670287884 ], [ 85.522793452, 28.053672670287884 ], [ 85.522793452, 28.054018318848449 ], [ 85.523577876, 28.054018318848449 ], [ 85.523577876, 28.053672670287884 ], [ 85.523970088, 28.053672670287884 ], [ 85.523970088, 28.05332702172732 ], [ 85.5243623, 28.05332702172732 ], [ 85.5243623, 28.052981373166755 ], [ 85.524754512, 28.052981373166755 ], [ 85.524754512, 28.052635724606191 ], [ 85.52514672400001, 28.052635724606191 ], [ 85.52514672400001, 28.052290076045626 ], [ 85.525538936, 28.052290076045626 ], [ 85.525538936, 28.051944427485061 ], [ 85.526715572, 28.051944427485061 ], [ 85.526715572, 28.052290076045626 ], [ 85.527107784, 28.052290076045626 ], [ 85.527107784, 28.05332702172732 ], [ 85.527499996, 28.05332702172732 ], [ 85.527499996, 28.058511750135793 ], [ 85.527892208, 28.058511750135793 ], [ 85.527892208, 28.059894344378055 ], [ 85.52828442, 28.059894344378055 ], [ 85.52828442, 28.061968235741443 ], [ 85.527892208, 28.061968235741443 ], [ 85.527892208, 28.062313884302007 ], [ 85.527499996, 28.062313884302007 ], [ 85.527499996, 28.062659532862572 ], [ 85.527107784, 28.062659532862572 ], [ 85.527107784, 28.06300518142314 ], [ 85.526715572, 28.06300518142314 ], [ 85.526715572, 28.063350829983705 ], [ 85.52632336, 28.063350829983705 ], [ 85.52632336, 28.063696478544269 ], [ 85.525538936, 28.063696478544269 ] ] ] } },
{ "type": "Feature", "properties": { "area_m2": 2358730.1425402975, "lat": 28.049391671099581, "lon": 85.249236879277404 }, "geometry": { "type": "Polygon", "coordinates": [ [ [ 85.252951596, 28.059203047256926 ], [ 85.252951596, 28.058857398696361 ], [ 85.25177496, 28.058857398696361 ], [ 85.25177496, 28.058166101575228 ], [ 85.251382748, 28.058166101575228 ], [ 85.251382748, 28.057820453014664 ], [ 85.25177496, 28.057820453014664 ], [ 85.25177496, 28.055055264530147 ], [ 85.251382748, 28.055055264530147 ], [ 85.251382748, 28.054709615969582 ], [ 85.250598324, 28.054709615969582 ], [ 85.250598324, 28.054363967409017 ], [ 85.24863726400001, 28.054363967409017 ], [ 85.24863726400001, 28.054018318848449 ], [ 85.24785284, 28.054018318848449 ], [ 85.24785284, 28.053672670287884 ], [ 85.247460628, 28.053672670287884 ], [ 85.247460628, 28.05332702172732 ], [ 85.247068416, 28.05332702172732 ], [ 85.247068416, 28.052981373166755 ], [ 85.246283992, 28.052981373166755 ], [ 85.246283992, 28.052635724606191 ], [ 85.244322932, 28.052635724606191 ], [ 85.244322932, 28.052290076045626 ], [ 85.241577448, 28.052290076045626 ], [ 85.241577448, 28.052635724606191 ], [ 85.240793024, 28.052635724606191 ], [ 85.240793024, 28.052290076045626 ], [ 85.24000860000001, 28.052290076045626 ], [ 85.24000860000001, 28.051944427485061 ], [ 85.239616388, 28.051944427485061 ], [ 85.239616388, 28.050907481803367 ], [ 85.239224176, 28.050907481803367 ], [ 85.239224176, 28.048833590439976 ], [ 85.238831964, 28.048833590439976 ], [ 85.238831964, 28.047796644758282 ], [ 85.238439752, 28.047796644758282 ], [ 85.238439752, 28.047450996197718 ], [ 85.23804754, 28.047450996197718 ], [ 85.23804754, 28.046759699076588 ], [ 85.238439752, 28.046759699076588 ], [ 85.238439752, 28.046414050516024 ], [ 85.238831964, 28.046414050516024 ], [ 85.238831964, 28.045722753394895 ], [ 85.239224176, 28.045722753394895 ], [ 85.239224176, 28.044340159152632 ], [ 85.239616388, 28.044340159152632 ], [ 85.239616388, 28.043303213470939 ], [ 85.24000860000001, 28.043303213470939 ], [ 85.24000860000001, 28.042266267789245 ], [ 85.240400812, 28.042266267789245 ], [ 85.240400812, 28.04192061922868 ], [ 85.240793024, 28.04192061922868 ], [ 85.240793024, 28.041574970668115 ], [ 85.241185236, 28.041574970668115 ], [ 85.241185236, 28.04192061922868 ], [ 85.24196966, 28.04192061922868 ], [ 85.24196966, 28.042266267789245 ], [ 85.242361872, 28.042266267789245 ], [ 85.242361872, 28.042611916349809 ], [ 85.242754084, 28.042611916349809 ], [ 85.242754084, 28.043303213470939 ], [ 85.243146296, 28.043303213470939 ], [ 85.243146296, 28.044340159152632 ], [ 85.243538508, 28.044340159152632 ], [ 85.243538508, 28.045031456273762 ], [ 85.244322932, 28.045031456273762 ], [ 85.244322932, 28.044685807713197 ], [ 85.245107356, 28.044685807713197 ], [ 85.245107356, 28.044340159152632 ], [ 85.245499568, 28.044340159152632 ], [ 85.245499568, 28.043994510592068 ], [ 85.24589178, 28.043994510592068 ], [ 85.24589178, 28.043303213470939 ], [ 85.246283992, 28.043303213470939 ], [ 85.246283992, 28.042611916349809 ], [ 85.246676204, 28.042611916349809 ], [ 85.246676204, 28.04192061922868 ], [ 85.247068416, 28.04192061922868 ], [ 85.247068416, 28.041574970668115 ], [ 85.248245052, 28.041574970668115 ], [ 85.248245052, 28.041229322107547 ], [ 85.250206112, 28.041229322107547 ], [ 85.250206112, 28.041574970668115 ], [ 85.250990536, 28.041574970668115 ], [ 85.250990536, 28.042266267789245 ], [ 85.251382748, 28.042266267789245 ], [ 85.251382748, 28.042611916349809 ], [ 85.25177496, 28.042611916349809 ], [ 85.25177496, 28.042957564910374 ], [ 85.252167172, 28.042957564910374 ], [ 85.252167172, 28.043303213470939 ], [ 85.252559384, 28.043303213470939 ], [ 85.252559384, 28.043648862031503 ], [ 85.253343808, 28.043648862031503 ], [ 85.253343808, 28.043994510592068 ], [ 85.254128232, 28.043994510592068 ], [ 85.254128232, 28.044340159152632 ], [ 85.254520444, 28.044340159152632 ], [ 85.254520444, 28.045031456273762 ], [ 85.254912656, 28.045031456273762 ], [ 85.254912656, 28.045377104834326 ], [ 85.255304868, 28.045377104834326 ], [ 85.255304868, 28.045722753394895 ], [ 85.25569708, 28.045722753394895 ], [ 85.25569708, 28.046068401955459 ], [ 85.256089292, 28.046068401955459 ], [ 85.256089292, 28.046414050516024 ], [ 85.256481504, 28.046414050516024 ], [ 85.256481504, 28.046759699076588 ], [ 85.256873716, 28.046759699076588 ], [ 85.256873716, 28.047105347637153 ], [ 85.25726592800001, 28.047105347637153 ], [ 85.25726592800001, 28.048833590439976 ], [ 85.25765814, 28.048833590439976 ], [ 85.25765814, 28.049524887561105 ], [ 85.258050352, 28.049524887561105 ], [ 85.258050352, 28.052290076045626 ], [ 85.258442564, 28.052290076045626 ], [ 85.258442564, 28.05332702172732 ], [ 85.258050352, 28.05332702172732 ], [ 85.258050352, 28.056437858772405 ], [ 85.25765814, 28.056437858772405 ], [ 85.25765814, 28.057129155893534 ], [ 85.25726592800001, 28.057129155893534 ], [ 85.25726592800001, 28.058166101575228 ], [ 85.256873716, 28.058166101575228 ], [ 85.256873716, 28.058511750135793 ], [ 85.256089292, 28.058511750135793 ], [ 85.256089292, 28.058857398696361 ], [ 85.254128232, 28.058857398696361 ], [ 85.254128232, 28.059203047256926 ], [ 85.252951596, 28.059203047256926 ] ] ] } },
{ "type": "Feature", "properties": { "area_m2": 1008640.0439651133, "lat": 28.044567133353819, "lon": 85.477734724787723 }, "geometry": { "type": "Polygon", "coordinates": [ [ [ 85.476120224, 28.052290076045626 ], [ 85.476120224, 28.051944427485061 ], [ 85.475728012, 28.051944427485061 ], [ 85.475728012, 28.051598778924497 ], [ 85.475335800000011, 28.051598778924497 ], [ 85.475335800000011, 28.051253130363932 ], [ 85.474943588, 28.051253130363932 ], [ 85.474943588, 28.050561833242803 ], [ 85.474551376, 28.050561833242803 ], [ 85.474551376, 28.049179239000541 ], [ 85.474159164, 28.049179239000541 ], [ 85.474159164, 28.047450996197718 ], [ 85.473766952, 28.047450996197718 ], [ 85.473766952, 28.046414050516024 ], [ 85.474159164, 28.046414050516024 ], [ 85.474159164, 28.044340159152632 ], [ 85.474551376, 28.044340159152632 ], [ 85.474551376, 28.042266267789245 ], [ 85.474943588, 28.042266267789245 ], [ 85.474943588, 28.038809782183595 ], [ 85.475335800000011, 28.038809782183595 ], [ 85.475335800000011, 28.037772836501901 ], [ 85.475728012, 28.037772836501901 ], [ 85.475728012, 28.037427187941336 ], [ 85.476512436, 28.037427187941336 ], [ 85.476512436, 28.037081539380772 ], [ 85.477689072, 28.037081539380772 ], [ 85.477689072, 28.036735890820204 ], [ 85.478081284, 28.036735890820204 ], [ 85.478081284, 28.036390242259639 ], [ 85.478473496, 28.036390242259639 ], [ 85.478473496, 28.036044593699074 ], [ 85.478865708, 28.036044593699074 ], [ 85.478865708, 28.03569894513851 ], [ 85.480826768, 28.03569894513851 ], [ 85.480826768, 28.037427187941336 ], [ 85.47925792, 28.037427187941336 ], [ 85.47925792, 28.038118485062466 ], [ 85.478865708, 28.038118485062466 ], [ 85.478865708, 28.038809782183595 ], [ 85.480826768, 28.038809782183595 ], [ 85.480826768, 28.051944427485061 ], [ 85.476512436, 28.051944427485061 ], [ 85.476512436, 28.052290076045626 ], [ 85.476120224, 28.052290076045626 ] ] ] } },
{ "type": "Feature", "properties": { "area_m2": 25109.618025124288, "lat": 28.036156421174553, "lon": 85.346978655176471 }, "geometry": { "type": "Polygon", "coordinates": [ [ [ 85.347082476, 28.037081539380772 ], [ 85.347082476, 28.036735890820204 ], [ 85.346298052, 28.036735890820204 ], [ 85.346298052, 28.036390242259639 ], [ 85.34590584, 28.036390242259639 ], [ 85.34590584, 28.03569894513851 ], [ 85.346690264, 28.03569894513851 ], [ 85.346690264, 28.035353296577945 ], [ 85.347474688, 28.035353296577945 ], [ 85.347474688, 28.03569894513851 ], [ 85.3478669, 28.03569894513851 ], [ 85.3478669, 28.036735890820204 ], [ 85.347474688, 28.036735890820204 ], [ 85.347474688, 28.037081539380772 ], [ 85.347082476, 28.037081539380772 ] ] ] } },
{ "type": "Feature", "properties": { "area_m2": 31010.653565451234, "lat": 28.035229850663455, "lon": 85.684300750571424 }, "geometry": { "type": "Polygon", "coordinates": [ [ [ 85.683600372, 28.036044593699074 ], [ 85.683600372, 28.03500764801738 ], [ 85.68320816, 28.03500764801738 ], [ 85.68320816, 28.034316350896251 ], [ 85.684384796, 28.034316350896251 ], [ 85.684384796, 28.034661999456816 ], [ 85.68516922, 28.034661999456816 ], [ 85.68516922, 28.03569894513851 ], [ 85.685561432, 28.03569894513851 ], [ 85.685561432, 28.036044593699074 ], [ 85.683600372, 28.036044593699074 ] ] ] } },
{ "type": "Feature", "properties": { "area_m2": 9085346.1516638417, "lat": 28.05298182264476, "lon": 85.345292148076737 }, "geometry": { "type": "Polygon", "coordinates": [ [ [ 85.337669388, 28.072683341118957 ], [ 85.337669388, 28.072337692558392 ], [ 85.337277176, 28.072337692558392 ], [ 85.337277176, 28.071992043997827 ], [ 85.336884964, 28.071992043997827 ], [ 85.336884964, 28.069918152634436 ], [ 85.336492752, 28.069918152634436 ], [ 85.336492752, 28.068881206952742 ], [ 85.33610054, 28.068881206952742 ], [ 85.33610054, 28.068535558392178 ], [ 85.33570832800001, 28.068535558392178 ], [ 85.33570832800001, 28.068189909831613 ], [ 85.335316116, 28.068189909831613 ], [ 85.335316116, 28.067498612710484 ], [ 85.334923904, 28.067498612710484 ], [ 85.334923904, 28.066807315589351 ], [ 85.334531692, 28.066807315589351 ], [ 85.334531692, 28.065079072786528 ], [ 85.33413948, 28.065079072786528 ], [ 85.33413948, 28.063350829983705 ], [ 85.334531692, 28.063350829983705 ], [ 85.334531692, 28.062659532862572 ], [ 85.334923904, 28.062659532862572 ], [ 85.334923904, 28.062313884302007 ], [ 85.335316116, 28.062313884302007 ], [ 85.335316116, 28.061968235741443 ], [ 85.33570832800001, 28.061968235741443 ], [ 85.33570832800001, 28.061622587180878 ], [ 85.33610054, 28.061622587180878 ], [ 85.33610054, 28.060931290059749 ], [ 85.336492752, 28.060931290059749 ], [ 85.336492752, 28.060585641499184 ], [ 85.33610054, 28.060585641499184 ], [ 85.33610054, 28.059894344378055 ], [ 85.335316116, 28.059894344378055 ], [ 85.335316116, 28.05954869581749 ], [ 85.334923904, 28.05954869581749 ], [ 85.334923904, 28.059203047256926 ], [ 85.334531692, 28.059203047256926 ], [ 85.334531692, 28.058511750135793 ], [ 85.33413948, 28.058511750135793 ], [ 85.33413948, 28.057820453014664 ], [ 85.333747268, 28.057820453014664 ], [ 85.333747268, 28.058857398696361 ], [ 85.333355056, 28.058857398696361 ], [ 85.333355056, 28.059894344378055 ], [ 85.332962844, 28.059894344378055 ], [ 85.332962844, 28.060585641499184 ], [ 85.332570632, 28.060585641499184 ], [ 85.332570632, 28.059203047256926 ], [ 85.33217842, 28.059203047256926 ], [ 85.33217842, 28.056437858772405 ], [ 85.331786208, 28.056437858772405 ], [ 85.331786208, 28.055746561651276 ], [ 85.33021736, 28.055746561651276 ], [ 85.33021736, 28.055400913090711 ], [ 85.331786208, 28.055400913090711 ], [ 85.331786208, 28.055055264530147 ], [ 85.33217842, 28.055055264530147 ], [ 85.33217842, 28.054018318848449 ], [ 85.332570632, 28.054018318848449 ], [ 85.332570632, 28.052635724606191 ], [ 85.332962844, 28.052635724606191 ], [ 85.332962844, 28.050561833242803 ], [ 85.332570632, 28.050561833242803 ], [ 85.332570632, 28.047796644758282 ], [ 85.33217842, 28.047796644758282 ], [ 85.33217842, 28.044340159152632 ], [ 85.331786208, 28.044340159152632 ], [ 85.331786208, 28.043994510592068 ], [ 85.33021736, 28.043994510592068 ], [ 85.33021736, 28.039846727865289 ], [ 85.33217842, 28.039846727865289 ], [ 85.33217842, 28.039501079304724 ], [ 85.332962844, 28.039501079304724 ], [ 85.332962844, 28.03915543074416 ], [ 85.333355056, 28.03915543074416 ], [ 85.333355056, 28.038809782183595 ], [ 85.333747268, 28.038809782183595 ], [ 85.333747268, 28.036735890820204 ], [ 85.33413948, 28.036735890820204 ], [ 85.33413948, 28.036044593699074 ], [ 85.334531692, 28.036044593699074 ], [ 85.334531692, 28.03569894513851 ], [ 85.334923904, 28.03569894513851 ], [ 85.334923904, 28.035353296577945 ], [ 85.33570832800001, 28.035353296577945 ], [ 85.33570832800001, 28.03500764801738 ], [ 85.336492752, 28.03500764801738 ], [ 85.336492752, 28.034661999456816 ], [ 85.337669388, 28.034661999456816 ], [ 85.337669388, 28.034316350896251 ], [ 85.338846024, 28.034316350896251 ], [ 85.338846024, 28.033970702335687 ], [ 85.339630448, 28.033970702335687 ], [ 85.339630448, 28.033625053775122 ], [ 85.34002266, 28.033625053775122 ], [ 85.34002266, 28.031896810972295 ], [ 85.344336992, 28.031896810972295 ], [ 85.344336992, 28.033970702335687 ], [ 85.34394478, 28.033970702335687 ], [ 85.34394478, 28.036044593699074 ], [ 85.343552568, 28.036044593699074 ], [ 85.343552568, 28.037081539380772 ], [ 85.343160356, 28.037081539380772 ], [ 85.343160356, 28.037772836501901 ], [ 85.342768144, 28.037772836501901 ], [ 85.342768144, 28.03846413362303 ], [ 85.34237593200001, 28.03846413362303 ], [ 85.34237593200001, 28.038809782183595 ], [ 85.342768144, 28.038809782183595 ], [ 85.342768144, 28.03915543074416 ], [ 85.343160356, 28.03915543074416 ], [ 85.343160356, 28.039501079304724 ], [ 85.343552568, 28.039501079304724 ], [ 85.343552568, 28.039846727865289 ], [ 85.347082476, 28.039846727865289 ], [ 85.347082476, 28.039501079304724 ], [ 85.347474688, 28.039501079304724 ], [ 85.347474688, 28.039846727865289 ], [ 85.348651324, 28.039846727865289 ], [ 85.348651324, 28.040192376425853 ], [ 85.349435748, 28.040192376425853 ], [ 85.349435748, 28.040538024986418 ], [ 85.34982796, 28.040538024986418 ], [ 85.34982796, 28.040883673546983 ], [ 85.350220172, 28.040883673546983 ], [ 85.350220172, 28.041229322107547 ], [ 85.350612384, 28.041229322107547 ], [ 85.350612384, 28.041574970668115 ], [ 85.35100459600001, 28.041574970668115 ], [ 85.35100459600001, 28.04192061922868 ], [ 85.351396808, 28.04192061922868 ], [ 85.351396808, 28.042266267789245 ], [ 85.352181232, 28.042266267789245 ], [ 85.352181232, 28.042611916349809 ], [ 85.352573444, 28.042611916349809 ], [ 85.352573444, 28.042957564910374 ], [ 85.353357868, 28.042957564910374 ], [ 85.353357868, 28.043303213470939 ], [ 85.354142292, 28.043303213470939 ], [ 85.354142292, 28.042957564910374 ], [ 85.356103352, 28.042957564910374 ], [ 85.356103352, 28.042611916349809 ], [ 85.358456624, 28.042611916349809 ], [ 85.358456624, 28.042957564910374 ], [ 85.360417684, 28.042957564910374 ], [ 85.360417684, 28.043303213470939 ], [ 85.360809896, 28.043303213470939 ], [ 85.360809896, 28.043994510592068 ], [ 85.361202108, 28.043994510592068 ], [ 85.361202108, 28.044340159152632 ], [ 85.36159432, 28.044340159152632 ], [ 85.36159432, 28.045031456273762 ], [ 85.361986532, 28.045031456273762 ], [ 85.361986532, 28.045722753394895 ], [ 85.362378744, 28.045722753394895 ], [ 85.362378744, 28.046068401955459 ], [ 85.363163168, 28.046068401955459 ], [ 85.363163168, 28.046414050516024 ], [ 85.363947592, 28.046414050516024 ], [ 85.363947592, 28.046759699076588 ], [ 85.364732016, 28.046759699076588 ], [ 85.364732016, 28.047105347637153 ], [ 85.365124228, 28.047105347637153 ], [ 85.365124228, 28.047450996197718 ], [ 85.364732016, 28.047450996197718 ], [ 85.364732016, 28.049870536121674 ], [ 85.364339804, 28.049870536121674 ], [ 85.364339804, 28.050216184682238 ], [ 85.363947592, 28.050216184682238 ], [ 85.363947592, 28.050561833242803 ], [ 85.36355538, 28.050561833242803 ], [ 85.36355538, 28.050907481803367 ], [ 85.363163168, 28.050907481803367 ], [ 85.363163168, 28.051253130363932 ], [ 85.36159432, 28.051253130363932 ], [ 85.36159432, 28.051598778924497 ], [ 85.361202108, 28.051598778924497 ], [ 85.361202108, 28.052290076045626 ], [ 85.360809896, 28.052290076045626 ], [ 85.360809896, 28.05332702172732 ], [ 85.360417684, 28.05332702172732 ], [ 85.360417684, 28.054018318848449 ], [ 85.360025472, 28.054018318848449 ], [ 85.360025472, 28.055055264530147 ], [ 85.35963326000001, 28.055055264530147 ], [ 85.35963326000001, 28.055746561651276 ], [ 85.360025472, 28.055746561651276 ], [ 85.360025472, 28.057474804454099 ], [ 85.35963326000001, 28.057474804454099 ], [ 85.35963326000001, 28.058166101575228 ], [ 85.359241048, 28.058166101575228 ], [ 85.359241048, 28.058511750135793 ], [ 85.358848836, 28.058511750135793 ], [ 85.358848836, 28.058857398696361 ], [ 85.358064412, 28.058857398696361 ], [ 85.358064412, 28.059203047256926 ], [ 85.3576722, 28.059203047256926 ], [ 85.3576722, 28.05954869581749 ], [ 85.356887776, 28.05954869581749 ], [ 85.356887776, 28.059894344378055 ], [ 85.356495564, 28.059894344378055 ], [ 85.356495564, 28.060585641499184 ], [ 85.356103352, 28.060585641499184 ], [ 85.356103352, 28.060931290059749 ], [ 85.35571114, 28.060931290059749 ], [ 85.35571114, 28.061968235741443 ], [ 85.355318928, 28.061968235741443 ], [ 85.355318928, 28.063696478544269 ], [ 85.354926716, 28.063696478544269 ], [ 85.354926716, 28.064387775665399 ], [ 85.354534504, 28.064387775665399 ], [ 85.354534504, 28.065079072786528 ], [ 85.354142292, 28.065079072786528 ], [ 85.354142292, 28.066116018468222 ], [ 85.35375008, 28.066116018468222 ], [ 85.35375008, 28.067152964149919 ], [ 85.353357868, 28.067152964149919 ], [ 85.353357868, 28.067844261271048 ], [ 85.352965656, 28.067844261271048 ], [ 85.352965656, 28.068189909831613 ], [ 85.352573444, 28.068189909831613 ], [ 85.352573444, 28.068535558392178 ], [ 85.352181232, 28.068535558392178 ], [ 85.352181232, 28.069226855513307 ], [ 85.351396808, 28.069226855513307 ], [ 85.351396808, 28.069572504073871 ], [ 85.350612384, 28.069572504073871 ], [ 85.350612384, 28.069918152634436 ], [ 85.34982796, 28.069918152634436 ], [ 85.34982796, 28.070263801195001 ], [ 85.349043536, 28.070263801195001 ], [ 85.349043536, 28.070609449755565 ], [ 85.348259112, 28.070609449755565 ], [ 85.348259112, 28.07095509831613 ], [ 85.347082476, 28.07095509831613 ], [ 85.347082476, 28.071300746876695 ], [ 85.345513628, 28.071300746876695 ], [ 85.345513628, 28.071646395437263 ], [ 85.344336992, 28.071646395437263 ], [ 85.344336992, 28.071992043997827 ], [ 85.341591508, 28.071992043997827 ], [ 85.341591508, 28.072337692558392 ], [ 85.339238236, 28.072337692558392 ], [ 85.339238236, 28.072683341118957 ], [ 85.337669388, 28.072683341118957 ] ], [ [ 85.340807084, 28.05332702172732 ], [ 85.341591508, 28.05332702172732 ], [ 85.341591508, 28.052981373166755 ], [ 85.34198372, 28.052981373166755 ], [ 85.34198372, 28.052290076045626 ], [ 85.340807084, 28.052290076045626 ], [ 85.340807084, 28.05332702172732 ] ] ] } },
{ "type": "Feature", "properties": { "area_m2": 8107087.5173539249, "lat": 28.054231933561688, "lon": 85.693371279343253 }, "geometry": { "type": "Polygon", "coordinates": [ [ [ 85.68869912800001, 28.074065935361215 ], [ 85.68869912800001, 28.073720286800651 ], [ 85.68713028, 28.073720286800651 ], [ 85.68713028, 28.073374638240086 ], [ 85.686345856, 28.073374638240086 ], [ 85.686345856, 28.073028989679521 ], [ 85.685953644, 28.073028989679521 ], [ 85.685953644, 28.072683341118957 ], [ 85.685561432, 28.072683341118957 ], [ 85.685561432, 28.071992043997827 ], [ 85.68516922, 28.071992043997827 ], [ 85.68516922, 28.071646395437263 ], [ 85.684777008, 28.071646395437263 ], [ 85.684777008, 28.071300746876695 ], [ 85.683992584, 28.071300746876695 ], [ 85.683992584, 28.07095509831613 ], [ 85.683600372, 28.07095509831613 ], [ 85.683600372, 28.070609449755565 ], [ 85.68320816, 28.070609449755565 ], [ 85.68320816, 28.070263801195001 ], [ 85.68203152400001, 28.070263801195001 ], [ 85.68203152400001, 28.069918152634436 ], [ 85.681639312, 28.069918152634436 ], [ 85.681639312, 28.062659532862572 ], [ 85.683600372, 28.062659532862572 ], [ 85.683600372, 28.061276938620313 ], [ 85.683992584, 28.061276938620313 ], [ 85.683992584, 28.055400913090711 ], [ 85.683600372, 28.055400913090711 ], [ 85.683600372, 28.055055264530147 ], [ 85.683992584, 28.055055264530147 ], [ 85.683992584, 28.052635724606191 ], [ 85.683600372, 28.052635724606191 ], [ 85.683600372, 28.052290076045626 ], [ 85.68320816, 28.052290076045626 ], [ 85.68320816, 28.051944427485061 ], [ 85.681639312, 28.051944427485061 ], [ 85.681639312, 28.041229322107547 ], [ 85.683600372, 28.041229322107547 ], [ 85.683600372, 28.040883673546983 ], [ 85.684384796, 28.040883673546983 ], [ 85.684384796, 28.040192376425853 ], [ 85.684777008, 28.040192376425853 ], [ 85.684777008, 28.040538024986418 ], [ 85.68516922, 28.040538024986418 ], [ 85.68516922, 28.040883673546983 ], [ 85.685561432, 28.040883673546983 ], [ 85.685561432, 28.040538024986418 ], [ 85.685953644, 28.040538024986418 ], [ 85.685953644, 28.040192376425853 ], [ 85.686345856, 28.040192376425853 ], [ 85.686345856, 28.039846727865289 ], [ 85.68713028, 28.039846727865289 ], [ 85.68713028, 28.039501079304724 ], [ 85.687914704, 28.039501079304724 ], [ 85.687914704, 28.03915543074416 ], [ 85.688306916, 28.03915543074416 ], [ 85.688306916, 28.037772836501901 ], [ 85.687914704, 28.037772836501901 ], [ 85.687914704, 28.03569894513851 ], [ 85.688306916, 28.03569894513851 ], [ 85.688306916, 28.03500764801738 ], [ 85.68869912800001, 28.03500764801738 ], [ 85.68869912800001, 28.034661999456816 ], [ 85.689875764, 28.034661999456816 ], [ 85.689875764, 28.034316350896251 ], [ 85.69066018800001, 28.034316350896251 ], [ 85.69066018800001, 28.033970702335687 ], [ 85.691444612, 28.033970702335687 ], [ 85.691444612, 28.033625053775122 ], [ 85.692229036, 28.033625053775122 ], [ 85.692229036, 28.033279405214557 ], [ 85.692621248, 28.033279405214557 ], [ 85.692621248, 28.031896810972295 ], [ 85.69301346, 28.031896810972295 ], [ 85.69301346, 28.033279405214557 ], [ 85.694582308, 28.033279405214557 ], [ 85.694582308, 28.033625053775122 ], [ 85.695758944, 28.033625053775122 ], [ 85.695758944, 28.033970702335687 ], [ 85.696151156, 28.033970702335687 ], [ 85.696151156, 28.034661999456816 ], [ 85.69693558, 28.034661999456816 ], [ 85.69693558, 28.03500764801738 ], [ 85.698112216, 28.03500764801738 ], [ 85.698112216, 28.035353296577945 ], [ 85.699681064, 28.035353296577945 ], [ 85.699681064, 28.03569894513851 ], [ 85.700465488, 28.03569894513851 ], [ 85.700465488, 28.036390242259639 ], [ 85.7008577, 28.036390242259639 ], [ 85.7008577, 28.036735890820204 ], [ 85.701249912, 28.036735890820204 ], [ 85.701249912, 28.037081539380772 ], [ 85.701642124, 28.037081539380772 ], [ 85.701642124, 28.037427187941336 ], [ 85.702426548, 28.037427187941336 ], [ 85.702426548, 28.037772836501901 ], [ 85.70281876, 28.037772836501901 ], [ 85.70281876, 28.038809782183595 ], [ 85.703210972, 28.038809782183595 ], [ 85.703210972, 28.039501079304724 ], [ 85.70281876, 28.039501079304724 ], [ 85.70281876, 28.042266267789245 ], [ 85.703210972, 28.042266267789245 ], [ 85.703210972, 28.042611916349809 ], [ 85.703603184, 28.042611916349809 ], [ 85.703603184, 28.042957564910374 ], [ 85.70399539600001, 28.042957564910374 ], [ 85.70399539600001, 28.043648862031503 ], [ 85.704387608, 28.043648862031503 ], [ 85.704387608, 28.043994510592068 ], [ 85.705172032, 28.043994510592068 ], [ 85.705172032, 28.044685807713197 ], [ 85.70477982, 28.044685807713197 ], [ 85.70477982, 28.045031456273762 ], [ 85.704387608, 28.045031456273762 ], [ 85.704387608, 28.045722753394895 ], [ 85.70399539600001, 28.045722753394895 ], [ 85.70399539600001, 28.046068401955459 ], [ 85.703603184, 28.046068401955459 ], [ 85.703603184, 28.046759699076588 ], [ 85.703210972, 28.046759699076588 ], [ 85.703210972, 28.047450996197718 ], [ 85.70281876, 28.047450996197718 ], [ 85.70281876, 28.048487941879412 ], [ 85.702426548, 28.048487941879412 ], [ 85.702426548, 28.049870536121674 ], [ 85.702034336, 28.049870536121674 ], [ 85.702034336, 28.050216184682238 ], [ 85.701249912, 28.050216184682238 ], [ 85.701249912, 28.050561833242803 ], [ 85.700465488, 28.050561833242803 ], [ 85.700465488, 28.051253130363932 ], [ 85.700073276, 28.051253130363932 ], [ 85.700073276, 28.052290076045626 ], [ 85.699681064, 28.052290076045626 ], [ 85.699681064, 28.052981373166755 ], [ 85.700073276, 28.052981373166755 ], [ 85.700073276, 28.054709615969582 ], [ 85.700465488, 28.054709615969582 ], [ 85.700465488, 28.055400913090711 ], [ 85.701249912, 28.055400913090711 ], [ 85.701249912, 28.055746561651276 ], [ 85.702034336, 28.055746561651276 ], [ 85.702034336, 28.05609221021184 ], [ 85.705564244, 28.05609221021184 ], [ 85.705564244, 28.056437858772405 ], [ 85.70595645600001, 28.056437858772405 ], [ 85.70595645600001, 28.05678350733297 ], [ 85.706348668, 28.05678350733297 ], [ 85.706348668, 28.057129155893534 ], [ 85.70674088, 28.057129155893534 ], [ 85.70674088, 28.057474804454099 ], [ 85.707133092, 28.057474804454099 ], [ 85.707133092, 28.057820453014664 ], [ 85.707525304, 28.057820453014664 ], [ 85.707525304, 28.059203047256926 ], [ 85.707917516, 28.059203047256926 ], [ 85.707917516, 28.061276938620313 ], [ 85.707525304, 28.061276938620313 ], [ 85.707525304, 28.061968235741443 ], [ 85.707133092, 28.061968235741443 ], [ 85.707133092, 28.062313884302007 ], [ 85.70674088, 28.062313884302007 ], [ 85.70674088, 28.062659532862572 ], [ 85.706348668, 28.062659532862572 ], [ 85.706348668, 28.063350829983705 ], [ 85.70595645600001, 28.063350829983705 ], [ 85.70595645600001, 28.064387775665399 ], [ 85.706348668, 28.064387775665399 ], [ 85.706348668, 28.065424721347092 ], [ 85.70674088, 28.065424721347092 ], [ 85.70674088, 28.066116018468222 ], [ 85.707133092, 28.066116018468222 ], [ 85.707133092, 28.066461667028786 ], [ 85.70674088, 28.066461667028786 ], [ 85.70674088, 28.067152964149919 ], [ 85.706348668, 28.067152964149919 ], [ 85.706348668, 28.067844261271048 ], [ 85.70595645600001, 28.067844261271048 ], [ 85.70595645600001, 28.068535558392178 ], [ 85.705564244, 28.068535558392178 ], [ 85.705564244, 28.068881206952742 ], [ 85.70477982, 28.068881206952742 ], [ 85.70477982, 28.069226855513307 ], [ 85.703210972, 28.069226855513307 ], [ 85.703210972, 28.069572504073871 ], [ 85.701642124, 28.069572504073871 ], [ 85.701642124, 28.068881206952742 ], [ 85.701249912, 28.068881206952742 ], [ 85.701249912, 28.068535558392178 ], [ 85.7008577, 28.068535558392178 ], [ 85.7008577, 28.068189909831613 ], [ 85.698112216, 28.068189909831613 ], [ 85.698112216, 28.068535558392178 ], [ 85.69732779200001, 28.068535558392178 ], [ 85.69732779200001, 28.068881206952742 ], [ 85.696543368, 28.068881206952742 ], [ 85.696543368, 28.069226855513307 ], [ 85.696151156, 28.069226855513307 ], [ 85.696151156, 28.069572504073871 ], [ 85.695758944, 28.069572504073871 ], [ 85.695758944, 28.069918152634436 ], [ 85.69497452, 28.069918152634436 ], [ 85.69497452, 28.070263801195001 ], [ 85.694582308, 28.070263801195001 ], [ 85.694582308, 28.070609449755565 ], [ 85.694190096, 28.070609449755565 ], [ 85.694190096, 28.07095509831613 ], [ 85.693797884, 28.07095509831613 ], [ 85.693797884, 28.071300746876695 ], [ 85.693405672, 28.071300746876695 ], [ 85.693405672, 28.071646395437263 ], [ 85.69301346, 28.071646395437263 ], [ 85.69301346, 28.072337692558392 ], [ 85.692621248, 28.072337692558392 ], [ 85.692621248, 28.072683341118957 ], [ 85.691836824, 28.072683341118957 ], [ 85.691836824, 28.073028989679521 ], [ 85.691444612, 28.073028989679521 ], [ 85.691444612, 28.073374638240086 ], [ 85.69066018800001, 28.073374638240086 ], [ 85.69066018800001, 28.073720286800651 ], [ 85.689875764, 28.073720286800651 ], [ 85.689875764, 28.074065935361215 ], [ 85.68869912800001, 28.074065935361215 ] ], [ [ 85.695758944, 28.039501079304724 ], [ 85.696151156, 28.039501079304724 ], [ 85.696151156, 28.03915543074416 ], [ 85.699288852, 28.03915543074416 ], [ 85.699288852, 28.038118485062466 ], [ 85.69889664, 28.038118485062466 ], [ 85.69889664, 28.037772836501901 ], [ 85.696151156, 28.037772836501901 ], [ 85.696151156, 28.037427187941336 ], [ 85.695758944, 28.037427187941336 ], [ 85.695758944, 28.038118485062466 ], [ 85.695366732000011, 28.038118485062466 ], [ 85.695366732000011, 28.03915543074416 ], [ 85.695758944, 28.03915543074416 ], [ 85.695758944, 28.039501079304724 ] ] ] } },
{ "type": "Feature", "properties": { "area_m2": 8618175.9308001734, "lat": 28.05265086487827, "lon": 84.845403958871543 }, "geometry": { "type": "Polygon", "coordinates": [ [ [ 84.854464204, 28.076139826724607 ], [ 84.854464204, 28.075794178164038 ], [ 84.854071992, 28.075794178164038 ], [ 84.854071992, 28.075448529603474 ], [ 84.853287568, 28.075448529603474 ], [ 84.853287568, 28.075102881042909 ], [ 84.852503144, 28.075102881042909 ], [ 84.852503144, 28.074757232482344 ], [ 84.852110932, 28.074757232482344 ], [ 84.852110932, 28.07441158392178 ], [ 84.85171872, 28.07441158392178 ], [ 84.85171872, 28.074065935361215 ], [ 84.851326508, 28.074065935361215 ], [ 84.851326508, 28.073720286800651 ], [ 84.850934296, 28.073720286800651 ], [ 84.850934296, 28.073374638240086 ], [ 84.84975766, 28.073374638240086 ], [ 84.84975766, 28.073028989679521 ], [ 84.848581024, 28.073028989679521 ], [ 84.848581024, 28.072683341118957 ], [ 84.848188812, 28.072683341118957 ], [ 84.848188812, 28.067152964149919 ], [ 84.848581024, 28.067152964149919 ], [ 84.848581024, 28.066461667028786 ], [ 84.848188812, 28.066461667028786 ], [ 84.848188812, 28.066116018468222 ], [ 84.847012176, 28.066116018468222 ], [ 84.847012176, 28.065770369907657 ], [ 84.846227752, 28.065770369907657 ], [ 84.846227752, 28.065424721347092 ], [ 84.845443328, 28.065424721347092 ], [ 84.845443328, 28.065770369907657 ], [ 84.845051116, 28.065770369907657 ], [ 84.845051116, 28.066461667028786 ], [ 84.844658904, 28.066461667028786 ], [ 84.844658904, 28.067152964149919 ], [ 84.844266692, 28.067152964149919 ], [ 84.844266692, 28.067498612710484 ], [ 84.84387448, 28.067498612710484 ], [ 84.84387448, 28.067844261271048 ], [ 84.842305632, 28.067844261271048 ], [ 84.842305632, 28.067498612710484 ], [ 84.841128996, 28.067498612710484 ], [ 84.841128996, 28.067152964149919 ], [ 84.840736784, 28.067152964149919 ], [ 84.840736784, 28.066807315589351 ], [ 84.840344572, 28.066807315589351 ], [ 84.840344572, 28.066461667028786 ], [ 84.83995236, 28.066461667028786 ], [ 84.83995236, 28.065424721347092 ], [ 84.840344572, 28.065424721347092 ], [ 84.840344572, 28.064733424225963 ], [ 84.840736784, 28.064733424225963 ], [ 84.840736784, 28.064387775665399 ], [ 84.841521208, 28.064387775665399 ], [ 84.841521208, 28.064042127104834 ], [ 84.843090056, 28.064042127104834 ], [ 84.843090056, 28.063696478544269 ], [ 84.84387448, 28.063696478544269 ], [ 84.84387448, 28.063350829983705 ], [ 84.844266692, 28.063350829983705 ], [ 84.844266692, 28.062659532862572 ], [ 84.844658904, 28.062659532862572 ], [ 84.844658904, 28.061968235741443 ], [ 84.845051116, 28.061968235741443 ], [ 84.845051116, 28.060585641499184 ], [ 84.844658904, 28.060585641499184 ], [ 84.844658904, 28.060239992938619 ], [ 84.844266692, 28.060239992938619 ], [ 84.844266692, 28.059894344378055 ], [ 84.84387448, 28.059894344378055 ], [ 84.84387448, 28.05954869581749 ], [ 84.843482268, 28.05954869581749 ], [ 84.843482268, 28.059203047256926 ], [ 84.843090056, 28.059203047256926 ], [ 84.843090056, 28.058857398696361 ], [ 84.842697844, 28.058857398696361 ], [ 84.842697844, 28.058166101575228 ], [ 84.842305632, 28.058166101575228 ], [ 84.842305632, 28.057820453014664 ], [ 84.839560148, 28.057820453014664 ], [ 84.839560148, 28.057474804454099 ], [ 84.839167936, 28.057474804454099 ], [ 84.839167936, 28.057820453014664 ], [ 84.838775724, 28.057820453014664 ], [ 84.838775724, 28.058166101575228 ], [ 84.838383512, 28.058166101575228 ], [ 84.838383512, 28.062313884302007 ], [ 84.838775724, 28.062313884302007 ], [ 84.838775724, 28.064387775665399 ], [ 84.838383512, 28.064387775665399 ], [ 84.838383512, 28.064733424225963 ], [ 84.8379913, 28.064733424225963 ], [ 84.8379913, 28.065079072786528 ], [ 84.836814664, 28.065079072786528 ], [ 84.836814664, 28.065424721347092 ], [ 84.835638028, 28.065424721347092 ], [ 84.835638028, 28.065079072786528 ], [ 84.834853604, 28.065079072786528 ], [ 84.834853604, 28.064733424225963 ], [ 84.834461392, 28.064733424225963 ], [ 84.834461392, 28.064042127104834 ], [ 84.83406918, 28.064042127104834 ], [ 84.83406918, 28.062659532862572 ], [ 84.833676968, 28.062659532862572 ], [ 84.833676968, 28.061968235741443 ], [ 84.833284756, 28.061968235741443 ], [ 84.833284756, 28.061276938620313 ], [ 84.832892544, 28.061276938620313 ], [ 84.832892544, 28.060585641499184 ], [ 84.832500332, 28.060585641499184 ], [ 84.832500332, 28.058857398696361 ], [ 84.83210812, 28.058857398696361 ], [ 84.83210812, 28.057129155893534 ], [ 84.832500332, 28.057129155893534 ], [ 84.832500332, 28.05609221021184 ], [ 84.832892544, 28.05609221021184 ], [ 84.832892544, 28.055746561651276 ], [ 84.833676968, 28.055746561651276 ], [ 84.833676968, 28.055400913090711 ], [ 84.832892544, 28.055400913090711 ], [ 84.832892544, 28.055055264530147 ], [ 84.832500332, 28.055055264530147 ], [ 84.832500332, 28.054709615969582 ], [ 84.83210812, 28.054709615969582 ], [ 84.83210812, 28.054018318848449 ], [ 84.831715908, 28.054018318848449 ], [ 84.831715908, 28.052981373166755 ], [ 84.831323696, 28.052981373166755 ], [ 84.831323696, 28.052290076045626 ], [ 84.831715908, 28.052290076045626 ], [ 84.831715908, 28.050907481803367 ], [ 84.83210812, 28.050907481803367 ], [ 84.83210812, 28.046414050516024 ], [ 84.831715908, 28.046414050516024 ], [ 84.831715908, 28.045722753394895 ], [ 84.831323696, 28.045722753394895 ], [ 84.831323696, 28.044685807713197 ], [ 84.830931484, 28.044685807713197 ], [ 84.830931484, 28.043994510592068 ], [ 84.831323696, 28.043994510592068 ], [ 84.831323696, 28.043303213470939 ], [ 84.831715908, 28.043303213470939 ], [ 84.831715908, 28.042957564910374 ], [ 84.83210812, 28.042957564910374 ], [ 84.83210812, 28.042611916349809 ], [ 84.832500332, 28.042611916349809 ], [ 84.832500332, 28.042266267789245 ], [ 84.832892544, 28.042266267789245 ], [ 84.832892544, 28.04192061922868 ], [ 84.833284756, 28.04192061922868 ], [ 84.833284756, 28.041574970668115 ], [ 84.833676968, 28.041574970668115 ], [ 84.833676968, 28.040192376425853 ], [ 84.833284756, 28.040192376425853 ], [ 84.833284756, 28.038809782183595 ], [ 84.832500332, 28.038809782183595 ], [ 84.832500332, 28.03846413362303 ], [ 84.83210812, 28.03846413362303 ], [ 84.83210812, 28.038118485062466 ], [ 84.831715908, 28.038118485062466 ], [ 84.831715908, 28.037772836501901 ], [ 84.831323696, 28.037772836501901 ], [ 84.831323696, 28.037427187941336 ], [ 84.830931484, 28.037427187941336 ], [ 84.830931484, 28.037081539380772 ], [ 84.830539272, 28.037081539380772 ], [ 84.830539272, 28.036735890820204 ], [ 84.83014706, 28.036735890820204 ], [ 84.83014706, 28.034661999456816 ], [ 84.830539272, 28.034661999456816 ], [ 84.830539272, 28.034316350896251 ], [ 84.830931484, 28.034316350896251 ], [ 84.830931484, 28.033970702335687 ], [ 84.831715908, 28.033970702335687 ], [ 84.831715908, 28.033625053775122 ], [ 84.833284756, 28.033625053775122 ], [ 84.833284756, 28.033279405214557 ], [ 84.83406918, 28.033279405214557 ], [ 84.83406918, 28.031896810972295 ], [ 84.842697844, 28.031896810972295 ], [ 84.842697844, 28.033970702335687 ], [ 84.843090056, 28.033970702335687 ], [ 84.843090056, 28.034661999456816 ], [ 84.843482268, 28.034661999456816 ], [ 84.843482268, 28.03500764801738 ], [ 84.84387448, 28.03500764801738 ], [ 84.84387448, 28.035353296577945 ], [ 84.844266692, 28.035353296577945 ], [ 84.844266692, 28.03569894513851 ], [ 84.845051116, 28.03569894513851 ], [ 84.845051116, 28.036044593699074 ], [ 84.845443328, 28.036044593699074 ], [ 84.845443328, 28.036390242259639 ], [ 84.845051116, 28.036390242259639 ], [ 84.845051116, 28.037081539380772 ], [ 84.844658904, 28.037081539380772 ], [ 84.844658904, 28.037427187941336 ], [ 84.84387448, 28.037427187941336 ], [ 84.84387448, 28.037772836501901 ], [ 84.843090056, 28.037772836501901 ], [ 84.843090056, 28.038118485062466 ], [ 84.84191342, 28.038118485062466 ], [ 84.84191342, 28.03846413362303 ], [ 84.83995236, 28.03846413362303 ], [ 84.83995236, 28.038809782183595 ], [ 84.838775724, 28.038809782183595 ], [ 84.838775724, 28.03915543074416 ], [ 84.84583554, 28.03915543074416 ], [ 84.84583554, 28.038809782183595 ], [ 84.846227752, 28.038809782183595 ], [ 84.846227752, 28.037427187941336 ], [ 84.846619964, 28.037427187941336 ], [ 84.846619964, 28.036735890820204 ], [ 84.8477966, 28.036735890820204 ], [ 84.8477966, 28.036390242259639 ], [ 84.848581024, 28.036390242259639 ], [ 84.848581024, 28.036735890820204 ], [ 84.848973236, 28.036735890820204 ], [ 84.848973236, 28.037081539380772 ], [ 84.849365448, 28.037081539380772 ], [ 84.849365448, 28.037427187941336 ], [ 84.84975766, 28.037427187941336 ], [ 84.84975766, 28.038118485062466 ], [ 84.850149872, 28.038118485062466 ], [ 84.850149872, 28.038809782183595 ], [ 84.850542084, 28.038809782183595 ], [ 84.850542084, 28.041574970668115 ], [ 84.850934296, 28.041574970668115 ], [ 84.850934296, 28.04192061922868 ], [ 84.856425264, 28.04192061922868 ], [ 84.856425264, 28.042266267789245 ], [ 84.856817476, 28.042266267789245 ], [ 84.856817476, 28.044685807713197 ], [ 84.856425264, 28.044685807713197 ], [ 84.856425264, 28.045722753394895 ], [ 84.856033052, 28.045722753394895 ], [ 84.856033052, 28.047105347637153 ], [ 84.85564084, 28.047105347637153 ], [ 84.85564084, 28.047450996197718 ], [ 84.855248628, 28.047450996197718 ], [ 84.855248628, 28.048487941879412 ], [ 84.854856416, 28.048487941879412 ], [ 84.854856416, 28.049870536121674 ], [ 84.854071992, 28.049870536121674 ], [ 84.854071992, 28.050216184682238 ], [ 84.853287568, 28.050216184682238 ], [ 84.853287568, 28.050561833242803 ], [ 84.852503144, 28.050561833242803 ], [ 84.852503144, 28.050907481803367 ], [ 84.852110932, 28.050907481803367 ], [ 84.852110932, 28.051598778924497 ], [ 84.85171872, 28.051598778924497 ], [ 84.85171872, 28.051944427485061 ], [ 84.851326508, 28.051944427485061 ], [ 84.851326508, 28.052290076045626 ], [ 84.850934296, 28.052290076045626 ], [ 84.850934296, 28.052981373166755 ], [ 84.85171872, 28.052981373166755 ], [ 84.85171872, 28.053672670287884 ], [ 84.852110932, 28.053672670287884 ], [ 84.852110932, 28.054363967409017 ], [ 84.852503144, 28.054363967409017 ], [ 84.852503144, 28.054709615969582 ], [ 84.853287568, 28.054709615969582 ], [ 84.853287568, 28.055055264530147 ], [ 84.854464204, 28.055055264530147 ], [ 84.854464204, 28.055400913090711 ], [ 84.855248628, 28.055400913090711 ], [ 84.855248628, 28.055055264530147 ], [ 84.856425264, 28.055055264530147 ], [ 84.856425264, 28.054709615969582 ], [ 84.856817476, 28.054709615969582 ], [ 84.856817476, 28.054363967409017 ], [ 84.857209688, 28.054363967409017 ], [ 84.857209688, 28.05332702172732 ], [ 84.8576019, 28.05332702172732 ], [ 84.8576019, 28.052635724606191 ], [ 84.857994112, 28.052635724606191 ], [ 84.857994112, 28.052290076045626 ], [ 84.858386324, 28.052290076045626 ], [ 84.858386324, 28.052635724606191 ], [ 84.858778536, 28.052635724606191 ], [ 84.858778536, 28.053672670287884 ], [ 84.858386324, 28.053672670287884 ], [ 84.858386324, 28.05609221021184 ], [ 84.858778536, 28.05609221021184 ], [ 84.858778536, 28.05678350733297 ], [ 84.859170748, 28.05678350733297 ], [ 84.859170748, 28.057129155893534 ], [ 84.859955172, 28.057129155893534 ], [ 84.859955172, 28.057474804454099 ], [ 84.861131808, 28.057474804454099 ], [ 84.861131808, 28.057820453014664 ], [ 84.862308444, 28.057820453014664 ], [ 84.862308444, 28.058166101575228 ], [ 84.863092868, 28.058166101575228 ], [ 84.863092868, 28.060585641499184 ], [ 84.86348508, 28.060585641499184 ], [ 84.86348508, 28.060931290059749 ], [ 84.863092868, 28.060931290059749 ], [ 84.863092868, 28.062313884302007 ], [ 84.862700656, 28.062313884302007 ], [ 84.862700656, 28.06300518142314 ], [ 84.862308444, 28.06300518142314 ], [ 84.862308444, 28.063350829983705 ], [ 84.86152402, 28.063350829983705 ], [ 84.86152402, 28.063696478544269 ], [ 84.861131808, 28.063696478544269 ], [ 84.861131808, 28.066461667028786 ], [ 84.860739596, 28.066461667028786 ], [ 84.860739596, 28.066807315589351 ], [ 84.860347384, 28.066807315589351 ], [ 84.860347384, 28.067152964149919 ], [ 84.859955172, 28.067152964149919 ], [ 84.859955172, 28.067498612710484 ], [ 84.85956296, 28.067498612710484 ], [ 84.85956296, 28.067844261271048 ], [ 84.859170748, 28.067844261271048 ], [ 84.859170748, 28.068189909831613 ], [ 84.858778536, 28.068189909831613 ], [ 84.858778536, 28.068535558392178 ], [ 84.858386324, 28.068535558392178 ], [ 84.858386324, 28.068881206952742 ], [ 84.8576019, 28.068881206952742 ], [ 84.8576019, 28.069226855513307 ], [ 84.856817476, 28.069226855513307 ], [ 84.856817476, 28.069572504073871 ], [ 84.856425264, 28.069572504073871 ], [ 84.856425264, 28.070263801195001 ], [ 84.856033052, 28.070263801195001 ], [ 84.856033052, 28.07095509831613 ], [ 84.85564084, 28.07095509831613 ], [ 84.85564084, 28.075102881042909 ], [ 84.855248628, 28.075102881042909 ], [ 84.855248628, 28.075794178164038 ], [ 84.854856416, 28.075794178164038 ], [ 84.854856416, 28.076139826724607 ], [ 84.854464204, 28.076139826724607 ] ], [ [ 84.83603024, 28.05332702172732 ], [ 84.836422452, 28.05332702172732 ], [ 84.836422452, 28.052635724606191 ], [ 84.83603024, 28.052635724606191 ], [ 84.83603024, 28.05332702172732 ] ] ] } },
{ "type": "Feature", "properties": { "area_m2": 79797.888549025287, "lat": 28.033522639386803, "lon": 84.848493865777783 }, "geometry": { "type": "Polygon", "coordinates": [ [ [ 84.848188812, 28.03569894513851 ], [ 84.848188812, 28.035353296577945 ], [ 84.8477966, 28.035353296577945 ], [ 84.8477966, 28.03500764801738 ], [ 84.847404388, 28.03500764801738 ], [ 84.847404388, 28.031896810972295 ], [ 84.84975766, 28.031896810972295 ], [ 84.84975766, 28.033625053775122 ], [ 84.849365448, 28.033625053775122 ], [ 84.849365448, 28.03500764801738 ], [ 84.848973236, 28.03500764801738 ], [ 84.848973236, 28.035353296577945 ], [ 84.848581024, 28.035353296577945 ], [ 84.848581024, 28.03569894513851 ], [ 84.848188812, 28.03569894513851 ] ] ] } },
{ "type": "Feature", "properties": { "area_m2": 262916.57823556202, "lat": 28.022546823224431, "lon": 85.490790715550602 }, "geometry": { "type": "Polygon", "coordinates": [ [ [ 85.488671008, 28.025329488321564 ], [ 85.488671008, 28.024983839760999 ], [ 85.488278796, 28.024983839760999 ], [ 85.488278796, 28.021181705594785 ], [ 85.488671008, 28.021181705594785 ], [ 85.488671008, 28.020490408473655 ], [ 85.48906322, 28.020490408473655 ], [ 85.48906322, 28.020144759913091 ], [ 85.490632068, 28.020144759913091 ], [ 85.490632068, 28.019799111352526 ], [ 85.492200916, 28.019799111352526 ], [ 85.492200916, 28.020144759913091 ], [ 85.49259312800001, 28.020144759913091 ], [ 85.49259312800001, 28.020490408473655 ], [ 85.49298534, 28.020490408473655 ], [ 85.49298534, 28.02083605703422 ], [ 85.493377552, 28.02083605703422 ], [ 85.493377552, 28.021527354155349 ], [ 85.493769764, 28.021527354155349 ], [ 85.493769764, 28.022564299837043 ], [ 85.493377552, 28.022564299837043 ], [ 85.493377552, 28.023601245518737 ], [ 85.49298534, 28.023601245518737 ], [ 85.49298534, 28.02429254263987 ], [ 85.49259312800001, 28.02429254263987 ], [ 85.49259312800001, 28.024638191200435 ], [ 85.492200916, 28.024638191200435 ], [ 85.492200916, 28.024983839760999 ], [ 85.489847644, 28.024983839760999 ], [ 85.489847644, 28.025329488321564 ], [ 85.488671008, 28.025329488321564 ] ] ] } },
{ "type": "Feature", "properties": { "area_m2": 36948.337022048567, "lat": 28.018534037620849, "lon": 84.854660310000014 }, "geometry": { "type": "Polygon", "coordinates": [ [ [ 84.854464204, 28.020144759913091 ], [ 84.854464204, 28.019799111352526 ], [ 84.854071992, 28.019799111352526 ], [ 84.854071992, 28.019453462791958 ], [ 84.85367978, 28.019453462791958 ], [ 84.85367978, 28.019107814231393 ], [ 84.854071992, 28.019107814231393 ], [ 84.854071992, 28.017725219989135 ], [ 84.854464204, 28.017725219989135 ], [ 84.854464204, 28.016688274307441 ], [ 84.854856416, 28.016688274307441 ], [ 84.854856416, 28.017033922868006 ], [ 84.855248628, 28.017033922868006 ], [ 84.855248628, 28.019799111352526 ], [ 84.854856416, 28.019799111352526 ], [ 84.854856416, 28.020144759913091 ], [ 84.854464204, 28.020144759913091 ] ] ] } },
{ "type": "Feature", "properties": { "area_m2": 47296.111190562056, "lat": 28.013761063060162, "lon": 84.852221241625003 }, "geometry": { "type": "Polygon", "coordinates": [ [ [ 84.851326508, 28.01461438294405 ], [ 84.851326508, 28.014268734383485 ], [ 84.850934296, 28.014268734383485 ], [ 84.850934296, 28.012886140141227 ], [ 84.851326508, 28.012886140141227 ], [ 84.851326508, 28.012540491580662 ], [ 84.852110932, 28.012540491580662 ], [ 84.852110932, 28.012886140141227 ], [ 84.852503144, 28.012886140141227 ], [ 84.852503144, 28.013231788701791 ], [ 84.852895356, 28.013231788701791 ], [ 84.852895356, 28.013577437262356 ], [ 84.85367978, 28.013577437262356 ], [ 84.85367978, 28.01392308582292 ], [ 84.854071992, 28.01392308582292 ], [ 84.854071992, 28.014268734383485 ], [ 84.85367978, 28.014268734383485 ], [ 84.85367978, 28.01461438294405 ], [ 84.851326508, 28.01461438294405 ] ] ] } },
{ "type": "Feature", "properties": { "area_m2": 104882.28088884876, "lat": 28.01117006806237, "lon": 85.488148979352133 }, "geometry": { "type": "Polygon", "coordinates": [ [ [ 85.487886584, 28.013231788701791 ], [ 85.487886584, 28.012886140141227 ], [ 85.487494372, 28.012886140141227 ], [ 85.487494372, 28.012540491580662 ], [ 85.48710216, 28.012540491580662 ], [ 85.48710216, 28.012194843020097 ], [ 85.486709948, 28.012194843020097 ], [ 85.486709948, 28.011503545898968 ], [ 85.486317736, 28.011503545898968 ], [ 85.486317736, 28.010812248777835 ], [ 85.486709948, 28.010812248777835 ], [ 85.486709948, 28.010120951656706 ], [ 85.48710216, 28.010120951656706 ], [ 85.48710216, 28.009775303096141 ], [ 85.487494372, 28.009775303096141 ], [ 85.487494372, 28.009429654535577 ], [ 85.487886584, 28.009429654535577 ], [ 85.487886584, 28.009084005975012 ], [ 85.488278796, 28.009084005975012 ], [ 85.488278796, 28.008738357414448 ], [ 85.488671008, 28.008738357414448 ], [ 85.488671008, 28.009429654535577 ], [ 85.48906322, 28.009429654535577 ], [ 85.48906322, 28.010120951656706 ], [ 85.489455432, 28.010120951656706 ], [ 85.489455432, 28.010812248777835 ], [ 85.489847644, 28.010812248777835 ], [ 85.489847644, 28.011503545898968 ], [ 85.489455432, 28.011503545898968 ], [ 85.489455432, 28.012540491580662 ], [ 85.48906322, 28.012540491580662 ], [ 85.48906322, 28.013231788701791 ], [ 85.487886584, 28.013231788701791 ] ] ] } },
{ "type": "Feature", "properties": { "area_m2": 22172.561874877971, "lat": 28.000177794731119, "lon": 84.860726522266674 }, "geometry": { "type": "Polygon", "coordinates": [ [ [ 84.860739596, 28.001134089082019 ], [ 84.860739596, 28.000788440521454 ], [ 84.860347384, 28.000788440521454 ], [ 84.860347384, 28.000442791960889 ], [ 84.859955172, 28.000442791960889 ], [ 84.859955172, 28.000097143400325 ], [ 84.85956296, 28.000097143400325 ], [ 84.85956296, 27.99975149483976 ], [ 84.860347384, 27.99975149483976 ], [ 84.860347384, 27.999405846279195 ], [ 84.861131808, 27.999405846279195 ], [ 84.861131808, 27.99975149483976 ], [ 84.86152402, 27.99975149483976 ], [ 84.86152402, 28.000788440521454 ], [ 84.861131808, 28.000788440521454 ], [ 84.861131808, 28.001134089082019 ], [ 84.860739596, 28.001134089082019 ] ] ] } },
{ "type": "Feature", "properties": { "area_m2": 274787.89745050436, "lat": 28.000834898661324, "lon": 85.488017321333359 }, "geometry": { "type": "Polygon", "coordinates": [ [ [ 85.485533312, 28.003899277566539 ], [ 85.485533312, 28.00320798044541 ], [ 85.4851411, 28.00320798044541 ], [ 85.4851411, 28.001825386203148 ], [ 85.485533312, 28.001825386203148 ], [ 85.485533312, 27.99975149483976 ], [ 85.4851411, 27.99975149483976 ], [ 85.4851411, 27.999405846279195 ], [ 85.48592552400001, 27.999405846279195 ], [ 85.48592552400001, 27.999060197718631 ], [ 85.486317736, 27.999060197718631 ], [ 85.486317736, 27.998714549158066 ], [ 85.486709948, 27.998714549158066 ], [ 85.486709948, 27.998368900597502 ], [ 85.487494372, 27.998368900597502 ], [ 85.487494372, 27.998023252036937 ], [ 85.487886584, 27.998023252036937 ], [ 85.487886584, 27.997677603476369 ], [ 85.488278796, 27.997677603476369 ], [ 85.488278796, 27.997331954915804 ], [ 85.488671008, 27.997331954915804 ], [ 85.488671008, 27.997677603476369 ], [ 85.48906322, 27.997677603476369 ], [ 85.48906322, 27.998714549158066 ], [ 85.489455432, 27.998714549158066 ], [ 85.489455432, 27.999060197718631 ], [ 85.489847644, 27.999060197718631 ], [ 85.489847644, 27.999405846279195 ], [ 85.490239856, 27.999405846279195 ], [ 85.490239856, 27.99975149483976 ], [ 85.49102428, 27.99975149483976 ], [ 85.49102428, 28.000097143400325 ], [ 85.491808704, 28.000097143400325 ], [ 85.491808704, 28.000442791960889 ], [ 85.491416492, 28.000442791960889 ], [ 85.491416492, 28.001825386203148 ], [ 85.490632068, 28.001825386203148 ], [ 85.490632068, 28.002171034763712 ], [ 85.489847644, 28.002171034763712 ], [ 85.489847644, 28.002516683324281 ], [ 85.48906322, 28.002516683324281 ], [ 85.48906322, 28.002862331884845 ], [ 85.488671008, 28.002862331884845 ], [ 85.488671008, 28.00320798044541 ], [ 85.487494372, 28.00320798044541 ], [ 85.487494372, 28.003553629005975 ], [ 85.48592552400001, 28.003553629005975 ], [ 85.48592552400001, 28.003899277566539 ], [ 85.485533312, 28.003899277566539 ] ] ] } },
{ "type": "Feature", "properties": { "area_m2": 59134.55158236243, "lat": 27.988803076683876, "lon": 84.835589001500011 }, "geometry": { "type": "Polygon", "coordinates": [ [ [ 84.835245816, 27.989727686583379 ], [ 84.835245816, 27.989382038022814 ], [ 84.833284756, 27.989382038022814 ], [ 84.833284756, 27.988690740901681 ], [ 84.83406918, 27.988690740901681 ], [ 84.83406918, 27.988345092341117 ], [ 84.834853604, 27.988345092341117 ], [ 84.834853604, 27.987999443780552 ], [ 84.835638028, 27.987999443780552 ], [ 84.835638028, 27.987653795219988 ], [ 84.836422452, 27.987653795219988 ], [ 84.836422452, 27.987999443780552 ], [ 84.836814664, 27.987999443780552 ], [ 84.836814664, 27.988345092341117 ], [ 84.837206876, 27.988345092341117 ], [ 84.837206876, 27.988690740901681 ], [ 84.837599088, 27.988690740901681 ], [ 84.837599088, 27.989382038022814 ], [ 84.836422452, 27.989382038022814 ], [ 84.836422452, 27.989727686583379 ], [ 84.835245816, 27.989727686583379 ] ] ] } },
{ "type": "Feature", "properties": { "area_m2": 68004.511124194934, "lat": 27.986661934133149, "lon": 84.857329056869574 }, "geometry": { "type": "Polygon", "coordinates": [ [ [ 84.856425264, 27.987999443780552 ], [ 84.856425264, 27.987653795219988 ], [ 84.856033052, 27.987653795219988 ], [ 84.856033052, 27.987308146659423 ], [ 84.85564084, 27.987308146659423 ], [ 84.85564084, 27.986271200977729 ], [ 84.856033052, 27.986271200977729 ], [ 84.856033052, 27.985925552417164 ], [ 84.856425264, 27.985925552417164 ], [ 84.856425264, 27.9855799038566 ], [ 84.8576019, 27.9855799038566 ], [ 84.8576019, 27.985234255296035 ], [ 84.857994112, 27.985234255296035 ], [ 84.857994112, 27.9855799038566 ], [ 84.858386324, 27.9855799038566 ], [ 84.858386324, 27.985925552417164 ], [ 84.858778536, 27.985925552417164 ], [ 84.858778536, 27.986271200977729 ], [ 84.859170748, 27.986271200977729 ], [ 84.859170748, 27.986616849538294 ], [ 84.858778536, 27.986616849538294 ], [ 84.858778536, 27.987653795219988 ], [ 84.856817476, 27.987653795219988 ], [ 84.856817476, 27.987999443780552 ], [ 84.856425264, 27.987999443780552 ] ] ] } },
{ "type": "Feature", "properties": { "area_m2": 5099813.0650249608, "lat": 27.999257067116158, "lon": 84.845423433188316 }, "geometry": { "type": "Polygon", "coordinates": [ [ [ 84.83603024, 28.012886140141227 ], [ 84.83603024, 28.012540491580662 ], [ 84.835245816, 28.012540491580662 ], [ 84.835245816, 28.011849194459533 ], [ 84.834853604, 28.011849194459533 ], [ 84.834853604, 28.011503545898968 ], [ 84.834461392, 28.011503545898968 ], [ 84.834461392, 28.010812248777835 ], [ 84.83406918, 28.010812248777835 ], [ 84.83406918, 28.010120951656706 ], [ 84.833676968, 28.010120951656706 ], [ 84.833676968, 28.009429654535577 ], [ 84.833284756, 28.009429654535577 ], [ 84.833284756, 28.009084005975012 ], [ 84.832892544, 28.009084005975012 ], [ 84.832892544, 28.008047060293318 ], [ 84.832500332, 28.008047060293318 ], [ 84.832500332, 28.005973168929927 ], [ 84.83210812, 28.005973168929927 ], [ 84.83210812, 28.004590574687668 ], [ 84.832500332, 28.004590574687668 ], [ 84.832500332, 28.001134089082019 ], [ 84.832892544, 28.001134089082019 ], [ 84.832892544, 28.000097143400325 ], [ 84.833284756, 28.000097143400325 ], [ 84.833284756, 27.99975149483976 ], [ 84.83406918, 27.99975149483976 ], [ 84.83406918, 27.999405846279195 ], [ 84.834853604, 27.999405846279195 ], [ 84.834853604, 27.999060197718631 ], [ 84.835245816, 27.999060197718631 ], [ 84.835245816, 27.998714549158066 ], [ 84.835638028, 27.998714549158066 ], [ 84.835638028, 27.998368900597502 ], [ 84.836814664, 27.998368900597502 ], [ 84.836814664, 27.998023252036937 ], [ 84.8379913, 27.998023252036937 ], [ 84.8379913, 27.997677603476369 ], [ 84.838775724, 27.997677603476369 ], [ 84.838775724, 27.997331954915804 ], [ 84.839167936, 27.997331954915804 ], [ 84.839167936, 27.995949360673546 ], [ 84.839560148, 27.995949360673546 ], [ 84.839560148, 27.994566766431287 ], [ 84.83995236, 27.994566766431287 ], [ 84.83995236, 27.990418983704508 ], [ 84.840344572, 27.990418983704508 ], [ 84.840344572, 27.989727686583379 ], [ 84.840736784, 27.989727686583379 ], [ 84.840736784, 27.989382038022814 ], [ 84.841128996, 27.989382038022814 ], [ 84.841128996, 27.989036389462246 ], [ 84.84191342, 27.989036389462246 ], [ 84.84191342, 27.988690740901681 ], [ 84.842305632, 27.988690740901681 ], [ 84.842305632, 27.988345092341117 ], [ 84.842697844, 27.988345092341117 ], [ 84.842697844, 27.987999443780552 ], [ 84.843090056, 27.987999443780552 ], [ 84.843090056, 27.987308146659423 ], [ 84.843482268, 27.987308146659423 ], [ 84.843482268, 27.986962498098858 ], [ 84.84387448, 27.986962498098858 ], [ 84.84387448, 27.986271200977729 ], [ 84.844266692, 27.986271200977729 ], [ 84.844266692, 27.985234255296035 ], [ 84.844658904, 27.985234255296035 ], [ 84.844658904, 27.984197309614338 ], [ 84.845051116, 27.984197309614338 ], [ 84.845051116, 27.983506012493208 ], [ 84.846227752, 27.983506012493208 ], [ 84.846227752, 27.983851661053773 ], [ 84.848188812, 27.983851661053773 ], [ 84.848188812, 27.984197309614338 ], [ 84.849365448, 27.984197309614338 ], [ 84.849365448, 27.984542958174902 ], [ 84.850149872, 27.984542958174902 ], [ 84.850149872, 27.984888606735467 ], [ 84.850542084, 27.984888606735467 ], [ 84.850542084, 27.985234255296035 ], [ 84.851326508, 27.985234255296035 ], [ 84.851326508, 27.9855799038566 ], [ 84.85171872, 27.9855799038566 ], [ 84.85171872, 27.985925552417164 ], [ 84.852503144, 27.985925552417164 ], [ 84.852503144, 27.986271200977729 ], [ 84.853287568, 27.986271200977729 ], [ 84.853287568, 27.986616849538294 ], [ 84.85367978, 27.986616849538294 ], [ 84.85367978, 27.987308146659423 ], [ 84.854071992, 27.987308146659423 ], [ 84.854071992, 27.988345092341117 ], [ 84.854464204, 27.988345092341117 ], [ 84.854464204, 27.989382038022814 ], [ 84.854856416, 27.989382038022814 ], [ 84.854856416, 27.990418983704508 ], [ 84.855248628, 27.990418983704508 ], [ 84.855248628, 27.990764632265073 ], [ 84.85564084, 27.990764632265073 ], [ 84.85564084, 27.991110280825637 ], [ 84.856033052, 27.991110280825637 ], [ 84.856033052, 27.995949360673546 ], [ 84.856425264, 27.995949360673546 ], [ 84.856425264, 27.99629500923411 ], [ 84.856817476, 27.99629500923411 ], [ 84.856817476, 27.996640657794675 ], [ 84.8576019, 27.996640657794675 ], [ 84.8576019, 27.99698630635524 ], [ 84.858778536, 27.99698630635524 ], [ 84.858778536, 27.997331954915804 ], [ 84.859170748, 27.997331954915804 ], [ 84.859170748, 27.997677603476369 ], [ 84.858778536, 27.997677603476369 ], [ 84.858778536, 27.998714549158066 ], [ 84.858386324, 27.998714549158066 ], [ 84.858386324, 27.999060197718631 ], [ 84.8576019, 27.999060197718631 ], [ 84.8576019, 27.999405846279195 ], [ 84.856817476, 27.999405846279195 ], [ 84.856817476, 27.99975149483976 ], [ 84.856425264, 27.99975149483976 ], [ 84.856425264, 28.001479737642583 ], [ 84.856033052, 28.001479737642583 ], [ 84.856033052, 28.002862331884845 ], [ 84.85564084, 28.002862331884845 ], [ 84.85564084, 28.00320798044541 ], [ 84.855248628, 28.00320798044541 ], [ 84.855248628, 28.003553629005975 ], [ 84.854856416, 28.003553629005975 ], [ 84.854856416, 28.003899277566539 ], [ 84.854464204, 28.003899277566539 ], [ 84.854464204, 28.004244926127104 ], [ 84.854071992, 28.004244926127104 ], [ 84.854071992, 28.004590574687668 ], [ 84.85367978, 28.004590574687668 ], [ 84.85367978, 28.004936223248233 ], [ 84.853287568, 28.004936223248233 ], [ 84.853287568, 28.005281871808798 ], [ 84.852503144, 28.005281871808798 ], [ 84.852503144, 28.005627520369362 ], [ 84.85171872, 28.005627520369362 ], [ 84.85171872, 28.006318817490492 ], [ 84.851326508, 28.006318817490492 ], [ 84.851326508, 28.007355763172189 ], [ 84.850934296, 28.007355763172189 ], [ 84.850934296, 28.010812248777835 ], [ 84.850542084, 28.010812248777835 ], [ 84.850542084, 28.012194843020097 ], [ 84.848188812, 28.012194843020097 ], [ 84.848188812, 28.011849194459533 ], [ 84.8477966, 28.011849194459533 ], [ 84.8477966, 28.011503545898968 ], [ 84.847012176, 28.011503545898968 ], [ 84.847012176, 28.010812248777835 ], [ 84.846619964, 28.010812248777835 ], [ 84.846619964, 28.010466600217271 ], [ 84.846227752, 28.010466600217271 ], [ 84.846227752, 28.010120951656706 ], [ 84.84583554, 28.010120951656706 ], [ 84.84583554, 28.009775303096141 ], [ 84.84387448, 28.009775303096141 ], [ 84.84387448, 28.009429654535577 ], [ 84.842697844, 28.009429654535577 ], [ 84.842697844, 28.009084005975012 ], [ 84.842305632, 28.009084005975012 ], [ 84.842305632, 28.009775303096141 ], [ 84.84191342, 28.009775303096141 ], [ 84.84191342, 28.010466600217271 ], [ 84.841521208, 28.010466600217271 ], [ 84.841521208, 28.011157897338403 ], [ 84.840736784, 28.011157897338403 ], [ 84.840736784, 28.011503545898968 ], [ 84.83995236, 28.011503545898968 ], [ 84.83995236, 28.011849194459533 ], [ 84.838775724, 28.011849194459533 ], [ 84.838775724, 28.012194843020097 ], [ 84.837599088, 28.012194843020097 ], [ 84.837599088, 28.012540491580662 ], [ 84.836422452, 28.012540491580662 ], [ 84.836422452, 28.012886140141227 ], [ 84.83603024, 28.012886140141227 ] ] ] } },
{ "type": "Feature", "properties": { "area_m2": 186220.77603946297, "lat": 27.985333012027624, "lon": 85.166303871936506 }, "geometry": { "type": "Polygon", "coordinates": [ [ [ 85.164703896, 27.987653795219988 ], [ 85.164703896, 27.987308146659423 ], [ 85.164311684, 27.987308146659423 ], [ 85.164311684, 27.986616849538294 ], [ 85.163919472, 27.986616849538294 ], [ 85.163919472, 27.985925552417164 ], [ 85.164311684, 27.985925552417164 ], [ 85.164311684, 27.984888606735467 ], [ 85.164703896, 27.984888606735467 ], [ 85.164703896, 27.983506012493208 ], [ 85.165096108, 27.983506012493208 ], [ 85.165096108, 27.982814715372079 ], [ 85.166664956, 27.982814715372079 ], [ 85.166664956, 27.983160363932644 ], [ 85.167841592, 27.983160363932644 ], [ 85.167841592, 27.983506012493208 ], [ 85.168233804, 27.983506012493208 ], [ 85.168233804, 27.984888606735467 ], [ 85.168626016, 27.984888606735467 ], [ 85.168626016, 27.986271200977729 ], [ 85.168233804, 27.986271200977729 ], [ 85.168233804, 27.986616849538294 ], [ 85.167841592, 27.986616849538294 ], [ 85.167841592, 27.986962498098858 ], [ 85.16744938, 27.986962498098858 ], [ 85.16744938, 27.987308146659423 ], [ 85.167057168, 27.987308146659423 ], [ 85.167057168, 27.987653795219988 ], [ 85.164703896, 27.987653795219988 ] ] ] } },
{ "type": "Feature", "properties": { "area_m2": 7390.4968396861595, "lat": 27.972272434274853, "lon": 85.180588482000005 }, "geometry": { "type": "Polygon", "coordinates": [ [ [ 85.179607952, 27.972445258555133 ], [ 85.179607952, 27.972099609994569 ], [ 85.181569012, 27.972099609994569 ], [ 85.181569012, 27.972445258555133 ], [ 85.179607952, 27.972445258555133 ] ] ] } },
{ "type": "Feature", "properties": { "area_m2": 90151.909922133404, "lat": 27.967048041277458, "lon": 85.40396929026231 }, "geometry": { "type": "Polygon", "coordinates": [ [ [ 85.403561004, 27.968988772949483 ], [ 85.403561004, 27.968643124388919 ], [ 85.403168792, 27.968643124388919 ], [ 85.403168792, 27.96795182726779 ], [ 85.40277658, 27.96795182726779 ], [ 85.40277658, 27.967606178707221 ], [ 85.402384368, 27.967606178707221 ], [ 85.402384368, 27.966223584464963 ], [ 85.40277658, 27.966223584464963 ], [ 85.40277658, 27.965877935904398 ], [ 85.403168792, 27.965877935904398 ], [ 85.403168792, 27.965532287343834 ], [ 85.403561004, 27.965532287343834 ], [ 85.403561004, 27.965186638783269 ], [ 85.404345428, 27.965186638783269 ], [ 85.404345428, 27.965532287343834 ], [ 85.40473764, 27.965532287343834 ], [ 85.40473764, 27.965877935904398 ], [ 85.405129852, 27.965877935904398 ], [ 85.405129852, 27.966223584464963 ], [ 85.40552206400001, 27.966223584464963 ], [ 85.40552206400001, 27.967606178707221 ], [ 85.405129852, 27.967606178707221 ], [ 85.405129852, 27.968297475828354 ], [ 85.40473764, 27.968297475828354 ], [ 85.40473764, 27.968643124388919 ], [ 85.404345428, 27.968643124388919 ], [ 85.404345428, 27.968988772949483 ], [ 85.403561004, 27.968988772949483 ] ] ] } },
{ "type": "Feature", "properties": { "area_m2": 54692.423201063633, "lat": 27.955429073337044, "lon": 85.302958625999992 }, "geometry": { "type": "Polygon", "coordinates": [ [ [ 85.302370308, 27.956545424769146 ], [ 85.302370308, 27.956199776208582 ], [ 85.301978096, 27.956199776208582 ], [ 85.301978096, 27.955854127648017 ], [ 85.301585884, 27.955854127648017 ], [ 85.301585884, 27.954471533405755 ], [ 85.30315473200001, 27.954471533405755 ], [ 85.30315473200001, 27.95412588484519 ], [ 85.303546944, 27.95412588484519 ], [ 85.303546944, 27.954471533405755 ], [ 85.303939156, 27.954471533405755 ], [ 85.303939156, 27.955162830526888 ], [ 85.304331368, 27.955162830526888 ], [ 85.304331368, 27.956199776208582 ], [ 85.303939156, 27.956199776208582 ], [ 85.303939156, 27.956545424769146 ], [ 85.302370308, 27.956545424769146 ] ] ] } },
{ "type": "Feature", "properties": { "area_m2": 19211.626458905404, "lat": 27.953128821689717, "lon": 85.664668600461525 }, "geometry": { "type": "Polygon", "coordinates": [ [ [ 85.663989772, 27.953780236284626 ], [ 85.663989772, 27.952397642042367 ], [ 85.66477419600001, 27.952397642042367 ], [ 85.66477419600001, 27.952743290602932 ], [ 85.66555862, 27.952743290602932 ], [ 85.66555862, 27.953434587724061 ], [ 85.665166408, 27.953434587724061 ], [ 85.665166408, 27.953780236284626 ], [ 85.663989772, 27.953780236284626 ] ] ] } },
{ "type": "Feature", "properties": { "area_m2": 45227342.273661822, "lat": 27.962817171979061, "lon": 85.216623057242103 }, "geometry": { "type": "Polygon", "coordinates": [ [ [ 85.2105927, 27.987653795219988 ], [ 85.2105927, 27.986962498098858 ], [ 85.210200488, 27.986962498098858 ], [ 85.210200488, 27.985925552417164 ], [ 85.209808276, 27.985925552417164 ], [ 85.209808276, 27.9855799038566 ], [ 85.20941606400001, 27.9855799038566 ], [ 85.20941606400001, 27.985234255296035 ], [ 85.209023852, 27.985234255296035 ], [ 85.209023852, 27.984888606735467 ], [ 85.20863164, 27.984888606735467 ], [ 85.20863164, 27.984542958174902 ], [ 85.207847216, 27.984542958174902 ], [ 85.207847216, 27.984197309614338 ], [ 85.207455004, 27.984197309614338 ], [ 85.207455004, 27.983851661053773 ], [ 85.207062792, 27.983851661053773 ], [ 85.207062792, 27.983506012493208 ], [ 85.20667058, 27.983506012493208 ], [ 85.20667058, 27.983160363932644 ], [ 85.205886156, 27.983160363932644 ], [ 85.205886156, 27.982814715372079 ], [ 85.20470952, 27.982814715372079 ], [ 85.20470952, 27.982469066811515 ], [ 85.204317308, 27.982469066811515 ], [ 85.204317308, 27.98212341825095 ], [ 85.203925096, 27.98212341825095 ], [ 85.203925096, 27.981086472569256 ], [ 85.203532884, 27.981086472569256 ], [ 85.203532884, 27.980395175448123 ], [ 85.20274846, 27.980395175448123 ], [ 85.20274846, 27.980740824008691 ], [ 85.201964036, 27.980740824008691 ], [ 85.201964036, 27.981086472569256 ], [ 85.2007874, 27.981086472569256 ], [ 85.2007874, 27.981432121129821 ], [ 85.198434128, 27.981432121129821 ], [ 85.198434128, 27.981777769690385 ], [ 85.197257492, 27.981777769690385 ], [ 85.197257492, 27.98212341825095 ], [ 85.19686528, 27.98212341825095 ], [ 85.19686528, 27.982469066811515 ], [ 85.194512008, 27.982469066811515 ], [ 85.194512008, 27.98212341825095 ], [ 85.192158736, 27.98212341825095 ], [ 85.192158736, 27.982469066811515 ], [ 85.191374312, 27.982469066811515 ], [ 85.191374312, 27.982814715372079 ], [ 85.1909821, 27.982814715372079 ], [ 85.1909821, 27.983851661053773 ], [ 85.190197676, 27.983851661053773 ], [ 85.190197676, 27.983506012493208 ], [ 85.189805464, 27.983506012493208 ], [ 85.189805464, 27.982814715372079 ], [ 85.189413252, 27.982814715372079 ], [ 85.189413252, 27.982469066811515 ], [ 85.187452192, 27.982469066811515 ], [ 85.187452192, 27.98212341825095 ], [ 85.18705998, 27.98212341825095 ], [ 85.18705998, 27.981777769690385 ], [ 85.186667768, 27.981777769690385 ], [ 85.186667768, 27.981086472569256 ], [ 85.186275556, 27.981086472569256 ], [ 85.186275556, 27.979703878326994 ], [ 85.185883344, 27.979703878326994 ], [ 85.185883344, 27.976593041281912 ], [ 85.186275556, 27.976593041281912 ], [ 85.186275556, 27.97590174416078 ], [ 85.186667768, 27.97590174416078 ], [ 85.186667768, 27.975556095600215 ], [ 85.18705998, 27.975556095600215 ], [ 85.18705998, 27.97590174416078 ], [ 85.187452192, 27.97590174416078 ], [ 85.187452192, 27.975556095600215 ], [ 85.187844404, 27.975556095600215 ], [ 85.187844404, 27.974864798479086 ], [ 85.18705998, 27.974864798479086 ], [ 85.18705998, 27.97521044703965 ], [ 85.18509892, 27.97521044703965 ], [ 85.18509892, 27.974864798479086 ], [ 85.184706708, 27.974864798479086 ], [ 85.184706708, 27.972099609994569 ], [ 85.184314496, 27.972099609994569 ], [ 85.184314496, 27.971753961434001 ], [ 85.183922284, 27.971753961434001 ], [ 85.183922284, 27.971408312873436 ], [ 85.18313786, 27.971408312873436 ], [ 85.18313786, 27.970371367191742 ], [ 85.182745648, 27.970371367191742 ], [ 85.182745648, 27.969334421510048 ], [ 85.182353436, 27.969334421510048 ], [ 85.182353436, 27.968643124388919 ], [ 85.181961224, 27.968643124388919 ], [ 85.181961224, 27.968297475828354 ], [ 85.181569012, 27.968297475828354 ], [ 85.181569012, 27.967606178707221 ], [ 85.179607952, 27.967606178707221 ], [ 85.179607952, 27.962767098859313 ], [ 85.178039104, 27.962767098859313 ], [ 85.178039104, 27.963112747419878 ], [ 85.17725468, 27.963112747419878 ], [ 85.17725468, 27.963458395980446 ], [ 85.176470256, 27.963458395980446 ], [ 85.176470256, 27.963804044541011 ], [ 85.175685832, 27.963804044541011 ], [ 85.175685832, 27.96449534166214 ], [ 85.176078044, 27.96449534166214 ], [ 85.176078044, 27.964840990222704 ], [ 85.176470256, 27.964840990222704 ], [ 85.176470256, 27.965532287343834 ], [ 85.176862468, 27.965532287343834 ], [ 85.176862468, 27.969334421510048 ], [ 85.17725468, 27.969334421510048 ], [ 85.17725468, 27.969680070070613 ], [ 85.176862468, 27.969680070070613 ], [ 85.176862468, 27.971408312873436 ], [ 85.176470256, 27.971408312873436 ], [ 85.176470256, 27.973136555676263 ], [ 85.176862468, 27.973136555676263 ], [ 85.176862468, 27.973827852797392 ], [ 85.17725468, 27.973827852797392 ], [ 85.17725468, 27.974519149918521 ], [ 85.177646892, 27.974519149918521 ], [ 85.177646892, 27.975556095600215 ], [ 85.178039104, 27.975556095600215 ], [ 85.178039104, 27.976593041281912 ], [ 85.179607952, 27.976593041281912 ], [ 85.179607952, 27.979012581205865 ], [ 85.178039104, 27.979012581205865 ], [ 85.178039104, 27.979703878326994 ], [ 85.177646892, 27.979703878326994 ], [ 85.177646892, 27.980395175448123 ], [ 85.176862468, 27.980395175448123 ], [ 85.176862468, 27.980740824008691 ], [ 85.176078044, 27.980740824008691 ], [ 85.176078044, 27.981086472569256 ], [ 85.17529362, 27.981086472569256 ], [ 85.17529362, 27.981432121129821 ], [ 85.174509196, 27.981432121129821 ], [ 85.174509196, 27.98212341825095 ], [ 85.174116984, 27.98212341825095 ], [ 85.174116984, 27.983160363932644 ], [ 85.173724772, 27.983160363932644 ], [ 85.173724772, 27.982469066811515 ], [ 85.17333256, 27.982469066811515 ], [ 85.17333256, 27.981086472569256 ], [ 85.173724772, 27.981086472569256 ], [ 85.173724772, 27.980740824008691 ], [ 85.17333256, 27.980740824008691 ], [ 85.17333256, 27.980049526887559 ], [ 85.172940348, 27.980049526887559 ], [ 85.172940348, 27.979703878326994 ], [ 85.172548136, 27.979703878326994 ], [ 85.172548136, 27.979012581205865 ], [ 85.172155924, 27.979012581205865 ], [ 85.172155924, 27.9786669326453 ], [ 85.171763712, 27.9786669326453 ], [ 85.171763712, 27.978321284084736 ], [ 85.169802652, 27.978321284084736 ], [ 85.169802652, 27.977975635524171 ], [ 85.167841592, 27.977975635524171 ], [ 85.167841592, 27.978321284084736 ], [ 85.166664956, 27.978321284084736 ], [ 85.166664956, 27.9786669326453 ], [ 85.16548832, 27.9786669326453 ], [ 85.16548832, 27.979012581205865 ], [ 85.162350624, 27.979012581205865 ], [ 85.162350624, 27.978321284084736 ], [ 85.161958412, 27.978321284084736 ], [ 85.161958412, 27.977629986963606 ], [ 85.16156620000001, 27.977629986963606 ], [ 85.16156620000001, 27.976938689842477 ], [ 85.161173988, 27.976938689842477 ], [ 85.161173988, 27.976247392721348 ], [ 85.160781776, 27.976247392721348 ], [ 85.160781776, 27.975556095600215 ], [ 85.160389564, 27.975556095600215 ], [ 85.160389564, 27.974864798479086 ], [ 85.159997352, 27.974864798479086 ], [ 85.159997352, 27.973827852797392 ], [ 85.15960514, 27.973827852797392 ], [ 85.15960514, 27.973136555676263 ], [ 85.159212928, 27.973136555676263 ], [ 85.159212928, 27.972445258555133 ], [ 85.158820716, 27.972445258555133 ], [ 85.158820716, 27.970717015752307 ], [ 85.158428504, 27.970717015752307 ], [ 85.158428504, 27.969680070070613 ], [ 85.158036292, 27.969680070070613 ], [ 85.158036292, 27.969334421510048 ], [ 85.157251868, 27.969334421510048 ], [ 85.157251868, 27.968988772949483 ], [ 85.156859656, 27.968988772949483 ], [ 85.156859656, 27.968297475828354 ], [ 85.156467444, 27.968297475828354 ], [ 85.156467444, 27.966914881586092 ], [ 85.156075232, 27.966914881586092 ], [ 85.156075232, 27.965877935904398 ], [ 85.15568302, 27.965877935904398 ], [ 85.15568302, 27.965186638783269 ], [ 85.155290808, 27.965186638783269 ], [ 85.155290808, 27.96449534166214 ], [ 85.15489859600001, 27.96449534166214 ], [ 85.15489859600001, 27.964149693101575 ], [ 85.154506384, 27.964149693101575 ], [ 85.154506384, 27.963804044541011 ], [ 85.154114172, 27.963804044541011 ], [ 85.154114172, 27.963458395980446 ], [ 85.153329748, 27.963458395980446 ], [ 85.153329748, 27.963112747419878 ], [ 85.152937536, 27.963112747419878 ], [ 85.152937536, 27.962767098859313 ], [ 85.152545324, 27.962767098859313 ], [ 85.152545324, 27.962421450298748 ], [ 85.152153112, 27.962421450298748 ], [ 85.152153112, 27.962075801738184 ], [ 85.1517609, 27.962075801738184 ], [ 85.1517609, 27.961730153177619 ], [ 85.151368688, 27.961730153177619 ], [ 85.151368688, 27.96103885605649 ], [ 85.150584264, 27.96103885605649 ], [ 85.150584264, 27.960693207495925 ], [ 85.150192052, 27.960693207495925 ], [ 85.150192052, 27.960347558935361 ], [ 85.149407628, 27.960347558935361 ], [ 85.149407628, 27.960001910374796 ], [ 85.149015416, 27.960001910374796 ], [ 85.149015416, 27.959310613253667 ], [ 85.148623204, 27.959310613253667 ], [ 85.148623204, 27.958964964693102 ], [ 85.148230992, 27.958964964693102 ], [ 85.148230992, 27.957928019011405 ], [ 85.148623204, 27.957928019011405 ], [ 85.148623204, 27.956891073329711 ], [ 85.149015416, 27.956891073329711 ], [ 85.149015416, 27.956199776208582 ], [ 85.149407628, 27.956199776208582 ], [ 85.149407628, 27.955854127648017 ], [ 85.14979984, 27.955854127648017 ], [ 85.14979984, 27.955508479087452 ], [ 85.150584264, 27.955508479087452 ], [ 85.150584264, 27.955162830526888 ], [ 85.150976476, 27.955162830526888 ], [ 85.150976476, 27.954817181966323 ], [ 85.151368688, 27.954817181966323 ], [ 85.151368688, 27.954471533405755 ], [ 85.1517609, 27.954471533405755 ], [ 85.1517609, 27.95412588484519 ], [ 85.152153112, 27.95412588484519 ], [ 85.152153112, 27.953434587724061 ], [ 85.152545324, 27.953434587724061 ], [ 85.152545324, 27.953088939163496 ], [ 85.152937536, 27.953088939163496 ], [ 85.152937536, 27.952743290602932 ], [ 85.153329748, 27.952743290602932 ], [ 85.153329748, 27.952397642042367 ], [ 85.15372196, 27.952397642042367 ], [ 85.15372196, 27.951360696360673 ], [ 85.154114172, 27.951360696360673 ], [ 85.154114172, 27.948595507876153 ], [ 85.15372196, 27.948595507876153 ], [ 85.15372196, 27.947904210755024 ], [ 85.153329748, 27.947904210755024 ], [ 85.153329748, 27.947558562194459 ], [ 85.15372196, 27.947558562194459 ], [ 85.15372196, 27.947212913633894 ], [ 85.155290808, 27.947212913633894 ], [ 85.155290808, 27.94686726507333 ], [ 85.156859656, 27.94686726507333 ], [ 85.156859656, 27.947212913633894 ], [ 85.158036292, 27.947212913633894 ], [ 85.158036292, 27.947558562194459 ], [ 85.158820716, 27.947558562194459 ], [ 85.158820716, 27.948249859315588 ], [ 85.159212928, 27.948249859315588 ], [ 85.159212928, 27.948941156436717 ], [ 85.159997352, 27.948941156436717 ], [ 85.159997352, 27.949286804997282 ], [ 85.160389564, 27.949286804997282 ], [ 85.160389564, 27.949632453557847 ], [ 85.160781776, 27.949632453557847 ], [ 85.160781776, 27.950323750678976 ], [ 85.16156620000001, 27.950323750678976 ], [ 85.16156620000001, 27.950669399239544 ], [ 85.161958412, 27.950669399239544 ], [ 85.161958412, 27.951015047800109 ], [ 85.162350624, 27.951015047800109 ], [ 85.162350624, 27.950323750678976 ], [ 85.162742836, 27.950323750678976 ], [ 85.162742836, 27.947904210755024 ], [ 85.16352726, 27.947904210755024 ], [ 85.16352726, 27.947558562194459 ], [ 85.16548832, 27.947558562194459 ], [ 85.16548832, 27.947904210755024 ], [ 85.166272744, 27.947904210755024 ], [ 85.166272744, 27.948249859315588 ], [ 85.166664956, 27.948249859315588 ], [ 85.166664956, 27.948595507876153 ], [ 85.167057168, 27.948595507876153 ], [ 85.167057168, 27.948941156436717 ], [ 85.16744938, 27.948941156436717 ], [ 85.16744938, 27.949632453557847 ], [ 85.167841592, 27.949632453557847 ], [ 85.167841592, 27.951015047800109 ], [ 85.168233804, 27.951015047800109 ], [ 85.168233804, 27.951706344921238 ], [ 85.168626016, 27.951706344921238 ], [ 85.168626016, 27.952051993481803 ], [ 85.16941044, 27.952051993481803 ], [ 85.16941044, 27.951706344921238 ], [ 85.169802652, 27.951706344921238 ], [ 85.169802652, 27.951360696360673 ], [ 85.17019486400001, 27.951360696360673 ], [ 85.17019486400001, 27.951015047800109 ], [ 85.170587076, 27.951015047800109 ], [ 85.170587076, 27.950669399239544 ], [ 85.170979288, 27.950669399239544 ], [ 85.170979288, 27.949978102118411 ], [ 85.1713715, 27.949978102118411 ], [ 85.1713715, 27.949632453557847 ], [ 85.171763712, 27.949632453557847 ], [ 85.171763712, 27.949286804997282 ], [ 85.172155924, 27.949286804997282 ], [ 85.172155924, 27.948941156436717 ], [ 85.172548136, 27.948941156436717 ], [ 85.172548136, 27.947904210755024 ], [ 85.172940348, 27.947904210755024 ], [ 85.172940348, 27.947212913633894 ], [ 85.17333256, 27.947212913633894 ], [ 85.17333256, 27.946521616512765 ], [ 85.173724772, 27.946521616512765 ], [ 85.173724772, 27.945830319391632 ], [ 85.174116984, 27.945830319391632 ], [ 85.174116984, 27.94341077946768 ], [ 85.17529362, 27.94341077946768 ], [ 85.17529362, 27.945139022270503 ], [ 85.175685832, 27.945139022270503 ], [ 85.175685832, 27.946521616512765 ], [ 85.176078044, 27.946521616512765 ], [ 85.176078044, 27.947212913633894 ], [ 85.176470256, 27.947212913633894 ], [ 85.176470256, 27.951706344921238 ], [ 85.176862468, 27.951706344921238 ], [ 85.176862468, 27.953780236284626 ], [ 85.17725468, 27.953780236284626 ], [ 85.17725468, 27.954471533405755 ], [ 85.177646892, 27.954471533405755 ], [ 85.177646892, 27.955162830526888 ], [ 85.179607952, 27.955162830526888 ], [ 85.179607952, 27.950669399239544 ], [ 85.1811768, 27.950669399239544 ], [ 85.1811768, 27.949978102118411 ], [ 85.179607952, 27.949978102118411 ], [ 85.179607952, 27.94341077946768 ], [ 85.217260304, 27.94341077946768 ], [ 85.217260304, 27.945139022270503 ], [ 85.217652516, 27.945139022270503 ], [ 85.217652516, 27.945484670831068 ], [ 85.21804472800001, 27.945484670831068 ], [ 85.21804472800001, 27.945830319391632 ], [ 85.21843694, 27.945830319391632 ], [ 85.21843694, 27.9461759679522 ], [ 85.218829152, 27.9461759679522 ], [ 85.218829152, 27.946521616512765 ], [ 85.220398, 27.946521616512765 ], [ 85.220398, 27.94686726507333 ], [ 85.22235906, 27.94686726507333 ], [ 85.22235906, 27.946521616512765 ], [ 85.223143484, 27.946521616512765 ], [ 85.223143484, 27.9461759679522 ], [ 85.22432012, 27.9461759679522 ], [ 85.22432012, 27.945830319391632 ], [ 85.225888968, 27.945830319391632 ], [ 85.225888968, 27.9461759679522 ], [ 85.226673392, 27.9461759679522 ], [ 85.226673392, 27.946521616512765 ], [ 85.227065604, 27.946521616512765 ], [ 85.227065604, 27.94686726507333 ], [ 85.227457816, 27.94686726507333 ], [ 85.227457816, 27.947212913633894 ], [ 85.227850028, 27.947212913633894 ], [ 85.227850028, 27.949286804997282 ], [ 85.227457816, 27.949286804997282 ], [ 85.227457816, 27.950669399239544 ], [ 85.227850028, 27.950669399239544 ], [ 85.227850028, 27.951706344921238 ], [ 85.22824224, 27.951706344921238 ], [ 85.22824224, 27.952051993481803 ], [ 85.229811088, 27.952051993481803 ], [ 85.229811088, 27.952397642042367 ], [ 85.231379936, 27.952397642042367 ], [ 85.231379936, 27.952051993481803 ], [ 85.231772148, 27.952051993481803 ], [ 85.231772148, 27.951706344921238 ], [ 85.23216436, 27.951706344921238 ], [ 85.23216436, 27.951015047800109 ], [ 85.232556572, 27.951015047800109 ], [ 85.232556572, 27.950669399239544 ], [ 85.232948784, 27.950669399239544 ], [ 85.232948784, 27.949978102118411 ], [ 85.232556572, 27.949978102118411 ], [ 85.232556572, 27.949632453557847 ], [ 85.23216436, 27.949632453557847 ], [ 85.23216436, 27.949286804997282 ], [ 85.231772148, 27.949286804997282 ], [ 85.231772148, 27.948941156436717 ], [ 85.229811088, 27.948941156436717 ], [ 85.229811088, 27.94686726507333 ], [ 85.231379936, 27.94686726507333 ], [ 85.231379936, 27.946521616512765 ], [ 85.232556572, 27.946521616512765 ], [ 85.232556572, 27.9461759679522 ], [ 85.23334099600001, 27.9461759679522 ], [ 85.23334099600001, 27.945830319391632 ], [ 85.234517632, 27.945830319391632 ], [ 85.234517632, 27.945484670831068 ], [ 85.235302056, 27.945484670831068 ], [ 85.235302056, 27.945139022270503 ], [ 85.23608648, 27.945139022270503 ], [ 85.23608648, 27.94341077946768 ], [ 85.267855652, 27.94341077946768 ], [ 85.267855652, 27.946521616512765 ], [ 85.268247864, 27.946521616512765 ], [ 85.268247864, 27.947904210755024 ], [ 85.267855652, 27.947904210755024 ], [ 85.267855652, 27.948249859315588 ], [ 85.26746344, 27.948249859315588 ], [ 85.26746344, 27.948941156436717 ], [ 85.267071228, 27.948941156436717 ], [ 85.267071228, 27.949632453557847 ], [ 85.266679016, 27.949632453557847 ], [ 85.266679016, 27.952743290602932 ], [ 85.267071228, 27.952743290602932 ], [ 85.267071228, 27.953088939163496 ], [ 85.268640076, 27.953088939163496 ], [ 85.268640076, 27.953434587724061 ], [ 85.270208924, 27.953434587724061 ], [ 85.270208924, 27.953088939163496 ], [ 85.272954408, 27.953088939163496 ], [ 85.272954408, 27.952743290602932 ], [ 85.27334662, 27.952743290602932 ], [ 85.27334662, 27.952397642042367 ], [ 85.273738832, 27.952397642042367 ], [ 85.273738832, 27.951015047800109 ], [ 85.274131044, 27.951015047800109 ], [ 85.274131044, 27.949978102118411 ], [ 85.273738832, 27.949978102118411 ], [ 85.273738832, 27.948595507876153 ], [ 85.27334662, 27.948595507876153 ], [ 85.27334662, 27.947904210755024 ], [ 85.272954408, 27.947904210755024 ], [ 85.272954408, 27.947212913633894 ], [ 85.27334662, 27.947212913633894 ], [ 85.27334662, 27.94686726507333 ], [ 85.273738832, 27.94686726507333 ], [ 85.273738832, 27.946521616512765 ], [ 85.274131044, 27.946521616512765 ], [ 85.274131044, 27.9461759679522 ], [ 85.274523256, 27.9461759679522 ], [ 85.274523256, 27.945484670831068 ], [ 85.274915468, 27.945484670831068 ], [ 85.274915468, 27.945139022270503 ], [ 85.275699892, 27.945139022270503 ], [ 85.275699892, 27.945484670831068 ], [ 85.276092104, 27.945484670831068 ], [ 85.276092104, 27.9461759679522 ], [ 85.276484316, 27.9461759679522 ], [ 85.276484316, 27.94686726507333 ], [ 85.276876528, 27.94686726507333 ], [ 85.276876528, 27.947904210755024 ], [ 85.276484316, 27.947904210755024 ], [ 85.276484316, 27.949286804997282 ], [ 85.276092104, 27.949286804997282 ], [ 85.276092104, 27.951706344921238 ], [ 85.276484316, 27.951706344921238 ], [ 85.276484316, 27.953088939163496 ], [ 85.27726874, 27.953088939163496 ], [ 85.27726874, 27.953434587724061 ], [ 85.278053164, 27.953434587724061 ], [ 85.278053164, 27.953780236284626 ], [ 85.280014224, 27.953780236284626 ], [ 85.280014224, 27.96103885605649 ], [ 85.279622012, 27.96103885605649 ], [ 85.279622012, 27.961384504617055 ], [ 85.278053164, 27.961384504617055 ], [ 85.278053164, 27.962421450298748 ], [ 85.277660952, 27.962421450298748 ], [ 85.277660952, 27.963112747419878 ], [ 85.27726874, 27.963112747419878 ], [ 85.27726874, 27.963458395980446 ], [ 85.276484316, 27.963458395980446 ], [ 85.276484316, 27.963804044541011 ], [ 85.27530768, 27.963804044541011 ], [ 85.27530768, 27.965186638783269 ], [ 85.275699892, 27.965186638783269 ], [ 85.275699892, 27.967260530146657 ], [ 85.27530768, 27.967260530146657 ], [ 85.27530768, 27.967606178707221 ], [ 85.274131044, 27.967606178707221 ], [ 85.274131044, 27.96795182726779 ], [ 85.273738832, 27.96795182726779 ], [ 85.273738832, 27.968297475828354 ], [ 85.27334662, 27.968297475828354 ], [ 85.27334662, 27.969334421510048 ], [ 85.272954408, 27.969334421510048 ], [ 85.272954408, 27.970025718631177 ], [ 85.272169984, 27.970025718631177 ], [ 85.272169984, 27.970371367191742 ], [ 85.27138556, 27.970371367191742 ], [ 85.27138556, 27.970717015752307 ], [ 85.270993348, 27.970717015752307 ], [ 85.270993348, 27.971062664312871 ], [ 85.270601136, 27.971062664312871 ], [ 85.270601136, 27.971408312873436 ], [ 85.270208924, 27.971408312873436 ], [ 85.270208924, 27.971753961434001 ], [ 85.269816712, 27.971753961434001 ], [ 85.269816712, 27.972099609994569 ], [ 85.2694245, 27.972099609994569 ], [ 85.2694245, 27.973136555676263 ], [ 85.269032288, 27.973136555676263 ], [ 85.269032288, 27.973482204236827 ], [ 85.268640076, 27.973482204236827 ], [ 85.268640076, 27.973827852797392 ], [ 85.268247864, 27.973827852797392 ], [ 85.268247864, 27.974173501357956 ], [ 85.26746344, 27.974173501357956 ], [ 85.26746344, 27.974519149918521 ], [ 85.266679016, 27.974519149918521 ], [ 85.266679016, 27.974864798479086 ], [ 85.265894592, 27.974864798479086 ], [ 85.265894592, 27.97521044703965 ], [ 85.26550238, 27.97521044703965 ], [ 85.26550238, 27.97590174416078 ], [ 85.265110168, 27.97590174416078 ], [ 85.265110168, 27.976938689842477 ], [ 85.264717956, 27.976938689842477 ], [ 85.264717956, 27.979012581205865 ], [ 85.264325744, 27.979012581205865 ], [ 85.264325744, 27.980049526887559 ], [ 85.26354132, 27.980049526887559 ], [ 85.26354132, 27.980395175448123 ], [ 85.262756896, 27.980395175448123 ], [ 85.262756896, 27.980740824008691 ], [ 85.262364684, 27.980740824008691 ], [ 85.262364684, 27.982469066811515 ], [ 85.261972472, 27.982469066811515 ], [ 85.261972472, 27.984888606735467 ], [ 85.262364684, 27.984888606735467 ], [ 85.262364684, 27.985234255296035 ], [ 85.26393353200001, 27.985234255296035 ], [ 85.26393353200001, 27.984888606735467 ], [ 85.266286804, 27.984888606735467 ], [ 85.266286804, 27.985234255296035 ], [ 85.267071228, 27.985234255296035 ], [ 85.267071228, 27.9855799038566 ], [ 85.26746344, 27.9855799038566 ], [ 85.26746344, 27.986616849538294 ], [ 85.267071228, 27.986616849538294 ], [ 85.267071228, 27.986962498098858 ], [ 85.266286804, 27.986962498098858 ], [ 85.266286804, 27.987308146659423 ], [ 85.26393353200001, 27.987308146659423 ], [ 85.26393353200001, 27.987653795219988 ], [ 85.262756896, 27.987653795219988 ], [ 85.262756896, 27.986962498098858 ], [ 85.262364684, 27.986962498098858 ], [ 85.262364684, 27.9855799038566 ], [ 85.261972472, 27.9855799038566 ], [ 85.261972472, 27.985234255296035 ], [ 85.26158026, 27.985234255296035 ], [ 85.26158026, 27.984888606735467 ], [ 85.261188048, 27.984888606735467 ], [ 85.261188048, 27.984542958174902 ], [ 85.260011412, 27.984542958174902 ], [ 85.260011412, 27.984197309614338 ], [ 85.25765814, 27.984197309614338 ], [ 85.25765814, 27.983851661053773 ], [ 85.254128232, 27.983851661053773 ], [ 85.254128232, 27.983506012493208 ], [ 85.252559384, 27.983506012493208 ], [ 85.252559384, 27.983160363932644 ], [ 85.252167172, 27.983160363932644 ], [ 85.252167172, 27.982814715372079 ], [ 85.25177496, 27.982814715372079 ], [ 85.25177496, 27.982469066811515 ], [ 85.251382748, 27.982469066811515 ], [ 85.251382748, 27.98212341825095 ], [ 85.250990536, 27.98212341825095 ], [ 85.250990536, 27.981777769690385 ], [ 85.250598324, 27.981777769690385 ], [ 85.250598324, 27.981086472569256 ], [ 85.249421688, 27.981086472569256 ], [ 85.249421688, 27.981432121129821 ], [ 85.249029476, 27.981432121129821 ], [ 85.249029476, 27.981777769690385 ], [ 85.24785284, 27.981777769690385 ], [ 85.24785284, 27.98212341825095 ], [ 85.241577448, 27.98212341825095 ], [ 85.241577448, 27.981777769690385 ], [ 85.24000860000001, 27.981777769690385 ], [ 85.24000860000001, 27.98212341825095 ], [ 85.237263116, 27.98212341825095 ], [ 85.237263116, 27.981777769690385 ], [ 85.236478692, 27.981777769690385 ], [ 85.236478692, 27.981432121129821 ], [ 85.23608648, 27.981432121129821 ], [ 85.23608648, 27.981086472569256 ], [ 85.235694268, 27.981086472569256 ], [ 85.235694268, 27.980740824008691 ], [ 85.235302056, 27.980740824008691 ], [ 85.235302056, 27.980395175448123 ], [ 85.234909844, 27.980395175448123 ], [ 85.234909844, 27.979703878326994 ], [ 85.234517632, 27.979703878326994 ], [ 85.234517632, 27.979358229766429 ], [ 85.23412542, 27.979358229766429 ], [ 85.23412542, 27.979012581205865 ], [ 85.233733208, 27.979012581205865 ], [ 85.233733208, 27.9786669326453 ], [ 85.23334099600001, 27.9786669326453 ], [ 85.23334099600001, 27.977975635524171 ], [ 85.232948784, 27.977975635524171 ], [ 85.232948784, 27.976247392721348 ], [ 85.23334099600001, 27.976247392721348 ], [ 85.23334099600001, 27.974173501357956 ], [ 85.233733208, 27.974173501357956 ], [ 85.233733208, 27.973482204236827 ], [ 85.23412542, 27.973482204236827 ], [ 85.23412542, 27.972099609994569 ], [ 85.23334099600001, 27.972099609994569 ], [ 85.23334099600001, 27.971753961434001 ], [ 85.232948784, 27.971753961434001 ], [ 85.232948784, 27.971408312873436 ], [ 85.23216436, 27.971408312873436 ], [ 85.23216436, 27.971062664312871 ], [ 85.231379936, 27.971062664312871 ], [ 85.231379936, 27.970717015752307 ], [ 85.229811088, 27.970717015752307 ], [ 85.229811088, 27.981432121129821 ], [ 85.22824224, 27.981432121129821 ], [ 85.22824224, 27.981777769690385 ], [ 85.227065604, 27.981777769690385 ], [ 85.227065604, 27.98212341825095 ], [ 85.22628118, 27.98212341825095 ], [ 85.22628118, 27.982469066811515 ], [ 85.225496756, 27.982469066811515 ], [ 85.225496756, 27.982814715372079 ], [ 85.22471233200001, 27.982814715372079 ], [ 85.22471233200001, 27.982469066811515 ], [ 85.22432012, 27.982469066811515 ], [ 85.22432012, 27.98212341825095 ], [ 85.223927908, 27.98212341825095 ], [ 85.223927908, 27.981777769690385 ], [ 85.223535696, 27.981777769690385 ], [ 85.223535696, 27.981432121129821 ], [ 85.222751272, 27.981432121129821 ], [ 85.222751272, 27.981086472569256 ], [ 85.22235906, 27.981086472569256 ], [ 85.22235906, 27.980740824008691 ], [ 85.221574636, 27.980740824008691 ], [ 85.221574636, 27.981086472569256 ], [ 85.221182424, 27.981086472569256 ], [ 85.221182424, 27.981777769690385 ], [ 85.220790212, 27.981777769690385 ], [ 85.220790212, 27.98212341825095 ], [ 85.220398, 27.98212341825095 ], [ 85.220398, 27.983160363932644 ], [ 85.220005788, 27.983160363932644 ], [ 85.220005788, 27.983851661053773 ], [ 85.219613576, 27.983851661053773 ], [ 85.219613576, 27.984542958174902 ], [ 85.219221364, 27.984542958174902 ], [ 85.219221364, 27.984888606735467 ], [ 85.218829152, 27.984888606735467 ], [ 85.218829152, 27.9855799038566 ], [ 85.21843694, 27.9855799038566 ], [ 85.21843694, 27.985925552417164 ], [ 85.21804472800001, 27.985925552417164 ], [ 85.21804472800001, 27.986616849538294 ], [ 85.217652516, 27.986616849538294 ], [ 85.217652516, 27.987308146659423 ], [ 85.217260304, 27.987308146659423 ], [ 85.217260304, 27.987653795219988 ], [ 85.2105927, 27.987653795219988 ] ], [ [ 85.190197676, 27.981777769690385 ], [ 85.1909821, 27.981777769690385 ], [ 85.1909821, 27.980740824008691 ], [ 85.190197676, 27.980740824008691 ], [ 85.190197676, 27.981777769690385 ] ], [ [ 85.271777772, 27.967260530146657 ], [ 85.272169984, 27.967260530146657 ], [ 85.272169984, 27.966914881586092 ], [ 85.27256219600001, 27.966914881586092 ], [ 85.27256219600001, 27.965532287343834 ], [ 85.272954408, 27.965532287343834 ], [ 85.272954408, 27.964840990222704 ], [ 85.27334662, 27.964840990222704 ], [ 85.27334662, 27.96449534166214 ], [ 85.273738832, 27.96449534166214 ], [ 85.273738832, 27.964149693101575 ], [ 85.274131044, 27.964149693101575 ], [ 85.274131044, 27.963804044541011 ], [ 85.273738832, 27.963804044541011 ], [ 85.273738832, 27.963458395980446 ], [ 85.27334662, 27.963458395980446 ], [ 85.27334662, 27.963112747419878 ], [ 85.272954408, 27.963112747419878 ], [ 85.272954408, 27.962421450298748 ], [ 85.27256219600001, 27.962421450298748 ], [ 85.27256219600001, 27.962075801738184 ], [ 85.272169984, 27.962075801738184 ], [ 85.272169984, 27.961730153177619 ], [ 85.271777772, 27.961730153177619 ], [ 85.271777772, 27.962421450298748 ], [ 85.27138556, 27.962421450298748 ], [ 85.27138556, 27.962767098859313 ], [ 85.270993348, 27.962767098859313 ], [ 85.270993348, 27.963112747419878 ], [ 85.270601136, 27.963112747419878 ], [ 85.270601136, 27.964840990222704 ], [ 85.270993348, 27.964840990222704 ], [ 85.270993348, 27.965532287343834 ], [ 85.27138556, 27.965532287343834 ], [ 85.27138556, 27.966569233025528 ], [ 85.271777772, 27.966569233025528 ], [ 85.271777772, 27.967260530146657 ] ], [ [ 85.170587076, 27.962767098859313 ], [ 85.171763712, 27.962767098859313 ], [ 85.171763712, 27.962421450298748 ], [ 85.172155924, 27.962421450298748 ], [ 85.172155924, 27.961384504617055 ], [ 85.171763712, 27.961384504617055 ], [ 85.171763712, 27.96103885605649 ], [ 85.168626016, 27.96103885605649 ], [ 85.168626016, 27.962421450298748 ], [ 85.170587076, 27.962421450298748 ], [ 85.170587076, 27.962767098859313 ] ], [ [ 85.229811088, 27.956199776208582 ], [ 85.231772148, 27.956199776208582 ], [ 85.231772148, 27.954817181966323 ], [ 85.231379936, 27.954817181966323 ], [ 85.231379936, 27.95412588484519 ], [ 85.229811088, 27.95412588484519 ], [ 85.229811088, 27.956199776208582 ] ], [ [ 85.240400812, 27.956199776208582 ], [ 85.241185236, 27.956199776208582 ], [ 85.241185236, 27.955508479087452 ], [ 85.240400812, 27.955508479087452 ], [ 85.240400812, 27.956199776208582 ] ] ] } },
{ "type": "Feature", "properties": { "area_m2": 33811346.109461859, "lat": 27.983346660139695, "lon": 85.697101969334213 }, "geometry": { "type": "Polygon", "coordinates": [ [ [ 85.686345856, 28.029822919608907 ], [ 85.686345856, 28.029477271048343 ], [ 85.685953644, 28.029477271048343 ], [ 85.685953644, 28.028785973927214 ], [ 85.685561432, 28.028785973927214 ], [ 85.685561432, 28.028094676806081 ], [ 85.68516922, 28.028094676806081 ], [ 85.68516922, 28.026712082563822 ], [ 85.684777008, 28.026712082563822 ], [ 85.684777008, 28.026366434003258 ], [ 85.684384796, 28.026366434003258 ], [ 85.684384796, 28.026020785442693 ], [ 85.683992584, 28.026020785442693 ], [ 85.683992584, 28.025675136882128 ], [ 85.683600372, 28.025675136882128 ], [ 85.683600372, 28.024983839760999 ], [ 85.68320816, 28.024983839760999 ], [ 85.68320816, 28.024638191200435 ], [ 85.681639312, 28.024638191200435 ], [ 85.681639312, 28.020144759913091 ], [ 85.68320816, 28.020144759913091 ], [ 85.68320816, 28.019799111352526 ], [ 85.683600372, 28.019799111352526 ], [ 85.683600372, 28.01461438294405 ], [ 85.68320816, 28.01461438294405 ], [ 85.68320816, 28.014268734383485 ], [ 85.681639312, 28.014268734383485 ], [ 85.681639312, 28.012886140141227 ], [ 85.68320816, 28.012886140141227 ], [ 85.68320816, 28.012194843020097 ], [ 85.683600372, 28.012194843020097 ], [ 85.683600372, 28.009429654535577 ], [ 85.68320816, 28.009429654535577 ], [ 85.68320816, 28.008392708853883 ], [ 85.681639312, 28.008392708853883 ], [ 85.681639312, 28.003899277566539 ], [ 85.680070464000011, 28.003899277566539 ], [ 85.680070464000011, 28.003553629005975 ], [ 85.679678252, 28.003553629005975 ], [ 85.679678252, 28.00320798044541 ], [ 85.67928604, 28.00320798044541 ], [ 85.67928604, 28.001825386203148 ], [ 85.679678252, 28.001825386203148 ], [ 85.679678252, 28.000442791960889 ], [ 85.680070464000011, 28.000442791960889 ], [ 85.680070464000011, 27.99975149483976 ], [ 85.681639312, 27.99975149483976 ], [ 85.681639312, 27.993529820749593 ], [ 85.680070464000011, 27.993529820749593 ], [ 85.680070464000011, 27.993184172189025 ], [ 85.67928604, 27.993184172189025 ], [ 85.67928604, 27.99283852362846 ], [ 85.678501616, 27.99283852362846 ], [ 85.678501616, 27.992147226507331 ], [ 85.678109404, 27.992147226507331 ], [ 85.678109404, 27.991801577946767 ], [ 85.677717192, 27.991801577946767 ], [ 85.677717192, 27.990764632265073 ], [ 85.67732498, 27.990764632265073 ], [ 85.67732498, 27.990073335143943 ], [ 85.676932768, 27.990073335143943 ], [ 85.676932768, 27.989727686583379 ], [ 85.67732498, 27.989727686583379 ], [ 85.67732498, 27.989382038022814 ], [ 85.677717192, 27.989382038022814 ], [ 85.677717192, 27.989036389462246 ], [ 85.678109404, 27.989036389462246 ], [ 85.678109404, 27.987653795219988 ], [ 85.676148344, 27.987653795219988 ], [ 85.676148344, 27.989036389462246 ], [ 85.675756132, 27.989036389462246 ], [ 85.675756132, 27.988690740901681 ], [ 85.67536392, 27.988690740901681 ], [ 85.67536392, 27.988345092341117 ], [ 85.674971708, 27.988345092341117 ], [ 85.674971708, 27.987308146659423 ], [ 85.674579496, 27.987308146659423 ], [ 85.674579496, 27.9855799038566 ], [ 85.674971708, 27.9855799038566 ], [ 85.674971708, 27.984542958174902 ], [ 85.67536392, 27.984542958174902 ], [ 85.67536392, 27.983506012493208 ], [ 85.675756132, 27.983506012493208 ], [ 85.675756132, 27.982469066811515 ], [ 85.676148344, 27.982469066811515 ], [ 85.676148344, 27.981086472569256 ], [ 85.676540556, 27.981086472569256 ], [ 85.676540556, 27.980395175448123 ], [ 85.676148344, 27.980395175448123 ], [ 85.676148344, 27.979358229766429 ], [ 85.675756132, 27.979358229766429 ], [ 85.675756132, 27.978321284084736 ], [ 85.67536392, 27.978321284084736 ], [ 85.67536392, 27.977975635524171 ], [ 85.674971708, 27.977975635524171 ], [ 85.674971708, 27.977284338403042 ], [ 85.674579496, 27.977284338403042 ], [ 85.674579496, 27.976593041281912 ], [ 85.674187284, 27.976593041281912 ], [ 85.674187284, 27.97590174416078 ], [ 85.673795072, 27.97590174416078 ], [ 85.673795072, 27.973482204236827 ], [ 85.674187284, 27.973482204236827 ], [ 85.674187284, 27.972099609994569 ], [ 85.673795072, 27.972099609994569 ], [ 85.673795072, 27.971408312873436 ], [ 85.67340286000001, 27.971408312873436 ], [ 85.67340286000001, 27.970025718631177 ], [ 85.673010648, 27.970025718631177 ], [ 85.673010648, 27.969334421510048 ], [ 85.67340286000001, 27.969334421510048 ], [ 85.67340286000001, 27.968643124388919 ], [ 85.673795072, 27.968643124388919 ], [ 85.673795072, 27.968297475828354 ], [ 85.674187284, 27.968297475828354 ], [ 85.674187284, 27.967260530146657 ], [ 85.674579496, 27.967260530146657 ], [ 85.674579496, 27.966223584464963 ], [ 85.674187284, 27.966223584464963 ], [ 85.674187284, 27.963804044541011 ], [ 85.673795072, 27.963804044541011 ], [ 85.673795072, 27.962421450298748 ], [ 85.67340286000001, 27.962421450298748 ], [ 85.67340286000001, 27.961384504617055 ], [ 85.673010648, 27.961384504617055 ], [ 85.673010648, 27.96103885605649 ], [ 85.672618436, 27.96103885605649 ], [ 85.672618436, 27.960693207495925 ], [ 85.671834012, 27.960693207495925 ], [ 85.671834012, 27.960347558935361 ], [ 85.671049588, 27.960347558935361 ], [ 85.671049588, 27.960001910374796 ], [ 85.670265164, 27.960001910374796 ], [ 85.670265164, 27.959656261814231 ], [ 85.66948074, 27.959656261814231 ], [ 85.66948074, 27.959310613253667 ], [ 85.669088528, 27.959310613253667 ], [ 85.669088528, 27.958964964693102 ], [ 85.668304104, 27.958964964693102 ], [ 85.668304104, 27.958619316132534 ], [ 85.66751968, 27.958619316132534 ], [ 85.66751968, 27.958273667571969 ], [ 85.667127468, 27.958273667571969 ], [ 85.667127468, 27.95758237045084 ], [ 85.66673525600001, 27.95758237045084 ], [ 85.66673525600001, 27.956891073329711 ], [ 85.666343044, 27.956891073329711 ], [ 85.666343044, 27.956199776208582 ], [ 85.665950832, 27.956199776208582 ], [ 85.665950832, 27.955162830526888 ], [ 85.666343044, 27.955162830526888 ], [ 85.666343044, 27.954471533405755 ], [ 85.667127468, 27.954471533405755 ], [ 85.667127468, 27.95412588484519 ], [ 85.667911892, 27.95412588484519 ], [ 85.667911892, 27.953780236284626 ], [ 85.668304104, 27.953780236284626 ], [ 85.668304104, 27.953088939163496 ], [ 85.668696316, 27.953088939163496 ], [ 85.668696316, 27.952743290602932 ], [ 85.669088528, 27.952743290602932 ], [ 85.669088528, 27.952397642042367 ], [ 85.66948074, 27.952397642042367 ], [ 85.66948074, 27.952051993481803 ], [ 85.670657376, 27.952051993481803 ], [ 85.670657376, 27.951706344921238 ], [ 85.673010648, 27.951706344921238 ], [ 85.673010648, 27.951360696360673 ], [ 85.677717192, 27.951360696360673 ], [ 85.677717192, 27.951015047800109 ], [ 85.681639312, 27.951015047800109 ], [ 85.681639312, 27.950669399239544 ], [ 85.683600372, 27.950669399239544 ], [ 85.683600372, 27.948941156436717 ], [ 85.68320816, 27.948941156436717 ], [ 85.68320816, 27.947904210755024 ], [ 85.681639312, 27.947904210755024 ], [ 85.681639312, 27.948941156436717 ], [ 85.679678252, 27.948941156436717 ], [ 85.679678252, 27.948595507876153 ], [ 85.67928604, 27.948595507876153 ], [ 85.67928604, 27.948249859315588 ], [ 85.678501616, 27.948249859315588 ], [ 85.678501616, 27.947904210755024 ], [ 85.678109404, 27.947904210755024 ], [ 85.678109404, 27.947558562194459 ], [ 85.678501616, 27.947558562194459 ], [ 85.678501616, 27.947212913633894 ], [ 85.678893828, 27.947212913633894 ], [ 85.678893828, 27.94686726507333 ], [ 85.67928604, 27.94686726507333 ], [ 85.67928604, 27.9461759679522 ], [ 85.679678252, 27.9461759679522 ], [ 85.679678252, 27.94341077946768 ], [ 85.681639312, 27.94341077946768 ], [ 85.681639312, 27.947558562194459 ], [ 85.68320816, 27.947558562194459 ], [ 85.68320816, 27.947212913633894 ], [ 85.683600372, 27.947212913633894 ], [ 85.683600372, 27.9461759679522 ], [ 85.683992584, 27.9461759679522 ], [ 85.683992584, 27.945139022270503 ], [ 85.684384796, 27.945139022270503 ], [ 85.684384796, 27.94341077946768 ], [ 85.68869912800001, 27.94341077946768 ], [ 85.68869912800001, 27.945484670831068 ], [ 85.68909134, 27.945484670831068 ], [ 85.68909134, 27.946521616512765 ], [ 85.689483552, 27.946521616512765 ], [ 85.689483552, 27.94686726507333 ], [ 85.690267976, 27.94686726507333 ], [ 85.690267976, 27.946521616512765 ], [ 85.69066018800001, 27.946521616512765 ], [ 85.69066018800001, 27.9461759679522 ], [ 85.691836824, 27.9461759679522 ], [ 85.691836824, 27.945830319391632 ], [ 85.69301346, 27.945830319391632 ], [ 85.69301346, 27.945484670831068 ], [ 85.693797884, 27.945484670831068 ], [ 85.693797884, 27.945139022270503 ], [ 85.694190096, 27.945139022270503 ], [ 85.694190096, 27.94341077946768 ], [ 85.703210972, 27.94341077946768 ], [ 85.703210972, 27.9461759679522 ], [ 85.703603184, 27.9461759679522 ], [ 85.703603184, 27.947558562194459 ], [ 85.70399539600001, 27.947558562194459 ], [ 85.70399539600001, 27.948595507876153 ], [ 85.704387608, 27.948595507876153 ], [ 85.704387608, 27.949632453557847 ], [ 85.70477982, 27.949632453557847 ], [ 85.70477982, 27.950323750678976 ], [ 85.705564244, 27.950323750678976 ], [ 85.705564244, 27.950669399239544 ], [ 85.70674088, 27.950669399239544 ], [ 85.70674088, 27.951015047800109 ], [ 85.707525304, 27.951015047800109 ], [ 85.707525304, 27.951706344921238 ], [ 85.707917516, 27.951706344921238 ], [ 85.707917516, 27.952397642042367 ], [ 85.708309728, 27.952397642042367 ], [ 85.708309728, 27.953088939163496 ], [ 85.70870194, 27.953088939163496 ], [ 85.70870194, 27.952743290602932 ], [ 85.709094152, 27.952743290602932 ], [ 85.709094152, 27.952051993481803 ], [ 85.709878576, 27.952051993481803 ], [ 85.709878576, 27.951706344921238 ], [ 85.710270788, 27.951706344921238 ], [ 85.710270788, 27.951360696360673 ], [ 85.71262406000001, 27.951360696360673 ], [ 85.71262406000001, 27.951706344921238 ], [ 85.713408484, 27.951706344921238 ], [ 85.713408484, 27.952051993481803 ], [ 85.714192908, 27.952051993481803 ], [ 85.714192908, 27.952397642042367 ], [ 85.71458512000001, 27.952397642042367 ], [ 85.71458512000001, 27.953088939163496 ], [ 85.714977332, 27.953088939163496 ], [ 85.714977332, 27.953780236284626 ], [ 85.715369544, 27.953780236284626 ], [ 85.715369544, 27.954817181966323 ], [ 85.715761756, 27.954817181966323 ], [ 85.715761756, 27.955854127648017 ], [ 85.716153968, 27.955854127648017 ], [ 85.716153968, 27.962421450298748 ], [ 85.71654618, 27.962421450298748 ], [ 85.71654618, 27.96449534166214 ], [ 85.716938392, 27.96449534166214 ], [ 85.716938392, 27.965532287343834 ], [ 85.717330604, 27.965532287343834 ], [ 85.717330604, 27.966914881586092 ], [ 85.717722816, 27.966914881586092 ], [ 85.717722816, 27.967260530146657 ], [ 85.718115028, 27.967260530146657 ], [ 85.718115028, 27.966914881586092 ], [ 85.718899452, 27.966914881586092 ], [ 85.718899452, 27.966569233025528 ], [ 85.7204683, 27.966569233025528 ], [ 85.7204683, 27.966223584464963 ], [ 85.720860512, 27.966223584464963 ], [ 85.720860512, 27.966569233025528 ], [ 85.72125272400001, 27.966569233025528 ], [ 85.72125272400001, 27.967260530146657 ], [ 85.720860512, 27.967260530146657 ], [ 85.720860512, 27.967606178707221 ], [ 85.7204683, 27.967606178707221 ], [ 85.7204683, 27.96795182726779 ], [ 85.719683876, 27.96795182726779 ], [ 85.719683876, 27.968643124388919 ], [ 85.719291664000011, 27.968643124388919 ], [ 85.719291664000011, 27.970025718631177 ], [ 85.719683876, 27.970025718631177 ], [ 85.719683876, 27.970371367191742 ], [ 85.720076088, 27.970371367191742 ], [ 85.720076088, 27.970717015752307 ], [ 85.7204683, 27.970717015752307 ], [ 85.7204683, 27.971408312873436 ], [ 85.720860512, 27.971408312873436 ], [ 85.720860512, 27.971753961434001 ], [ 85.72125272400001, 27.971753961434001 ], [ 85.72125272400001, 27.972099609994569 ], [ 85.721644936, 27.972099609994569 ], [ 85.721644936, 27.973136555676263 ], [ 85.722037148, 27.973136555676263 ], [ 85.722037148, 27.976938689842477 ], [ 85.721644936, 27.976938689842477 ], [ 85.721644936, 27.978321284084736 ], [ 85.72125272400001, 27.978321284084736 ], [ 85.72125272400001, 27.979358229766429 ], [ 85.720860512, 27.979358229766429 ], [ 85.720860512, 27.980740824008691 ], [ 85.7204683, 27.980740824008691 ], [ 85.7204683, 27.982469066811515 ], [ 85.720076088, 27.982469066811515 ], [ 85.720076088, 27.986962498098858 ], [ 85.719683876, 27.986962498098858 ], [ 85.719683876, 27.987653795219988 ], [ 85.713016272, 27.987653795219988 ], [ 85.713016272, 27.989382038022814 ], [ 85.713408484, 27.989382038022814 ], [ 85.713408484, 27.989727686583379 ], [ 85.714192908, 27.989727686583379 ], [ 85.714192908, 27.990073335143943 ], [ 85.718115028, 27.990073335143943 ], [ 85.718115028, 27.990418983704508 ], [ 85.71850724, 27.990418983704508 ], [ 85.71850724, 27.991455929386202 ], [ 85.718115028, 27.991455929386202 ], [ 85.718115028, 27.993529820749593 ], [ 85.717722816, 27.993529820749593 ], [ 85.717722816, 27.994221117870723 ], [ 85.71654618, 27.994221117870723 ], [ 85.71654618, 27.993529820749593 ], [ 85.716153968, 27.993529820749593 ], [ 85.716153968, 27.993184172189025 ], [ 85.715369544, 27.993184172189025 ], [ 85.715369544, 27.99283852362846 ], [ 85.713800696, 27.99283852362846 ], [ 85.713800696, 27.993184172189025 ], [ 85.713016272, 27.993184172189025 ], [ 85.713016272, 27.993875469310158 ], [ 85.71262406000001, 27.993875469310158 ], [ 85.71262406000001, 27.994912414991852 ], [ 85.712231848, 27.994912414991852 ], [ 85.712231848, 27.995603712112981 ], [ 85.711839636, 27.995603712112981 ], [ 85.711839636, 27.995949360673546 ], [ 85.710270788, 27.995949360673546 ], [ 85.710270788, 27.995603712112981 ], [ 85.709094152, 27.995603712112981 ], [ 85.709094152, 27.995258063552416 ], [ 85.707917516, 27.995258063552416 ], [ 85.707917516, 27.995949360673546 ], [ 85.707525304, 27.995949360673546 ], [ 85.707525304, 27.996640657794675 ], [ 85.707133092, 27.996640657794675 ], [ 85.707133092, 28.005973168929927 ], [ 85.707917516, 28.005973168929927 ], [ 85.707917516, 28.006318817490492 ], [ 85.709094152, 28.006318817490492 ], [ 85.709094152, 28.005973168929927 ], [ 85.709486364, 28.005973168929927 ], [ 85.709486364, 28.005627520369362 ], [ 85.709878576, 28.005627520369362 ], [ 85.709878576, 28.004590574687668 ], [ 85.710270788, 28.004590574687668 ], [ 85.710270788, 28.004244926127104 ], [ 85.710663, 28.004244926127104 ], [ 85.710663, 28.003899277566539 ], [ 85.711055212, 28.003899277566539 ], [ 85.711055212, 28.003553629005975 ], [ 85.711447424, 28.003553629005975 ], [ 85.711447424, 28.00320798044541 ], [ 85.711839636, 28.00320798044541 ], [ 85.711839636, 28.002516683324281 ], [ 85.711447424, 28.002516683324281 ], [ 85.711447424, 28.002171034763712 ], [ 85.710663, 28.002171034763712 ], [ 85.710663, 28.001825386203148 ], [ 85.710270788, 28.001825386203148 ], [ 85.710270788, 28.001479737642583 ], [ 85.709878576, 28.001479737642583 ], [ 85.709878576, 28.000788440521454 ], [ 85.709486364, 28.000788440521454 ], [ 85.709486364, 27.999060197718631 ], [ 85.709878576, 27.999060197718631 ], [ 85.709878576, 27.998368900597502 ], [ 85.710270788, 27.998368900597502 ], [ 85.710270788, 27.997677603476369 ], [ 85.710663, 27.997677603476369 ], [ 85.710663, 27.997331954915804 ], [ 85.713016272, 27.997331954915804 ], [ 85.713016272, 27.997677603476369 ], [ 85.714977332, 27.997677603476369 ], [ 85.714977332, 27.99698630635524 ], [ 85.715369544, 27.99698630635524 ], [ 85.715369544, 27.996640657794675 ], [ 85.715761756, 27.996640657794675 ], [ 85.715761756, 27.99629500923411 ], [ 85.716153968, 27.99629500923411 ], [ 85.716153968, 27.995949360673546 ], [ 85.71654618, 27.995949360673546 ], [ 85.71654618, 27.994912414991852 ], [ 85.716938392, 27.994912414991852 ], [ 85.716938392, 27.994566766431287 ], [ 85.717330604, 27.994566766431287 ], [ 85.717330604, 27.994912414991852 ], [ 85.718115028, 27.994912414991852 ], [ 85.718115028, 27.995258063552416 ], [ 85.71850724, 27.995258063552416 ], [ 85.71850724, 27.995603712112981 ], [ 85.718899452, 27.995603712112981 ], [ 85.718899452, 27.995949360673546 ], [ 85.719291664000011, 27.995949360673546 ], [ 85.719291664000011, 27.99629500923411 ], [ 85.720076088, 27.99629500923411 ], [ 85.720076088, 27.996640657794675 ], [ 85.720860512, 27.996640657794675 ], [ 85.720860512, 27.99698630635524 ], [ 85.72242936, 27.99698630635524 ], [ 85.72242936, 27.997331954915804 ], [ 85.723998208, 27.997331954915804 ], [ 85.723998208, 27.99975149483976 ], [ 85.72439042, 27.99975149483976 ], [ 85.72439042, 28.000788440521454 ], [ 85.724782632, 28.000788440521454 ], [ 85.724782632, 28.002171034763712 ], [ 85.72439042, 28.002171034763712 ], [ 85.72439042, 28.004244926127104 ], [ 85.723998208, 28.004244926127104 ], [ 85.723998208, 28.004936223248233 ], [ 85.723605996, 28.004936223248233 ], [ 85.723605996, 28.005627520369362 ], [ 85.723213784, 28.005627520369362 ], [ 85.723213784, 28.005973168929927 ], [ 85.723605996, 28.005973168929927 ], [ 85.723605996, 28.007010114611624 ], [ 85.723998208, 28.007010114611624 ], [ 85.723998208, 28.007355763172189 ], [ 85.72439042, 28.007355763172189 ], [ 85.72439042, 28.008738357414448 ], [ 85.723213784, 28.008738357414448 ], [ 85.723213784, 28.008392708853883 ], [ 85.722821572, 28.008392708853883 ], [ 85.722821572, 28.008047060293318 ], [ 85.722037148, 28.008047060293318 ], [ 85.722037148, 28.007701411732754 ], [ 85.720860512, 28.007701411732754 ], [ 85.720860512, 28.008047060293318 ], [ 85.720076088, 28.008047060293318 ], [ 85.720076088, 28.009084005975012 ], [ 85.7204683, 28.009084005975012 ], [ 85.7204683, 28.009775303096141 ], [ 85.720860512, 28.009775303096141 ], [ 85.720860512, 28.010120951656706 ], [ 85.721644936, 28.010120951656706 ], [ 85.721644936, 28.010812248777835 ], [ 85.722037148, 28.010812248777835 ], [ 85.722037148, 28.011157897338403 ], [ 85.721644936, 28.011157897338403 ], [ 85.721644936, 28.011503545898968 ], [ 85.72125272400001, 28.011503545898968 ], [ 85.72125272400001, 28.011849194459533 ], [ 85.7204683, 28.011849194459533 ], [ 85.7204683, 28.012194843020097 ], [ 85.719683876, 28.012194843020097 ], [ 85.719683876, 28.012540491580662 ], [ 85.719291664000011, 28.012540491580662 ], [ 85.719291664000011, 28.012886140141227 ], [ 85.718899452, 28.012886140141227 ], [ 85.718899452, 28.013231788701791 ], [ 85.71850724, 28.013231788701791 ], [ 85.71850724, 28.014268734383485 ], [ 85.718115028, 28.014268734383485 ], [ 85.718115028, 28.016688274307441 ], [ 85.717722816, 28.016688274307441 ], [ 85.717722816, 28.017033922868006 ], [ 85.717330604, 28.017033922868006 ], [ 85.717330604, 28.01737957142857 ], [ 85.716938392, 28.01737957142857 ], [ 85.716938392, 28.017725219989135 ], [ 85.71654618, 28.017725219989135 ], [ 85.71654618, 28.018416517110264 ], [ 85.716153968, 28.018416517110264 ], [ 85.716153968, 28.019453462791958 ], [ 85.715761756, 28.019453462791958 ], [ 85.715761756, 28.020490408473655 ], [ 85.715369544, 28.020490408473655 ], [ 85.715369544, 28.02083605703422 ], [ 85.714977332, 28.02083605703422 ], [ 85.714977332, 28.021181705594785 ], [ 85.713800696, 28.021181705594785 ], [ 85.713800696, 28.02083605703422 ], [ 85.713408484, 28.02083605703422 ], [ 85.713408484, 28.020144759913091 ], [ 85.713016272, 28.020144759913091 ], [ 85.713016272, 28.019453462791958 ], [ 85.71262406000001, 28.019453462791958 ], [ 85.71262406000001, 28.0180708685497 ], [ 85.712231848, 28.0180708685497 ], [ 85.712231848, 28.01737957142857 ], [ 85.711839636, 28.01737957142857 ], [ 85.711839636, 28.017033922868006 ], [ 85.711447424, 28.017033922868006 ], [ 85.711447424, 28.015996977186312 ], [ 85.711839636, 28.015996977186312 ], [ 85.711839636, 28.015651328625747 ], [ 85.712231848, 28.015651328625747 ], [ 85.712231848, 28.015305680065183 ], [ 85.71262406000001, 28.015305680065183 ], [ 85.71262406000001, 28.014960031504614 ], [ 85.713408484, 28.014960031504614 ], [ 85.713408484, 28.01461438294405 ], [ 85.714192908, 28.01461438294405 ], [ 85.714192908, 28.014268734383485 ], [ 85.715369544, 28.014268734383485 ], [ 85.715369544, 28.013577437262356 ], [ 85.71458512000001, 28.013577437262356 ], [ 85.71458512000001, 28.013231788701791 ], [ 85.714192908, 28.013231788701791 ], [ 85.714192908, 28.013577437262356 ], [ 85.710270788, 28.013577437262356 ], [ 85.710270788, 28.01392308582292 ], [ 85.709094152, 28.01392308582292 ], [ 85.709094152, 28.014268734383485 ], [ 85.70870194, 28.014268734383485 ], [ 85.70870194, 28.01461438294405 ], [ 85.708309728, 28.01461438294405 ], [ 85.708309728, 28.014960031504614 ], [ 85.707917516, 28.014960031504614 ], [ 85.707917516, 28.015305680065183 ], [ 85.707525304, 28.015305680065183 ], [ 85.707525304, 28.015996977186312 ], [ 85.707133092, 28.015996977186312 ], [ 85.707133092, 28.016688274307441 ], [ 85.70674088, 28.016688274307441 ], [ 85.70674088, 28.017033922868006 ], [ 85.706348668, 28.017033922868006 ], [ 85.706348668, 28.017725219989135 ], [ 85.70595645600001, 28.017725219989135 ], [ 85.70595645600001, 28.018416517110264 ], [ 85.705564244, 28.018416517110264 ], [ 85.705564244, 28.019453462791958 ], [ 85.704387608, 28.019453462791958 ], [ 85.704387608, 28.019107814231393 ], [ 85.701642124, 28.019107814231393 ], [ 85.701642124, 28.020144759913091 ], [ 85.701249912, 28.020144759913091 ], [ 85.701249912, 28.021181705594785 ], [ 85.7008577, 28.021181705594785 ], [ 85.7008577, 28.021873002715914 ], [ 85.700465488, 28.021873002715914 ], [ 85.700465488, 28.022218651276479 ], [ 85.700073276, 28.022218651276479 ], [ 85.700073276, 28.022564299837043 ], [ 85.699288852, 28.022564299837043 ], [ 85.699288852, 28.022909948397608 ], [ 85.69889664, 28.022909948397608 ], [ 85.69889664, 28.023255596958172 ], [ 85.698112216, 28.023255596958172 ], [ 85.698112216, 28.023601245518737 ], [ 85.697720004, 28.023601245518737 ], [ 85.697720004, 28.023946894079302 ], [ 85.69732779200001, 28.023946894079302 ], [ 85.69732779200001, 28.02429254263987 ], [ 85.69693558, 28.02429254263987 ], [ 85.69693558, 28.024638191200435 ], [ 85.696543368, 28.024638191200435 ], [ 85.696543368, 28.025329488321564 ], [ 85.696151156, 28.025329488321564 ], [ 85.696151156, 28.025675136882128 ], [ 85.695758944, 28.025675136882128 ], [ 85.695758944, 28.026712082563822 ], [ 85.695366732000011, 28.026712082563822 ], [ 85.695366732000011, 28.028094676806081 ], [ 85.694190096, 28.028094676806081 ], [ 85.694190096, 28.028440325366649 ], [ 85.693405672, 28.028440325366649 ], [ 85.693405672, 28.028785973927214 ], [ 85.69301346, 28.028785973927214 ], [ 85.69301346, 28.029131622487778 ], [ 85.692229036, 28.029131622487778 ], [ 85.692229036, 28.029477271048343 ], [ 85.68909134, 28.029477271048343 ], [ 85.68909134, 28.029822919608907 ], [ 85.686345856, 28.029822919608907 ] ], [ [ 85.711447424, 27.992492875067896 ], [ 85.711839636, 27.992492875067896 ], [ 85.711839636, 27.992147226507331 ], [ 85.712231848, 27.992147226507331 ], [ 85.712231848, 27.991801577946767 ], [ 85.711055212, 27.991801577946767 ], [ 85.711055212, 27.992147226507331 ], [ 85.711447424, 27.992147226507331 ], [ 85.711447424, 27.992492875067896 ] ], [ [ 85.681639312, 27.984888606735467 ], [ 85.68320816, 27.984888606735467 ], [ 85.68320816, 27.984542958174902 ], [ 85.683600372, 27.984542958174902 ], [ 85.683600372, 27.984197309614338 ], [ 85.683992584, 27.984197309614338 ], [ 85.683992584, 27.983851661053773 ], [ 85.684384796, 27.983851661053773 ], [ 85.684384796, 27.983160363932644 ], [ 85.683992584, 27.983160363932644 ], [ 85.683992584, 27.982469066811515 ], [ 85.683600372, 27.982469066811515 ], [ 85.683600372, 27.98212341825095 ], [ 85.681639312, 27.98212341825095 ], [ 85.681639312, 27.984888606735467 ] ], [ [ 85.681639312, 27.972790907115698 ], [ 85.68320816, 27.972790907115698 ], [ 85.68320816, 27.971753961434001 ], [ 85.681639312, 27.971753961434001 ], [ 85.681639312, 27.972790907115698 ] ], [ [ 85.67928604, 27.967606178707221 ], [ 85.681639312, 27.967606178707221 ], [ 85.681639312, 27.962767098859313 ], [ 85.67928604, 27.962767098859313 ], [ 85.67928604, 27.963112747419878 ], [ 85.678893828, 27.963112747419878 ], [ 85.678893828, 27.963458395980446 ], [ 85.678501616, 27.963458395980446 ], [ 85.678501616, 27.966914881586092 ], [ 85.678893828, 27.966914881586092 ], [ 85.678893828, 27.967260530146657 ], [ 85.67928604, 27.967260530146657 ], [ 85.67928604, 27.967606178707221 ] ], [ [ 85.676540556, 27.961384504617055 ], [ 85.676932768, 27.961384504617055 ], [ 85.676932768, 27.96103885605649 ], [ 85.676540556, 27.96103885605649 ], [ 85.676540556, 27.961384504617055 ] ] ] } },
{ "type": "Feature", "properties": { "area_m2": 1328977.1266628744, "lat": 27.946942046658442, "lon": 85.303134008896507 }, "geometry": { "type": "Polygon", "coordinates": [ [ [ 85.299232612, 27.951706344921238 ], [ 85.299232612, 27.951360696360673 ], [ 85.2988404, 27.951360696360673 ], [ 85.2988404, 27.951015047800109 ], [ 85.298448188, 27.951015047800109 ], [ 85.298448188, 27.950323750678976 ], [ 85.298055976, 27.950323750678976 ], [ 85.298055976, 27.949978102118411 ], [ 85.297663764, 27.949978102118411 ], [ 85.297663764, 27.949632453557847 ], [ 85.29687934, 27.949632453557847 ], [ 85.29687934, 27.949286804997282 ], [ 85.296094916, 27.949286804997282 ], [ 85.296094916, 27.948941156436717 ], [ 85.29491828, 27.948941156436717 ], [ 85.29491828, 27.948595507876153 ], [ 85.290603948, 27.948595507876153 ], [ 85.290603948, 27.948249859315588 ], [ 85.290211736, 27.948249859315588 ], [ 85.290211736, 27.947904210755024 ], [ 85.289819524, 27.947904210755024 ], [ 85.289819524, 27.947558562194459 ], [ 85.289427312, 27.947558562194459 ], [ 85.289427312, 27.947212913633894 ], [ 85.289819524, 27.947212913633894 ], [ 85.289819524, 27.946521616512765 ], [ 85.290211736, 27.946521616512765 ], [ 85.290211736, 27.9461759679522 ], [ 85.290603948, 27.9461759679522 ], [ 85.290603948, 27.945830319391632 ], [ 85.292172796, 27.945830319391632 ], [ 85.292172796, 27.945484670831068 ], [ 85.298055976, 27.945484670831068 ], [ 85.298055976, 27.945139022270503 ], [ 85.2988404, 27.945139022270503 ], [ 85.2988404, 27.944793373709938 ], [ 85.299232612, 27.944793373709938 ], [ 85.299232612, 27.94341077946768 ], [ 85.305900216, 27.94341077946768 ], [ 85.305900216, 27.945139022270503 ], [ 85.306292428, 27.945139022270503 ], [ 85.306292428, 27.945484670831068 ], [ 85.307861276, 27.945484670831068 ], [ 85.307861276, 27.945139022270503 ], [ 85.308253488, 27.945139022270503 ], [ 85.308253488, 27.944793373709938 ], [ 85.3086457, 27.944793373709938 ], [ 85.3086457, 27.94341077946768 ], [ 85.313744456, 27.94341077946768 ], [ 85.313744456, 27.945484670831068 ], [ 85.314136668, 27.945484670831068 ], [ 85.314136668, 27.945830319391632 ], [ 85.31452888, 27.945830319391632 ], [ 85.31452888, 27.946521616512765 ], [ 85.314921092, 27.946521616512765 ], [ 85.314921092, 27.94686726507333 ], [ 85.315313304, 27.94686726507333 ], [ 85.315313304, 27.947904210755024 ], [ 85.314136668, 27.947904210755024 ], [ 85.314136668, 27.948249859315588 ], [ 85.313352244, 27.948249859315588 ], [ 85.313352244, 27.948595507876153 ], [ 85.309430124, 27.948595507876153 ], [ 85.309430124, 27.948941156436717 ], [ 85.3086457, 27.948941156436717 ], [ 85.3086457, 27.949286804997282 ], [ 85.308253488, 27.949286804997282 ], [ 85.308253488, 27.949632453557847 ], [ 85.307861276, 27.949632453557847 ], [ 85.307861276, 27.949978102118411 ], [ 85.307469064, 27.949978102118411 ], [ 85.307469064, 27.950323750678976 ], [ 85.305900216, 27.950323750678976 ], [ 85.305900216, 27.949978102118411 ], [ 85.305508004, 27.949978102118411 ], [ 85.305508004, 27.949632453557847 ], [ 85.304331368, 27.949632453557847 ], [ 85.304331368, 27.949286804997282 ], [ 85.30315473200001, 27.949286804997282 ], [ 85.30315473200001, 27.949632453557847 ], [ 85.302370308, 27.949632453557847 ], [ 85.302370308, 27.949978102118411 ], [ 85.301978096, 27.949978102118411 ], [ 85.301978096, 27.950323750678976 ], [ 85.301585884, 27.950323750678976 ], [ 85.301585884, 27.951015047800109 ], [ 85.301193672, 27.951015047800109 ], [ 85.301193672, 27.951360696360673 ], [ 85.30080146, 27.951360696360673 ], [ 85.30080146, 27.951706344921238 ], [ 85.299232612, 27.951706344921238 ] ] ] } }
]
}
